school_name,web_domain,type,last_visited,status,sources,years_registered,confidence,reason,final_domain,language
UNIAENE - Adventist University Teaching Center of the Northeast,adventista.edu.br,university/college,2026-09-16,Inaccessible,wikidata:P856,25,,,,
Faculdade Integrada Tiradentes,al.unit.br,university/college,2026-09-18,Inaccessible,wikidata:P856,28,0,unreachable-dns,,
Faculdade Nova Roma,aldivanolopes.com.br,university/college,2026-09-18,Inaccessible,redirect:faculdadenovaroma.com.br,2,,,,
Cruzeiro do Sul University,aluno.cruzeirodosul.edu.br,university/college,2026-10-06,Inaccessible,hipo:2026-09-20;hipo:2026-09-21;hipo:2026-09-22;hipo:2026-09-23;hipo:2026-09-24;hipo:2026-09-25;hipo:2026-09-26;hipo:2026-09-27;hipo:2026-09-28;hipo:2026-09-29;hipo:2026-09-30;hipo:2026-10-01;hipo:2026-10-02;hipo:2026-10-03;hipo:2026-10-04;hipo:2026-10-05;hipo:2026-10-06;hipo:2026-10-07;hipo:2026-10-08,18,0,unreachable-dns,aluno.cruzeirodosul.edu.br,
Federal Institute of Education,aluno.ifsp.edu.br,university/college,2026-10-06,Inaccessible,hipo:2026-09-20;hipo:2026-09-21;hipo:2026-09-22;hipo:2026-09-23;hipo:2026-09-24;hipo:2026-09-25;hipo:2026-09-26;hipo:2026-09-27;hipo:2026-09-28;hipo:2026-09-29;hipo:2026-09-30;hipo:2026-10-01;hipo:2026-10-02;hipo:2026-10-03;hipo:2026-10-04;hipo:2026-10-05;hipo:2026-10-06;hipo:2026-10-07;hipo:2026-10-08,17,0,fetch-error:SSLError,aluno.ifsp.edu.br,
Faculdade América Latina,americalatina.edu.br,university/college,2026-09-16,Inaccessible,wikidata:P856,16,,,,
Escola Nacional Florestan Fernandes,amigosenff.org.br,university/college,2026-09-16,Active,wikidata:P856,16,,,,
Faculdade Teológica Batista Ana Wollerman,anawollerman.com.br,university/college,2026-09-18,Inaccessible,wikidata:P856,22,,,,
Universidade Bandeirante de São Paulo,anhanguera.com,university/college,2026-09-20,Inaccessible,redirect:uniban.br,21,,,,
Universidade Anhembi Morumbi,anhembi.br,university/college,2026-09-26,Active,osm:BR-Saopaulo;deqar:2026-09-16;hipo:2026-09-20;hipo:2026-09-21;hipo:2026-09-22;hipo:2026-09-23;hipo:2026-09-24;hipo:2026-09-25;hipo:2026-09-26;hipo:2026-09-27;hipo:2026-09-28;hipo:2026-09-29;hipo:2026-09-30;hipo:2026-10-01;hipo:2026-10-02;hipo:2026-10-03;hipo:2026-10-04;hipo:2026-10-05;hipo:2026-10-06;hipo:2026-10-07;hipo:2026-10-08,30,100,http-2xx-html+multi-source+schema.org-edu+edu-keywords+structure+substantial-content,portal.anhembi.br,pt
Escola de Arquitetura da Universidade Federal de Minas Gerais,arq.ufmg.br,university/college,2026-09-16,Inaccessible,wikidata:P856,30,,,,
São Paulo State University (Assis),assis.unesp.br,university/college,2026-10-07,Inaccessible,wikidata:P856,30,0,unreachable-dns,assis.unesp.br,
Faculdade América Latina,atitus.edu.br,university/college,2026-09-16,Active,redirect:americalatina.edu.br,4,,,,
Bahiana School of Medicine and Public Health,bahiana.edu.br,university/college,2026-09-16,Active,wikidata:P856,19,,,,
Escola de Idiomas Bahnhof,bahnhof.com.br,university/college,2026-09-26,Inaccessible,osm:BR-Saopaulo,22,0,fetch-error:SSLError,bahnhof.com.br,
Centro Universitário Barao de Maua,baraodemaua.br,university/college,2026-09-20,Active,hipo:2026-09-17;hipo:2026-09-18;hipo:2026-09-19;hipo:2026-09-20;hipo:2026-09-21;hipo:2026-09-22;hipo:2026-09-23;hipo:2026-09-24;hipo:2026-09-25;hipo:2026-09-26;hipo:2026-09-27;hipo:2026-09-28;hipo:2026-09-29;hipo:2026-09-30;hipo:2026-10-01;hipo:2026-10-02;hipo:2026-10-03;hipo:2026-10-04;hipo:2026-10-05;hipo:2026-10-06;hipo:2026-10-07;hipo:2026-10-08,27,,,,
São Paulo State University (Bauru),bauru.unesp.br,university/college,2026-10-07,Inaccessible,wikidata:P856,30,0,unreachable-dns,bauru.unesp.br,
Universidade Braz Cubas,brazcubas.br,university/college,2026-09-20,Inaccessible,hipo:2026-09-17;hipo:2026-09-18;hipo:2026-09-19;hipo:2026-09-20;hipo:2026-09-21;hipo:2026-09-22;hipo:2026-09-23;wikidata:P856;hipo:2026-09-24;hipo:2026-09-25;hipo:2026-09-26;hipo:2026-09-27;hipo:2026-09-28;hipo:2026-09-29;hipo:2026-09-30;hipo:2026-10-01;hipo:2026-10-02;hipo:2026-10-03;hipo:2026-10-04;hipo:2026-10-05;hipo:2026-10-06;hipo:2026-10-07;hipo:2026-10-08,28,,,,
Business School São Paulo,bsp.edu.br,university/college,2026-09-26,Active,osm:BR-Saopaulo,22,60,http-2xx-html+edu-keywords+trusted-suffix+substantial-content,bsp.edu.br,pt-br
Faculdade Campo Real,camporeal.edu.br,university/college,2026-09-17,Inaccessible,wikidata:P856,25,,,,
Universidade Candido Mendes,candidomendes.br,university/college,2026-09-20,Inaccessible,hipo:2026-09-17;hipo:2026-09-18;hipo:2026-09-19;hipo:2026-09-20;hipo:2026-09-21;hipo:2026-09-22;hipo:2026-09-23;hipo:2026-09-24;hipo:2026-09-25;hipo:2026-09-26;hipo:2026-09-27;hipo:2026-09-28;hipo:2026-09-29;hipo:2026-09-30;hipo:2026-10-01;hipo:2026-10-02;hipo:2026-10-03;hipo:2026-10-04;hipo:2026-10-05;hipo:2026-10-06;hipo:2026-10-07;hipo:2026-10-08,30,,,,
Universidade Castelo Branco,castelobranco.br,university/college,2026-09-20,Inaccessible,hipo:2026-09-17;hipo:2026-09-18;hipo:2026-09-19;hipo:2026-09-20;hipo:2026-09-21;hipo:2026-09-22;hipo:2026-09-23;wikidata:P856;hipo:2026-09-24;hipo:2026-09-25;hipo:2026-09-26;hipo:2026-09-27;hipo:2026-09-28;hipo:2026-09-29;hipo:2026-09-30;hipo:2026-10-01;hipo:2026-10-02;hipo:2026-10-03;hipo:2026-10-04;hipo:2026-10-05;hipo:2026-10-06;hipo:2026-10-07;hipo:2026-10-08,30,,,,
Faculdade Católica do Tocantins,catolica-to.edu.br,university/college,2026-09-17,Inaccessible,wikidata:P856,23,0,unreachable-dns,,
Faculdade Católica do Ceará,catolicaceara.edu.br,university/college,2026-09-17,Inaccessible,wikidata:P856,20,,,,
Faculdade Católica Dom Orione,catolicaorione.edu.br,university/college,2026-09-17,Inaccessible,wikidata:P856,18,,,,
Curso de Ciências Moleculares,cecm.usp.br,university/college,2026-09-25,Active,osm:BR-Saopaulo,30,50,http-2xx-html+edu-keywords+substantial-content,cecm.usp.br,pt
Centro Universitário Claretiano,claretiano.edu.br,university/college,2026-09-20,Active,hipo:2026-09-17;hipo:2026-09-18;hipo:2026-09-19;hipo:2026-09-20;hipo:2026-09-21;hipo:2026-09-22;hipo:2026-09-23;hipo:2026-09-24;hipo:2026-09-25;hipo:2026-09-26;hipo:2026-09-27;hipo:2026-09-28;hipo:2026-09-29;hipo:2026-09-30;hipo:2026-10-01;hipo:2026-10-02;hipo:2026-10-03;hipo:2026-10-04;hipo:2026-10-05;hipo:2026-10-06;hipo:2026-10-07;hipo:2026-10-08,25,,,,
Escola Superior de Ciências Sociais,cpdoc.fgv.br,university/college,2026-09-16,Inaccessible,wikidata:P856,29,,,,
Centro de Educação Profissional em Tecnologia da Informação de Petrópolis,cptipetropolis.net.br,university/college,2026-10-06,Inaccessible,ror:api-p48,,0,unreachable-dns,cptipetropolis.net.br,
Centro Regional Universitário de Espiríto Santo do Pinhal,creupi.br,university/college,2026-09-20,Inaccessible,hipo:2026-09-17;hipo:2026-09-18;hipo:2026-09-19;hipo:2026-09-20;hipo:2026-09-21;hipo:2026-09-22;hipo:2026-09-23;hipo:2026-09-24;hipo:2026-09-25;hipo:2026-09-26;hipo:2026-09-27;hipo:2026-09-28;hipo:2026-09-29;hipo:2026-09-30;hipo:2026-10-01;hipo:2026-10-02;hipo:2026-10-03;hipo:2026-10-04;hipo:2026-10-05;hipo:2026-10-06;hipo:2026-10-07;hipo:2026-10-08,27,,,,
Centro Social Santa Luzia,cssantaluzia.org.br,k-12,2026-09-25,Inaccessible,osm:BR-Saopaulo,18,5,http-403,cssantaluzia.org.br,
Yes!,cursoyes.com.br,university/college,2026-09-25,Inaccessible,osm:BR-Saopaulo,27,0,unreachable-dns,cursoyes.com.br,
Universidade Federal de Minas Gerais,dcc.ufmg.br,university/college,2026-09-20,Active,hipo:2026-09-17;hipo:2026-09-18;hipo:2026-09-19;hipo:2026-09-20;hipo:2026-09-21;hipo:2026-09-22;hipo:2026-09-23;hipo:2026-09-24;hipo:2026-09-25;hipo:2026-09-26;hipo:2026-09-27;hipo:2026-09-28;hipo:2026-09-29;hipo:2026-09-30;hipo:2026-10-01;hipo:2026-10-02;hipo:2026-10-03;hipo:2026-10-04;hipo:2026-10-05;hipo:2026-10-06;hipo:2026-10-07;hipo:2026-10-08,30,,,,
DeRose Method Casa Paulista,derosecasapaulista.org,university/college,2026-09-25,Inaccessible,osm:BR-Saopaulo,,0,unreachable-dns,derosecasapaulista.org,
METROCAMP,devrybrasil.edu.br,university/college,2026-10-07,Inaccessible,wikidata:P856,13,0,unreachable-dns,devrybrasil.edu.br,
Faculdade Dom Alberto,domalberto.edu.br,university/college,2026-09-17,Active,wikidata:P856,20,,,,
Escola de Administração de Empresas de São Paulo,eaesp.fgv.br,university/college,2026-09-16,Active,wikidata:P856,29,,,,
National School of Fine Arts,eba.ufrj.br,university/college,2026-09-16,Active,wikidata:P856,30,,,,
Escola de Comunicações e Artes da Universidade de São Paulo,eca.usp.br,university/college,2026-09-16,Active,wikidata:P856,30,,,,
Polytechnic University of Pernambuco,ecomp.poli.br,university/college,2026-10-05,Active,hipo:2026-09-20;hipo:2026-09-21;hipo:2026-09-22;hipo:2026-09-23;hipo:2026-09-24;hipo:2026-09-25;hipo:2026-09-26;hipo:2026-09-27;hipo:2026-09-28;hipo:2026-09-29;hipo:2026-09-30;hipo:2026-10-01;hipo:2026-10-02;hipo:2026-10-03;hipo:2026-10-04;hipo:2026-10-05;hipo:2026-10-06;hipo:2026-10-07;hipo:2026-10-08,29,80,http-2xx-html+multi-source+edu-keywords+substantial-content,ecomp.poli.br,pt-br
School of Engineering of São Carlos of the University of São Paulo,eesc.usp.br,university/college,2026-09-16,Active,wikidata:P856,30,,,,
Wenceslau Braz Nursing School,eewb.br,university/college,2026-09-16,Inaccessible,wikidata:P856,27,,,,
Colégio Elvira Brandão,elvirabrandao.com.br,k-12,2026-09-25,Active,osm:BR-Saopaulo,29,50,http-2xx-html+edu-keywords+substantial-content,elvirabrandao.com.br,pt-br
Escola de Música e Belas Artes do Paraná,embap.pr.gov.br,university/college,2026-09-16,Inaccessible,wikidata:P856,30,0,unreachable-dns,,
Escola Superior de Ciências da Santa Casa de Misericórdia de Vitória,emescam.br,university/college,2026-09-16,Active,wikidata:P856;hipo:2026-09-17;hipo:2026-09-18;hipo:2026-09-19;hipo:2026-09-20;hipo:2026-09-21;hipo:2026-09-22;hipo:2026-09-23;hipo:2026-09-24;hipo:2026-09-25;hipo:2026-09-26;hipo:2026-09-27;hipo:2026-09-28;hipo:2026-09-29;hipo:2026-09-30;hipo:2026-10-01;hipo:2026-10-02;hipo:2026-10-03;hipo:2026-10-04;hipo:2026-10-05;hipo:2026-10-06;hipo:2026-10-07;hipo:2026-10-08,28,,,,
Universidade Federal de Santa Catarina,en.ufsc.br,university/college,2026-09-18,Active,openalex:page20,30,,,,
Escola Nacional de Ciências Estatísticas,ence.ibge.gov.br,university/college,2026-09-16,Active,wikidata:P856,30,,,,
Faculdade ENIAC,eniac.com.br,university/college,2026-09-24,Inaccessible,osm:BR-Saopaulo;wikidata:P856,24,40,moved-to:eniac.edu.br,eniac.edu.br,pt-br
Faculdade ENIAC,eniac.edu.br,university/college,2026-09-24,Active,redirect:eniac.com.br,22,60,http-2xx-html+edu-keywords+structure+substantial-content,eniac.edu.br,pt-br
Universidade Federal de São Paulo,epm.br,university/college,2026-09-20,Inaccessible,hipo:2026-09-17;hipo:2026-09-18;hipo:2026-09-19;hipo:2026-09-20;hipo:2026-09-21;hipo:2026-09-22;hipo:2026-09-23;hipo:2026-09-24;hipo:2026-09-25;hipo:2026-09-26;hipo:2026-09-27;hipo:2026-09-28;hipo:2026-09-29;hipo:2026-09-30;hipo:2026-10-01;hipo:2026-10-02;hipo:2026-10-03;hipo:2026-10-04;hipo:2026-10-05;hipo:2026-10-06;hipo:2026-10-07;hipo:2026-10-08,30,0,unreachable-dns,,
Non-Commissioned Officer Academy,esa.eb.mil.br,university/college,2026-09-16,Inaccessible,wikidata:P856,30,,,,
Open University of Brazil,esab.edu.br,university/college,2026-09-16,Active,wikidata:P856,21,,,,
Escola Superior de Administração e Gestão,esags.edu.br,university/college,2026-09-16,Inaccessible,wikidata:P856,19,,,,
Escola Superior Batista do Amazonas,esbam.edu.br,university/college,2026-09-16,Active,wikidata:P856,21,,,,
Escola da Cidade,escoladacidade.edu.br,university/college,2026-09-16,Active,redirect:escoladacidade.org,23,,,,
Escola da Cidade,escoladacidade.org,university/college,2026-09-16,Inaccessible,wikidata:P856,12,,,,
Escola Técnica Estadual de Teatro Martins Penna,escoladeteatromartinspenna.com.br,university/college,2026-09-16,Inaccessible,wikidata:P856,8,,,,
Escola Mais,escolamais.com,k-12,2026-09-24,Active,osm:BR-Saopaulo,10,60,http-2xx-html+edu-keywords+structure+substantial-content,escolamais.com,pt
Escola Superior de Ciências da Saúde,escs.edu.br,university/college,2026-09-16,Inaccessible,wikidata:P856,19,0,unreachable-dns,,
Escola de Saúde e Formação Complementar do Exército,esfcex.eb.mil.br,university/college,2026-09-16,Inaccessible,wikidata:P856,30,,,,
Escola Superior Madre Celeste,esmac.com.br,university/college,2026-09-16,Inaccessible,wikidata:P856,24,,,,
Escola de Saúde Pública do Ceará,esp.ce.gov.br,university/college,2026-09-16,Inaccessible,wikidata:P856,30,,,,
Escola Superior de Teologia,est.edu.br,university/college,2026-09-16,Inaccessible,wikidata:P856,19,,,,
Universidade Estácio de Sá,estacio.br,university/college,2026-09-20,Active,hipo:2026-09-17;hipo:2026-09-18;hipo:2026-09-19;hipo:2026-09-20;hipo:2026-09-21;hipo:2026-09-22;hipo:2026-09-23;hipo:2026-09-24;hipo:2026-09-25;hipo:2026-09-26;hipo:2026-09-27;hipo:2026-09-28;hipo:2026-09-29;hipo:2026-09-30;hipo:2026-10-01;hipo:2026-10-02;hipo:2026-10-03;hipo:2026-10-04;hipo:2026-10-05;hipo:2026-10-06;hipo:2026-10-07;hipo:2026-10-08,30,,,,
"Escola Superior de Teologia e Espiritualidade Franciscana (Porto Alegre, Rio Grande do Sul, Brazil)",estef.edu.br,university/college,2026-09-16,Inaccessible,wikidata:P856,21,,,,
Escola Superior de Criciúma - Esucri,esucri.com.br,university/college,2026-09-16,Active,wikidata:P856,26,,,,
Escola de Estudos Superiores de Viçosa,esuv.com.br,university/college,2026-09-16,Inaccessible,wikidata:P856,24,,,,
Francisco Moreira da Costa Technical School of Electronics,etefmc.com.br,university/college,2026-09-16,Active,wikidata:P856,24,,,,
FAAP - Fundação Armando Alvares Penteado,faap.br,university/college,2026-09-20,Inaccessible,hipo:2026-09-17;hipo:2026-09-18;hipo:2026-09-19;hipo:2026-09-20;hipo:2026-09-21;hipo:2026-09-22;hipo:2026-09-23;hipo:2026-09-24;hipo:2026-09-25;hipo:2026-09-26;hipo:2026-09-27;hipo:2026-09-28;hipo:2026-09-29;hipo:2026-09-30;hipo:2026-10-01;hipo:2026-10-02;hipo:2026-10-03;hipo:2026-10-04;hipo:2026-10-05;hipo:2026-10-06;hipo:2026-10-07;hipo:2026-10-08,30,,,,
Faculdade de Belém,fabelnet.com.br,university/college,2026-09-18,Inaccessible,wikidata:P856,22,,,,
Faculdade Batista do Rio de Janeiro,faberj.edu.br,university/college,2026-09-17,Active,wikidata:P856,15,,,,
Faculdade Béthencourt da Silva,fabes.com.br,university/college,2026-09-17,Inaccessible,wikidata:P856,3,,,,
Faculdade Paranaense,faccar.com.br,university/college,2026-09-18,Active,wikidata:P856,27,,,,
Centro Universitário Facens - UniFACENS,facens.br,university/college,2026-10-06,Active,hipo:2026-09-20;hipo:2026-09-21;hipo:2026-09-22;hipo:2026-09-23;hipo:2026-09-24;hipo:2026-09-25;hipo:2026-09-26;hipo:2026-09-27;hipo:2026-09-28;hipo:2026-09-29;hipo:2026-09-30;hipo:2026-10-01;hipo:2026-10-02;hipo:2026-10-03;hipo:2026-10-04;hipo:2026-10-05;hipo:2026-10-06;hipo:2026-10-07;hipo:2026-10-08,29,90,http-2xx-html+multi-source+edu-keywords+structure+substantial-content,facens.br,pt-br
Faculdade Cenecista Nossa Senhora dos Anjos,facensa.edu.br,university/college,2026-09-17,Inaccessible,wikidata:P856,16,,,,
Faculdade Ceres,faceres.com.br,university/college,2026-09-17,Active,wikidata:P856,18,,,,
"Unidade Baiana de Ensino, Pesquisa e Extensão",faciip.com.br,university/college,2026-10-07,Active,wikidata:P856,8,50,http-2xx-html+edu-keywords+structure,faciip.com.br,pt-br
Faculdade Internacional de Curitiba,facinter.br,university/college,2026-09-18,Inaccessible,wikidata:P856,26,,,,
Faculdade Politécnica de Uberlândia,facpoli.edu.br,university/college,2026-09-18,Inaccessible,wikidata:P856,22,,,,
Faculdade São Paulo,facsaopaulo.edu.br,university/college,2026-09-18,Inaccessible,wikidata:P856,15,0,unreachable-dns,,
Faculdade Araguaia,faculdadearaguaia.edu.br,university/college,2026-09-16,Inaccessible,wikidata:P856,21,,,,
Faculdade Padre João Bagozzi,faculdadebagozzi.edu.br,university/college,2026-09-18,Inaccessible,wikidata:P856,20,,,,
Faculdade Baiana de Direito,faculdadebaianadedireito.com.br,university/college,2026-09-17,Active,wikidata:P856,19,,,,
Faculdade Ccaa,faculdadeccaa.edu.com.br,university/college,2026-09-17,Inaccessible,wikidata:P856,,0,unreachable-dns,,
School of the Americas (Brazil),faculdadedasamericas.com,university/college,2026-09-18,Inaccessible,wikidata:P856,23,0,unreachable-dns,,
Faculdade Dom Bosco,faculdadedombosco.edu.br,university/college,2026-10-05,Inaccessible,hipo:2026-09-20;hipo:2026-09-21;hipo:2026-09-22;hipo:2026-09-23;hipo:2026-09-24;hipo:2026-09-25;hipo:2026-09-26;hipo:2026-09-27;hipo:2026-09-28;hipo:2026-09-29;hipo:2026-09-30;hipo:2026-10-01;hipo:2026-10-02;hipo:2026-10-03;hipo:2026-10-04;hipo:2026-10-05;hipo:2026-10-06;hipo:2026-10-07;hipo:2026-10-08,23,40,moved-to:faculdadedombosco.net,faculdadedombosco.net,pt
Faculdade Dom Bosco,faculdadedombosco.net,university/college,2026-10-05,Active,redirect:faculdadedombosco.edu.br,8,50,http-2xx-html+edu-keywords+substantial-content,faculdadedombosco.net,pt
Faculdade Fernão Dias,faculdadefernaodias.edu.br,university/college,2026-09-17,Inaccessible,wikidata:P856,25,,,,
Faculdade Ideal,faculdadeideal.com.br,university/college,2026-09-17,Active,wikidata:P856,23,,,,
Faculdade Mundial,faculdademundial.edu.br,university/college,2026-09-24,Inaccessible,osm:BR-Saopaulo,14,0,fetch-error:ConnectionError,faculdademundial.edu.br,
Faculdade Nova Roma,faculdadenovaroma.com.br,university/college,2026-09-18,Inaccessible,wikidata:P856,20,,,,
Faculdade Paraíso,faculdadeparaiso.edu.br,university/college,2026-09-18,Inaccessible,wikidata:P856,19,,,,
Faculdade Projeção,faculdadeprojecao.edu.br,university/college,2026-09-18,Inaccessible,wikidata:P856,18,,,,
Faculdades Integradas Curitiba,faculdadescuritiba.br,university/college,2026-09-20,Inaccessible,hipo:2026-09-17;hipo:2026-09-18;hipo:2026-09-19;hipo:2026-09-20;hipo:2026-09-21;hipo:2026-09-22;hipo:2026-09-23;hipo:2026-09-24;hipo:2026-09-25;hipo:2026-09-26;hipo:2026-09-27;hipo:2026-09-28;hipo:2026-09-29;hipo:2026-09-30;hipo:2026-10-01;hipo:2026-10-02;hipo:2026-10-03;hipo:2026-10-04;hipo:2026-10-05;hipo:2026-10-06;hipo:2026-10-07;hipo:2026-10-08,26,,,,
Faculdade Dom Bosco de Goioerê,faculdadesdombosco.edu.br,university/college,2026-09-17,Inaccessible,wikidata:P856,20,,,,
FAE University Center,fae.edu,university/college,2026-09-16,Active,wikidata:P856;hipo:2026-09-17;hipo:2026-09-18;hipo:2026-09-19;hipo:2026-09-20;hipo:2026-09-21;hipo:2026-09-22;hipo:2026-09-23;hipo:2026-09-24;hipo:2026-09-25;hipo:2026-09-26;hipo:2026-09-27;hipo:2026-09-28;hipo:2026-09-29;hipo:2026-09-30;hipo:2026-10-01;hipo:2026-10-02;hipo:2026-10-03;hipo:2026-10-04;hipo:2026-10-05;hipo:2026-10-06;hipo:2026-10-07;hipo:2026-10-08,24,,,,
Instituto Superior de Tecnologia em Ciências da Computação do Rio de Janeiro,faetec.rj.gov.br,university/college,2026-10-07,Active,wikidata:P856;ror:api-p57,30,80,http-2xx-html+multi-source+edu-keywords+substantial-content,faetec.rj.gov.br,pt-br
Faculdade Filadélfia,fafil.com.br,university/college,2026-09-17,Inaccessible,wikidata:P856,22,,,,
Faculdade Estadual de Educação Ciências e Letras de Paranavaí,fafipa.br,university/college,2026-09-17,Inaccessible,wikidata:P856,28,,,,
"Faculdade Estadual de Filosofia, Ciências e Letras de Paranaguá",fafipar.br,university/college,2026-09-17,Inaccessible,wikidata:P856,27,,,,
Faculdade Frassinetti do Recife,fafire.br,university/college,2026-09-17,Inaccessible,wikidata:P856,28,,,,
Faculdade Presbiteriana Gammon,fagammon.edu.br,university/college,2026-09-18,Active,wikidata:P856,20,,,,
Faculdade Independente do Nordeste,fainor.com.br,university/college,2026-09-17,Active,wikidata:P856,25,,,,
Faculdade de Americana,fam.br,university/college,2026-09-18,Active,wikidata:P856,27,,,,
Faculdade da Amazônia,fama-ro.com.br,university/college,2026-09-18,Active,wikidata:P856,11,,,,
Centro Universitário Metropolitano da Amazônia- UNIFAMAZ,famaz.edu.br,university/college,2026-09-18,Active,wikidata:P856,18,,,,
Faculdade de Medicina de Marília,famema.br,university/college,2026-09-24,Inaccessible,ror:api-p7,28,0,fetch-error:ConnectTimeout,famema.br,
Faculdade de Medicina de São José do Rio Preto,famerp.br,university/college,2026-09-24,Active,ror:api-p7;wikidata:P856,28,80,http-2xx-html+multi-source+edu-keywords+substantial-content,famerp.br,pt-br
Faculty of Arts of Parana State,fap.pr.gov.br,university/college,2026-09-18,Inaccessible,wikidata:P856,30,0,unreachable-dns,,
Faculdade Porto-alegrense,fapa.com.br,university/college,2026-09-18,Inaccessible,wikidata:P856,23,,,,
Faculdade Paraíso do Ceará,fapce.com.br,university/college,2026-09-18,Inaccessible,wikidata:P856,0,,,,
Faculdade Paraíso do Ceará,fapce.edu.br,university/college,2026-09-18,Inaccessible,wikidata:P856,13,,,,
Faculdade Paulus de Tecnologia e Comunicação,fapcom.com.br,university/college,2026-09-18,Inaccessible,wikidata:P856,21,,,,
Faculdade Paulus de Tecnologia e Comunicação,fapcom.edu.br,university/college,2026-09-18,Active,redirect:fapcom.com.br,20,,,,
Faculdade Roraimense de Ensino Superior,fares.edu.br,university/college,2026-09-18,Inaccessible,wikidata:P856,23,,,,
Faculdade Santa Marcelina,fasm.edu.br,university/college,2026-09-18,Inaccessible,wikidata:P856,23,,,,
Centro Universitário UniFatecie,fatecie.edu.br,university/college,2026-10-05,Inaccessible,hipo:2026-09-20;hipo:2026-09-21;hipo:2026-09-22;hipo:2026-09-23;hipo:2026-09-24;hipo:2026-09-25;hipo:2026-09-26;hipo:2026-09-27;hipo:2026-09-28;hipo:2026-09-29;hipo:2026-09-30;hipo:2026-10-01;hipo:2026-10-02;hipo:2026-10-03;hipo:2026-10-04;hipo:2026-10-05;hipo:2026-10-06;hipo:2026-10-07;hipo:2026-10-08,12,5,moved-to:unifatecie.edu.br,unifatecie.edu.br,
Faculdade Zacarias de Góes,fazag.edu.br,university/college,2026-09-18,Active,wikidata:P856,23,,,,
Faculdade Batista Brasileira,fbb.br,university/college,2026-09-17,Active,wikidata:P856,26,,,,
Faculdade Batista Brasileira,fbb.com.br,university/college,2026-09-17,Inaccessible,wikidata:P856,,0,unreachable-dns,,
Faculdade de Castanhal,fcat.com.br,university/college,2026-09-18,Inaccessible,wikidata:P856,,0,unreachable-dns,,
Faculdade de Castanhal,fcat.edu.br,university/college,2026-09-18,Inaccessible,wikidata:P856,19,,,,
Christus University,fchristus.com.br,university/college,2026-09-17,Inaccessible,wikidata:P856,23,,,,
Faculdade de Ciências Médicas da Santa Casa de São Paulo,fcmsantacasasp.edu.br,university/college,2026-09-24,Active,ror:api-p7,14,60,http-2xx-html+edu-keywords+structure+substantial-content,fcmsantacasasp.edu.br,pt-br
Centro Universitário Católica de Quixadá,fcrs.edu.br,university/college,2026-09-17,Inaccessible,wikidata:P856,22,,,,
Centro Universitário Álvares Penteado - FECAP,fecap.br,university/college,2026-10-06,Active,hipo:2026-09-20;hipo:2026-09-21;hipo:2026-09-22;hipo:2026-09-23;hipo:2026-09-24;hipo:2026-09-25;hipo:2026-09-26;hipo:2026-09-27;hipo:2026-09-28;hipo:2026-09-29;hipo:2026-09-30;hipo:2026-10-01;hipo:2026-10-02;hipo:2026-10-03;hipo:2026-10-04;hipo:2026-10-05;hipo:2026-10-06;hipo:2026-10-07;hipo:2026-10-08,29,90,http-2xx-html+multi-source+edu-keywords+structure+substantial-content,fecap.br,pt-br
Faculdade Estadual de Ciências Econômicas de Apucarana,fecea.br,university/college,2026-09-17,Inaccessible,wikidata:P856,27,,,,
Faculdade Estadual de Ciências e Letras de Campo Mourão,fecilcam.br,university/college,2026-09-17,Active,wikidata:P856,28,,,,
Universidade Estadual Paulista (Guaratinguetá),feg.unesp.br,university/college,2026-10-07,Inaccessible,wikidata:P856,30,0,unreachable-dns,feg.unesp.br,
Universidade Estadual Paulista (Ilha Solteira),feis.unesp.br,university/college,2026-10-07,Inaccessible,wikidata:P856,30,40,low-confidence:http-2xx-html+edu-keywords,feis.unesp.br,pt-br
Fundação Educacional de Ituverava,feituverava.com.br,university/college,2026-09-20,Active,hipo:2026-09-17;hipo:2026-09-18;hipo:2026-09-19;hipo:2026-09-20;hipo:2026-09-21;hipo:2026-09-22;hipo:2026-09-23;hipo:2026-09-24;hipo:2026-09-25;hipo:2026-09-26;hipo:2026-09-27;hipo:2026-09-28;hipo:2026-09-29;hipo:2026-09-30;hipo:2026-10-01;hipo:2026-10-02;hipo:2026-10-03;hipo:2026-10-04;hipo:2026-10-05;hipo:2026-10-06;hipo:2026-10-07;hipo:2026-10-08,25,,,,
Faculdade Evangélica do Paraná,fepar.edu.br,university/college,2026-09-24,Inaccessible,ror:api-p7;wikidata:P856,25,0,fetch-error:ConnectTimeout,fepar.edu.br,
Centro Universitário de Itajubá,fepi.br,university/college,2026-10-06,Active,wikidata:P856,28,50,http-2xx-html+edu-keywords+substantial-content,fepi.br,pt-br
Faculdade Farias Brito,ffb.edu.br,university/college,2026-09-17,Inaccessible,wikidata:P856,21,,,,
Fundação Hermínio Ometto,fho.edu.br,university/college,2026-09-18,Active,hipo:2026-09-13;hipo:2026-09-17;hipo:2026-09-18;hipo:2026-09-19;hipo:2026-09-20;hipo:2026-09-21;hipo:2026-09-22;hipo:2026-09-23;hipo:2026-09-24;hipo:2026-09-25;hipo:2026-09-26;hipo:2026-09-27;hipo:2026-09-28;hipo:2026-09-29;hipo:2026-09-30;hipo:2026-10-01;hipo:2026-10-02;hipo:2026-10-03;hipo:2026-10-04;hipo:2026-10-05;hipo:2026-10-06;hipo:2026-10-07;hipo:2026-10-08,21,,,,
Faculdade Integrada Brasil Amazônia,fibrapara.edu.br,university/college,2026-09-17,Active,wikidata:P856,22,,,,
Faculdade Integradas do Ceará,fic.br,university/college,2026-09-20,Inaccessible,hipo:2026-09-17;hipo:2026-09-18;hipo:2026-09-19;hipo:2026-09-20;hipo:2026-09-21;hipo:2026-09-22;hipo:2026-09-23;hipo:2026-09-24;hipo:2026-09-25;hipo:2026-09-26;hipo:2026-09-27;hipo:2026-09-28;hipo:2026-09-29;hipo:2026-09-30;hipo:2026-10-01;hipo:2026-10-02;hipo:2026-10-03;hipo:2026-10-04;hipo:2026-10-05;hipo:2026-10-06;hipo:2026-10-07;hipo:2026-10-08,27,,,,
Faculdade Filadélfia,filadelfia.com.br,university/college,2026-09-17,Inaccessible,redirect:fafil.com.br,27,,,,
Faculdade Integrada Tiradentes,fits.edu.br,university/college,2026-09-17,Inaccessible,wikidata:P856,20,,,,
Faculdade Luciano Feijão,flucianofeijao.com.br,university/college,2026-09-18,Active,wikidata:P856,19,,,,
Universidade Estadual Paulista em Araçatuba,foa.unesp.br,university/college,2026-10-07,Inaccessible,wikidata:P856,30,0,unreachable-dns,foa.unesp.br,
Universidade Estadual Paulista (São José dos Campos),fosjc.unesp.br,university/college,2026-10-07,Inaccessible,wikidata:P856,30,0,fetch-error:SSLError,fosjc.unesp.br,
Faculdade Pernambucana de Saúde,fps.edu.br,university/college,2026-09-18,Active,wikidata:P856,16,,,,
FSG Centro Universitário,fsg.edu.br,university/college,2026-09-18,Inaccessible,wikidata:P856,8,,,,
Universidade do Amazonas,fua.br,university/college,2026-09-20,Inaccessible,hipo:2026-09-17;hipo:2026-09-18;hipo:2026-09-19;hipo:2026-09-20;hipo:2026-09-21;hipo:2026-09-22;hipo:2026-09-23;hipo:2026-09-24;hipo:2026-09-25;hipo:2026-09-26;hipo:2026-09-27;hipo:2026-09-28;hipo:2026-09-29;hipo:2026-09-30;hipo:2026-10-01;hipo:2026-10-02;hipo:2026-10-03;hipo:2026-10-04;hipo:2026-10-05;hipo:2026-10-06;hipo:2026-10-07;hipo:2026-10-08,30,0,unreachable-dns,,
Universidade Regional de Blumenau,furb.rct-sc.br,university/college,2026-09-20,Inaccessible,hipo:2026-09-17;hipo:2026-09-18;hipo:2026-09-19;hipo:2026-09-20;hipo:2026-09-21;hipo:2026-09-22;hipo:2026-09-23;hipo:2026-09-24;hipo:2026-09-25;hipo:2026-09-26;hipo:2026-09-27;hipo:2026-09-28;hipo:2026-09-29;hipo:2026-09-30;hipo:2026-10-01;hipo:2026-10-02;hipo:2026-10-03;hipo:2026-10-04;hipo:2026-10-05;hipo:2026-10-06;hipo:2026-10-07;hipo:2026-10-08,30,,,,
Universidade Federal do Rio Grande,furg.br,university/college,2026-09-20,Active,hipo:2026-09-17;hipo:2026-09-18;hipo:2026-09-19;hipo:2026-09-20;hipo:2026-09-21;hipo:2026-09-22;hipo:2026-09-23;hipo:2026-09-24;hipo:2026-09-25;hipo:2026-09-26;hipo:2026-09-27;hipo:2026-09-28;hipo:2026-09-29;hipo:2026-09-30;openalex:page89;hipo:2026-10-01;hipo:2026-10-02;hipo:2026-10-03;hipo:2026-10-04;hipo:2026-10-05;hipo:2026-10-06;hipo:2026-10-07;hipo:2026-10-08,30,,,,
Instituto Metodista Granbery,granbery.edu.br,university/college,2026-10-06,Active,wikidata:P856,22,60,http-2xx-html+edu-keywords+structure+substantial-content,granbery.edu.br,pt-br
Centro Universitário Integrado,grupointegrado.br,university/college,2026-09-18,Active,wikidata:P856,27,,,,
"São Paulo State University (UNESP), Institute of Arts, São Paulo",ia.unesp.br,university/college,2026-10-07,Inaccessible,wikidata:P856,30,0,fetch-error:ConnectionError,ia.unesp.br,
Universidade Ibirapuera,ibirapuera.br,university/college,2026-09-20,Active,redirect:unib.br;wikidata:P856,26,,,,
Instituto de Ensinos Superiores da Amazônia,iesam.com.br,university/college,2026-10-07,Inaccessible,wikidata:P856,0,20,low-confidence:http-2xx-html+non-educational-content,iesam.com.br,en
Instituto de Educação Superior da Paraíba,iesp.edu.br,university/college,2026-10-07,Active,wikidata:P856,25,60,http-2xx-html+edu-keywords+structure+substantial-content,iesp.edu.br,en
Instituto Federal de Educação Ciência e Tecnologia do Norte de Minas Gerais,ifnmg.edu.br,university/college,2026-10-07,Inaccessible,ror:api-p49,17,5,http-405,ifnmg.edu.br,
Instituto Federal do Rio Grande do Norte,ifrn.edu.br,university/college,2026-10-06,Active,wikidata:P856,17,60,http-2xx-html+edu-keywords+trusted-suffix+substantial-content,portal.ifrn.edu.br,pt-br
"Instituto Federal de Educação, Ciência e Tecnologia do Sertão Pernambucano",ifsertao-pe.edu.br,university/college,2026-10-06,Inaccessible,wikidata:P856,17,0,fetch-error:ConnectionError,ifsertao-pe.edu.br,
Federal Institute of Southeast Minas Gerais,ifsudestemg.edu.br,university/college,2026-10-06,Inaccessible,wikidata:P856,16,30,moved-to:validate.perfdrive.com,validate.perfdrive.com,en
Federal Institution of Southern Minas Gerais,ifsuldeminas.edu.br,university/college,2026-10-06,Active,wikidata:P856,17,50,http-2xx-html+edu-keywords+trusted-suffix,portal.ifsuldeminas.edu.br,
Federal Institute of Triângulo Mineiro,iftm.edu.br,university/college,2026-10-01,Active,wikidata:P856,16,60,http-2xx-html+edu-keywords+trusted-suffix+substantial-content,iftm.edu.br,pt-br
"Instituto Federal de Educação, Ciência e Tecnologia do Tocantins",ifto.edu.br,university/college,2026-10-06,Active,wikidata:P856,17,60,http-2xx-html+edu-keywords+structure+substantial-content,ifto.edu.br,pt-br
Instituto Itapetiningano de Ensino Superior,iies.edu.br,university/college,2026-10-06,Active,wikidata:P856,24,60,http-2xx-html+edu-keywords+structure+substantial-content,iies.edu.br,pt-br
Instituto Militar de Engenharia,ime.eb.mil.br,university/college,2026-09-20,Inaccessible,hipo:2026-09-17;hipo:2026-09-18;hipo:2026-09-19;hipo:2026-09-20;hipo:2026-09-21;hipo:2026-09-22;hipo:2026-09-23;hipo:2026-09-24;hipo:2026-09-25;hipo:2026-09-26;hipo:2026-09-27;hipo:2026-09-28;hipo:2026-09-29;hipo:2026-09-30;hipo:2026-10-01;hipo:2026-10-02;hipo:2026-10-03;hipo:2026-10-04;hipo:2026-10-05;hipo:2026-10-06;hipo:2026-10-07;hipo:2026-10-08,30,0,unreachable-dns,,
"Institute of Mathematics, Statistics and Computer Science, University of São Paulo",ime.usp.br,university/college,2026-10-07,Inaccessible,wikidata:P856,30,40,low-confidence:http-2xx-html+edu-keywords,ime.usp.br,en-us
Instituto Nacional de Matemática Pura e Aplicada - IMPA,impa.br,university/college,2026-09-20,Active,hipo:2026-09-17;hipo:2026-09-18;hipo:2026-09-19;hipo:2026-09-20;hipo:2026-09-21;hipo:2026-09-22;hipo:2026-09-23;hipo:2026-09-24;hipo:2026-09-25;hipo:2026-09-26;hipo:2026-09-27;hipo:2026-09-28;hipo:2026-09-29;hipo:2026-09-30;hipo:2026-10-01;hipo:2026-10-02;hipo:2026-10-03;hipo:2026-10-04;hipo:2026-10-05;hipo:2026-10-06;hipo:2026-10-07;hipo:2026-10-08,30,,,,
Faculdade Impacta - IMPACTA,impacta.edu.br,university/college,2026-10-06,Inaccessible,hipo:2026-09-20;hipo:2026-09-21;hipo:2026-09-22;hipo:2026-09-23;hipo:2026-09-24;hipo:2026-09-25;hipo:2026-09-26;hipo:2026-09-27;hipo:2026-09-28;hipo:2026-09-29;hipo:2026-09-30;hipo:2026-10-01;hipo:2026-10-02;hipo:2026-10-03;hipo:2026-10-04;hipo:2026-10-05;hipo:2026-10-06;hipo:2026-10-07;hipo:2026-10-08,23,0,fetch-error:ConnectTimeout,impacta.edu.br,
Instituto Nacional de Educação de Surdos,ines.gov.br,university/college,2026-10-06,Inaccessible,wikidata:P856,19,5,http-403,ines.gov.br,
Instituto de Ensino Superior Santo Antônio,inesa.com.br,university/college,2026-10-07,Inaccessible,wikidata:P856,24,0,fetch-error:SSLError,inesa.com.br,
Instituto Infnet,infnet.edu.br,university/college,2026-10-05,Active,hipo:2026-09-20;hipo:2026-09-21;wikidata:P856;hipo:2026-09-22;ror:api-p49;hipo:2026-09-23;hipo:2026-09-24;hipo:2026-09-25;hipo:2026-09-26;hipo:2026-09-27;hipo:2026-09-28;hipo:2026-09-29;hipo:2026-09-30;hipo:2026-10-01;hipo:2026-10-02;hipo:2026-10-03;hipo:2026-10-04;hipo:2026-10-05;hipo:2026-10-06;hipo:2026-10-07;hipo:2026-10-08,19,80,http-2xx-html+multi-source+edu-keywords+trusted-suffix,infnet.edu.br,pt-br
Faculdade Do Instituto Nacional De Pós-Graduação - Faculdade INPG,inpg.edu.br,university/college,2026-10-06,Inaccessible,hipo:2026-09-20;hipo:2026-09-21;hipo:2026-09-22;hipo:2026-09-23;hipo:2026-09-24;hipo:2026-09-25;hipo:2026-09-26;hipo:2026-09-27;hipo:2026-09-28;hipo:2026-09-29;hipo:2026-09-30;hipo:2026-10-01;hipo:2026-10-02;hipo:2026-10-03;hipo:2026-10-04;hipo:2026-10-05;hipo:2026-10-06;hipo:2026-10-07;hipo:2026-10-08,21,0,unreachable-dns,inpg.edu.br,
Insper Instituto de Ensino e Pesquisa,insper.edu.br,university/college,2026-09-20,Inaccessible,hipo:2026-09-17;hipo:2026-09-18;hipo:2026-09-19;hipo:2026-09-20;hipo:2026-09-21;hipo:2026-09-22;hipo:2026-09-23;hipo:2026-09-24;hipo:2026-09-25;hipo:2026-09-26;hipo:2026-09-27;hipo:2026-09-28;hipo:2026-09-29;hipo:2026-09-30;hipo:2026-10-01;hipo:2026-10-02;hipo:2026-10-03;hipo:2026-10-04;hipo:2026-10-05;hipo:2026-10-06;hipo:2026-10-07;hipo:2026-10-08,16,,,,
Instituto Embelleze,institutoembelleze.com,k-12,2026-09-24,Inaccessible,osm:BR-Saopaulo,23,5,http-403,institutoembelleze.com,
Instituto Superior de Teologia Aplicada,inta.edu.br,university/college,2026-10-07,Inaccessible,wikidata:P856,23,0,unreachable-dns,inta.edu.br,
Instituto de Tecnologia e Liderança - Inteli,inteli.edu.br,university/college,2026-10-06,Inaccessible,hipo:2026-09-20;hipo:2026-09-21;hipo:2026-09-22;hipo:2026-09-23;hipo:2026-09-24;hipo:2026-09-25;hipo:2026-09-26;hipo:2026-09-27;hipo:2026-09-28;hipo:2026-09-29;hipo:2026-09-30;hipo:2026-10-01;hipo:2026-10-02;hipo:2026-10-03;hipo:2026-10-04;hipo:2026-10-05;hipo:2026-10-06;hipo:2026-10-07;hipo:2026-10-08,6,5,http-403,inteli.edu.br,
ESPM University,international.espm.br,university/college,2026-09-18,Active,deqar:2026-09-16,29,,,,
Instituto Superior de Ciências Aplicadas - Isca,iscafaculdades.com.br,university/college,2026-10-07,Inaccessible,wikidata:P856,,0,unreachable-dns,iscafaculdades.com.br,
Instituto Superior de Educação do Rio de Janeiro,iserj.edu.br,university/college,2026-10-07,Inaccessible,wikidata:P856;ror:api-p57,12,40,low-confidence:http-2xx-html+multi-source+trusted-suffix+non-educational-content,iserj.edu.br,pt
Higher Institute of Education of Rio de Janeiro,iserj.net,university/college,2026-10-07,Inaccessible,wikidata:P856,21,0,fetch-error:SSLError,iserj.net,
Instituto Superior do Litoral do Paraná,isulpar.edu.br,university/college,2026-10-07,Active,wikidata:P856,16,60,http-2xx-html+edu-keywords+trusted-suffix+substantial-content,isulpar.edu.br,pt-br
Instituto Tecnológico de Aeronáutica,ita.br,university/college,2026-09-20,Inaccessible,hipo:2026-09-17;hipo:2026-09-18;hipo:2026-09-19;hipo:2026-09-20;hipo:2026-09-21;hipo:2026-09-22;hipo:2026-09-23;hipo:2026-09-24;hipo:2026-09-25;hipo:2026-09-26;hipo:2026-09-27;hipo:2026-09-28;hipo:2026-09-29;hipo:2026-09-30;hipo:2026-10-01;hipo:2026-10-02;hipo:2026-10-03;hipo:2026-10-04;hipo:2026-10-05;hipo:2026-10-06;hipo:2026-10-07;hipo:2026-10-08,26,0,unreachable-dns,,
Faculdade Italo Brasileira,italo.br,university/college,2026-09-20,Inaccessible,hipo:2026-09-17;hipo:2026-09-18;hipo:2026-09-19;hipo:2026-09-20;hipo:2026-09-21;hipo:2026-09-22;hipo:2026-09-23;hipo:2026-09-24;hipo:2026-09-25;hipo:2026-09-26;hipo:2026-09-27;hipo:2026-09-28;hipo:2026-09-29;hipo:2026-09-30;hipo:2026-10-01;hipo:2026-10-02;hipo:2026-10-03;hipo:2026-10-04;hipo:2026-10-05;hipo:2026-10-06;hipo:2026-10-07;hipo:2026-10-08,26,,,,
Instituto Universitário de Pesquisas do Rio de Janeiro,iuperj.br,university/college,2026-10-07,Inaccessible,wikidata:P856,28,0,fetch-error:ConnectTimeout,iuperj.br,
Faculdade Juvêncio Terra,juvencioterra.edu.br,university/college,2026-10-07,Inaccessible,wikidata:P856,19,0,unreachable-dns,juvencioterra.edu.br,
Kennedy Engineering School,kennedy.br,university/college,2026-09-16,Inaccessible,wikidata:P856,29,,,,
Liceu Literário Português,liceuliterario.org.br,university/college,2026-10-07,Inaccessible,wikidata:P856,26,0,unreachable-dns,liceuliterario.org.br,
Faculdade Machado Sobrinho,machadosobrinho.com.br,university/college,2026-09-18,Active,wikidata:P856,27,,,,
Faculdade Moraes Júnior - Mackenzie Rio,mackenzie-rio.com.br,university/college,2026-09-18,Inaccessible,wikidata:P856,,0,unreachable-dns,,
Mackenzie Presbyterian University,mackenzie.br,university/college,2026-09-18,Active,deqar:2026-09-16;hipo:2026-09-17;hipo:2026-09-18;hipo:2026-09-19;hipo:2026-09-20;hipo:2026-09-21;hipo:2026-09-22;hipo:2026-09-23;hipo:2026-09-24;hipo:2026-09-25;hipo:2026-09-26;hipo:2026-09-27;hipo:2026-09-28;hipo:2026-09-29;hipo:2026-09-30;hipo:2026-10-01;hipo:2026-10-02;hipo:2026-10-03;hipo:2026-10-04;hipo:2026-10-05;hipo:2026-10-06;hipo:2026-10-07;hipo:2026-10-08,30,,,,
Escola de Aprendizes-Marinheiros do Ceará,mar.mil.br,university/college,2026-09-16,Inaccessible,wikidata:P856,29,0,unreachable-dns,,
Instituto Mauá de Tecnologia,maua.br,university/college,2026-09-20,Active,hipo:2026-09-17;hipo:2026-09-18;hipo:2026-09-19;hipo:2026-09-20;hipo:2026-09-21;hipo:2026-09-22;hipo:2026-09-23;hipo:2026-09-24;hipo:2026-09-25;hipo:2026-09-26;hipo:2026-09-27;hipo:2026-09-28;hipo:2026-09-29;hipo:2026-09-30;hipo:2026-10-01;hipo:2026-10-02;hipo:2026-10-03;hipo:2026-10-04;hipo:2026-10-05;hipo:2026-10-06;hipo:2026-10-07;hipo:2026-10-08,29,,,,
Faculdade Metropolitana da Grande Recife,metropolitana.edu.br,university/college,2026-09-18,Active,wikidata:P856,23,,,,
Faculdade Mozarteum de São Paulo,mozarteum.br,university/college,2026-09-18,Inaccessible,wikidata:P856,26,,,,
Escola de Música da UFMG,musica.ufmg.br,university/college,2026-09-16,Inaccessible,wikidata:P856,30,,,,
Centro Universitário Newton Paiva,newtonpaiva.br,university/college,2026-09-20,Inaccessible,hipo:2026-09-17;hipo:2026-09-18;hipo:2026-09-19;hipo:2026-09-20;hipo:2026-09-21;hipo:2026-09-22;hipo:2026-09-23;hipo:2026-09-24;hipo:2026-09-25;hipo:2026-09-26;hipo:2026-09-27;hipo:2026-09-28;hipo:2026-09-29;hipo:2026-09-30;hipo:2026-10-01;hipo:2026-10-02;hipo:2026-10-03;hipo:2026-10-04;hipo:2026-10-05;hipo:2026-10-06;hipo:2026-10-07;hipo:2026-10-08,29,,,,
Instituto de Cegos Padre Chico,padrechico.org.br,k-12,2026-09-22,Active,osm:BR-Saopaulo,28,60,http-2xx-html+edu-keywords+structure+substantial-content,padrechico.org.br,pt-br
Escola de Inglês e Espanhol Park Idiomas,park.education,university/college,2026-09-22,Active,redirect:parkidiomas.com.br,6,50,http-2xx-html+edu-keywords+structure,park.education,pt-br
Escola de Inglês e Espanhol Park Idiomas,parkidiomas.com.br,university/college,2026-09-22,Inaccessible,osm:BR-Saopaulo,25,40,moved-to:park.education,park.education,pt-br
Universidade de Tocantins,pop-to.rnp.br,university/college,2026-09-20,Inaccessible,hipo:2026-09-17;hipo:2026-09-18;hipo:2026-09-19;hipo:2026-09-20;hipo:2026-09-21;hipo:2026-09-22;hipo:2026-09-23;hipo:2026-09-24;hipo:2026-09-25;hipo:2026-09-26;hipo:2026-09-27;hipo:2026-09-28;hipo:2026-09-29;hipo:2026-09-30;hipo:2026-10-01;hipo:2026-10-02;hipo:2026-10-03;hipo:2026-10-04;hipo:2026-10-05;hipo:2026-10-06;hipo:2026-10-07;hipo:2026-10-08,30,0,unreachable-dns,,
Estácio University Centre of Ribeirão Preto,portal.estacio.br,university/college,2026-09-18,Active,deqar:2026-09-16,30,,,,
Gleb Wataghin Institute of Physics,portal.ifi.unicamp.br,university/college,2026-10-07,Active,wikidata:P856,30,50,http-2xx-html+edu-keywords+substantial-content,portal.ifi.unicamp.br,pt-br
Universidade Federal do Espírito Santo,portal.ufes.br,university/college,2026-10-07,Active,openalex:page49,30,60,http-2xx-html+edu-keywords+structure+substantial-content,portal.ufes.br,pt-br
Federal Rural University of Rio de Janeiro,portal.ufrrj.br,university/college,2026-09-18,Active,deqar:2026-09-16,30,,,,
UNIASSELVI,portal.uniasselvi.com.br,university/college,2026-10-07,Active,wikidata:P856,22,85,http-2xx-html+schema.org-edu+edu-keywords+structure+substantial-content,portal.uniasselvi.com.br,pt-br
Universidade Metropolitana de Santos,portal.unimes.br,university/college,2026-09-20,Active,redirect:unimes.com.br,26,,,,
Faculdade Projeção,projecao.br,university/college,2026-09-18,Active,wikidata:P856,26,,,,
Pontifícia Universidade Católica do Rio de Janeiro,puc-rio.br,university/college,2026-09-20,Active,hipo:2026-09-17;hipo:2026-09-18;hipo:2026-09-19;hipo:2026-09-20;hipo:2026-09-21;hipo:2026-09-22;hipo:2026-09-23;hipo:2026-09-24;openalex:page57;hipo:2026-09-25;hipo:2026-09-26;hipo:2026-09-27;hipo:2026-09-28;hipo:2026-09-29;hipo:2026-09-30;hipo:2026-10-01;hipo:2026-10-02;hipo:2026-10-03;hipo:2026-10-04;hipo:2026-10-05;hipo:2026-10-06;hipo:2026-10-07;hipo:2026-10-08,30,,,,
Pontifícia Universidade Católica de Campinas,puccamp.br,university/college,2026-09-20,Inaccessible,hipo:2026-09-17;hipo:2026-09-18;hipo:2026-09-19;hipo:2026-09-20;hipo:2026-09-21;hipo:2026-09-22;hipo:2026-09-23;hipo:2026-09-24;hipo:2026-09-25;hipo:2026-09-26;hipo:2026-09-27;hipo:2026-09-28;hipo:2026-09-29;hipo:2026-09-30;hipo:2026-10-01;hipo:2026-10-02;hipo:2026-10-03;hipo:2026-10-04;hipo:2026-10-05;hipo:2026-10-06;hipo:2026-10-07;hipo:2026-10-08,30,,,,
Pontifícia Universidade Católica de Minas Gerais,pucminas.br,university/college,2026-09-17,Active,deqar:2026-09-16;hipo:2026-09-17;hipo:2026-09-18;hipo:2026-09-19;hipo:2026-09-20;hipo:2026-09-21;hipo:2026-09-22;hipo:2026-09-23;hipo:2026-09-24;hipo:2026-09-25;hipo:2026-09-26;hipo:2026-09-27;hipo:2026-09-28;hipo:2026-09-29;hipo:2026-09-30;hipo:2026-10-01;hipo:2026-10-02;hipo:2026-10-03;openalex:page101;hipo:2026-10-04;hipo:2026-10-05;hipo:2026-10-06;hipo:2026-10-07;hipo:2026-10-08,30,,,,
Pontificia Universidade Católica do Paraná,pucpr.br,university/college,2026-09-17,Active,deqar:2026-09-16;hipo:2026-09-17;hipo:2026-09-18;hipo:2026-09-19;hipo:2026-09-20;hipo:2026-09-21;hipo:2026-09-22;hipo:2026-09-23;hipo:2026-09-24;hipo:2026-09-25;hipo:2026-09-26;hipo:2026-09-27;hipo:2026-09-28;hipo:2026-09-29;hipo:2026-09-30;hipo:2026-10-01;openalex:page93;hipo:2026-10-02;hipo:2026-10-03;hipo:2026-10-04;hipo:2026-10-05;hipo:2026-10-06;hipo:2026-10-07;hipo:2026-10-08,30,,,,
Pontifícia Universidade Católica do Rio Grande do Sul,pucrs.br,university/college,2026-09-18,Active,deqar:2026-09-16;hipo:2026-09-17;hipo:2026-09-18;hipo:2026-09-19;hipo:2026-09-20;hipo:2026-09-21;hipo:2026-09-22;hipo:2026-09-23;hipo:2026-09-24;openalex:page56;hipo:2026-09-25;hipo:2026-09-26;hipo:2026-09-27;hipo:2026-09-28;hipo:2026-09-29;hipo:2026-09-30;hipo:2026-10-01;hipo:2026-10-02;hipo:2026-10-03;hipo:2026-10-04;hipo:2026-10-05;hipo:2026-10-06;hipo:2026-10-07;hipo:2026-10-08,30,,,,
Pontifícia Universidade Católica de São Paulo,pucsp.br,university/college,2026-09-20,Active,hipo:2026-09-17;hipo:2026-09-18;hipo:2026-09-19;hipo:2026-09-20;hipo:2026-09-21;hipo:2026-09-22;hipo:2026-09-23;hipo:2026-09-24;hipo:2026-09-25;hipo:2026-09-26;hipo:2026-09-27;openalex:page74;hipo:2026-09-28;hipo:2026-09-29;openalex:page81;hipo:2026-09-30;hipo:2026-10-01;hipo:2026-10-02;hipo:2026-10-03;hipo:2026-10-04;hipo:2026-10-05;hipo:2026-10-06;hipo:2026-10-07;hipo:2026-10-08,30,,,,
Faculdade Redentor,redentor.edu.br,university/college,2026-09-18,Inaccessible,wikidata:P856,24,,,,
Faculdade Cenecista Nossa Senhora dos Anjos,rs.gov.br,university/college,2026-09-17,Active,wikidata:P856,30,,,,
Rede Salesiana Brasil de Escolas,rsb.org.br,university/college,2026-10-07,Active,wikidata:P856,14,50,http-2xx-html+edu-keywords+substantial-content,rsb.org.br,pt-br
Faculdade Santa Marcelina,santamarcelina.edu.br,university/college,2026-09-18,Inaccessible,redirect:fasm.edu.br,14,,,,
Universidade São Judas Tadeu,saojudas.br,university/college,2026-09-20,Inaccessible,hipo:2026-09-17;hipo:2026-09-18;hipo:2026-09-19;hipo:2026-09-20;hipo:2026-09-21;hipo:2026-09-22;hipo:2026-09-23;hipo:2026-09-24;hipo:2026-09-25;hipo:2026-09-26;hipo:2026-09-27;hipo:2026-09-28;hipo:2026-09-29;hipo:2026-09-30;hipo:2026-10-01;hipo:2026-10-02;hipo:2026-10-03;hipo:2026-10-04;hipo:2026-10-05;hipo:2026-10-06;hipo:2026-10-07;hipo:2026-10-08,29,,,,
Faculdade São Salvador,saosalvador.edu.br,university/college,2026-09-18,Inaccessible,wikidata:P856,24,,,,
Instituto Sedes Sapientiae,sedes.org.br,university/college,2026-10-07,Active,wikidata:P856;ror:api-p56,28,80,http-2xx-html+multi-source+edu-keywords+substantial-content,sedes.org.br,pt-br
Faculdade Batista do Rio de Janeiro,seminariodosul.com.br,university/college,2026-09-17,Active,wikidata:P856,20,,,,
"Centro Universitário de Brasília, UNICEUB",sempreceub.com,university/college,2026-09-29,Inaccessible,hipo:2026-09-11;hipo:2026-09-13;hipo:2026-09-17;hipo:2026-09-18;hipo:2026-09-19;hipo:2026-09-20;hipo:2026-09-21;hipo:2026-09-22;hipo:2026-09-23;hipo:2026-09-24;hipo:2026-09-25;hipo:2026-09-26;hipo:2026-09-27;hipo:2026-09-28;hipo:2026-09-29;hipo:2026-09-30;hipo:2026-10-01;hipo:2026-10-02;hipo:2026-10-03;hipo:2026-10-04;hipo:2026-10-05;hipo:2026-10-06;hipo:2026-10-07;hipo:2026-10-08,8,0,unreachable-dns,sempreceub.com,
SENAI Ceará,senai-ce.org.br,university/college,2026-10-07,Inaccessible,wikidata:P856,25,40,low-confidence:http-2xx-html+edu-keywords,senai-ce.org.br,
Universidade São Marcos,smarcos.br,university/college,2026-09-20,Inaccessible,hipo:2026-09-17;hipo:2026-09-18;hipo:2026-09-19;hipo:2026-09-20;hipo:2026-09-21;hipo:2026-09-22;hipo:2026-09-23;hipo:2026-09-24;hipo:2026-09-25;hipo:2026-09-26;hipo:2026-09-27;hipo:2026-09-28;hipo:2026-09-29;hipo:2026-09-30;hipo:2026-10-01;hipo:2026-10-02;hipo:2026-10-03;hipo:2026-10-04;hipo:2026-10-05;hipo:2026-10-06;hipo:2026-10-07;hipo:2026-10-08,30,,,,
Centro Regional Universitário de Espiríto Santo do Pinhal,sou.unipinhal.edu.br,university/college,2026-09-20,Active,redirect:creupi.br,21,,,,
Centro Universitário Senac,sp.senac.br,university/college,2026-09-20,Inaccessible,hipo:2026-09-17;hipo:2026-09-18;hipo:2026-09-19;hipo:2026-09-20;hipo:2026-09-21;hipo:2026-09-22;hipo:2026-09-23;hipo:2026-09-24;hipo:2026-09-25;hipo:2026-09-26;hipo:2026-09-27;hipo:2026-09-28;hipo:2026-09-29;hipo:2026-09-30;hipo:2026-10-01;hipo:2026-10-02;hipo:2026-10-03;hipo:2026-10-04;hipo:2026-10-05;hipo:2026-10-06;hipo:2026-10-07;hipo:2026-10-08,29,,,,
Universidade Santa Cecília dos Bandeirantes,stcecilia.br,university/college,2026-09-20,Inaccessible,hipo:2026-09-17;hipo:2026-09-18;hipo:2026-09-19;hipo:2026-09-20;hipo:2026-09-21;hipo:2026-09-22;hipo:2026-09-23;hipo:2026-09-24;hipo:2026-09-25;hipo:2026-09-26;hipo:2026-09-27;hipo:2026-09-28;hipo:2026-09-29;hipo:2026-09-30;hipo:2026-10-01;hipo:2026-10-02;hipo:2026-10-03;hipo:2026-10-04;hipo:2026-10-05;hipo:2026-10-06;hipo:2026-10-07;hipo:2026-10-08,31,,,,
Escola Superior de Administração e Gestão,strong.com.br,university/college,2026-10-06,Active,redirect:esags.edu.br,28,60,http-2xx-html+edu-keywords+structure+substantial-content,strong.com.br,pt-br
Faculdade Brasileira de Ciências Jurídicas,suesc.com.br,university/college,2026-10-07,Inaccessible,wikidata:P856,,0,unreachable-dns,suesc.com.br,
Colégio Nova Geração,supernovageracao.com.br,k-12,2026-09-21,Active,osm:BR-Saopaulo,21,50,http-2xx-html+edu-keywords+structure,supernovageracao.com.br,pt
Faculdade Teológica Batista de São Paulo,teologica.br,university/college,2026-09-18,Active,wikidata:P856,28,,,,
Escola Municipal de Música de São Paulo,theatromunicipal.org.br,university/college,2026-10-06,Active,wikidata:P856,12,60,http-2xx-html+edu-keywords+structure+substantial-content,theatromunicipal.org.br,pt-br
Faculdades Integradas Toledo,toledo.br,university/college,2026-09-20,Inaccessible,hipo:2026-09-17;hipo:2026-09-18;hipo:2026-09-19;hipo:2026-09-20;hipo:2026-09-21;hipo:2026-09-22;hipo:2026-09-23;hipo:2026-09-24;hipo:2026-09-25;hipo:2026-09-26;hipo:2026-09-27;hipo:2026-09-28;hipo:2026-09-29;hipo:2026-09-30;hipo:2026-10-01;hipo:2026-10-02;hipo:2026-10-03;hipo:2026-10-04;hipo:2026-10-05;hipo:2026-10-06;hipo:2026-10-07;hipo:2026-10-08,29,,,,
Centro Universitário Antônio Eufrásio de Toledo de Presidente Prudente - TOLEDO PRUDENTE,toledoprudente.edu.br,university/college,2026-10-06,Inaccessible,hipo:2026-09-20;hipo:2026-09-21;hipo:2026-09-22;hipo:2026-09-23;hipo:2026-09-24;hipo:2026-09-25;hipo:2026-09-26;hipo:2026-09-27;hipo:2026-09-28;hipo:2026-09-29;hipo:2026-09-30;hipo:2026-10-01;hipo:2026-10-02;hipo:2026-10-03;hipo:2026-10-04;hipo:2026-10-05;hipo:2026-10-06;hipo:2026-10-07;hipo:2026-10-08,12,0,fetch-error:SSLError,toledoprudente.edu.br,
Brasil University,ub.edu.br,university/college,2026-10-07,Active,redirect:universidadebrasil.edu.br,6,60,http-2xx-html+edu-keywords+trusted-suffix+substantial-content,ub.edu.br,pt-br
Universidade Católica de Brasília,ucb.br,university/college,2026-09-20,Inaccessible,hipo:2026-09-17;hipo:2026-09-18;hipo:2026-09-19;hipo:2026-09-20;hipo:2026-09-21;hipo:2026-09-22;hipo:2026-09-23;hipo:2026-09-24;hipo:2026-09-25;hipo:2026-09-26;hipo:2026-09-27;hipo:2026-09-28;hipo:2026-09-29;hipo:2026-09-30;hipo:2026-10-01;hipo:2026-10-02;hipo:2026-10-03;hipo:2026-10-04;hipo:2026-10-05;hipo:2026-10-06;hipo:2026-10-07;hipo:2026-10-08,31,,,,
Universidade Católica de Brasília,ucb.catolica.edu.br,university/college,2026-09-20,Active,redirect:ucb.br,21,,,,
Universidade Católica de Goiás,ucg.br,university/college,2026-09-20,Inaccessible,hipo:2026-09-17;hipo:2026-09-18;hipo:2026-09-19;hipo:2026-09-20;hipo:2026-09-21;hipo:2026-09-22;hipo:2026-09-23;hipo:2026-09-24;hipo:2026-09-25;hipo:2026-09-26;hipo:2026-09-27;hipo:2026-09-28;hipo:2026-09-29;hipo:2026-09-30;hipo:2026-10-01;hipo:2026-10-02;hipo:2026-10-03;hipo:2026-10-04;hipo:2026-10-05;hipo:2026-10-06;hipo:2026-10-07;hipo:2026-10-08,30,,,,
Universidade Católica de Petrópolis,ucp.br,university/college,2026-09-20,Active,hipo:2026-09-17;hipo:2026-09-18;hipo:2026-09-19;hipo:2026-09-20;hipo:2026-09-21;hipo:2026-09-22;hipo:2026-09-23;hipo:2026-09-24;hipo:2026-09-25;hipo:2026-09-26;hipo:2026-09-27;hipo:2026-09-28;hipo:2026-09-29;hipo:2026-09-30;hipo:2026-10-01;hipo:2026-10-02;hipo:2026-10-03;hipo:2026-10-04;hipo:2026-10-05;hipo:2026-10-06;hipo:2026-10-07;hipo:2026-10-08,30,,,,
Universidade Católica de Pelotas,ucpel.tche.br,university/college,2026-09-20,Inaccessible,hipo:2026-09-17;hipo:2026-09-18;hipo:2026-09-19;hipo:2026-09-20;hipo:2026-09-21;hipo:2026-09-22;hipo:2026-09-23;hipo:2026-09-24;hipo:2026-09-25;hipo:2026-09-26;hipo:2026-09-27;hipo:2026-09-28;hipo:2026-09-29;hipo:2026-09-30;hipo:2026-10-01;hipo:2026-10-02;hipo:2026-10-03;hipo:2026-10-04;hipo:2026-10-05;hipo:2026-10-06;hipo:2026-10-07;hipo:2026-10-08,30,,,,
Universidade de Caxias do Sul,ucs.tche.br,university/college,2026-09-20,Inaccessible,hipo:2026-09-17;hipo:2026-09-18;hipo:2026-09-19;hipo:2026-09-20;hipo:2026-09-21;hipo:2026-09-22;hipo:2026-09-23;hipo:2026-09-24;hipo:2026-09-25;hipo:2026-09-26;hipo:2026-09-27;hipo:2026-09-28;hipo:2026-09-29;hipo:2026-09-30;hipo:2026-10-01;hipo:2026-10-02;hipo:2026-10-03;hipo:2026-10-04;hipo:2026-10-05;hipo:2026-10-06;hipo:2026-10-07;hipo:2026-10-08,30,0,unreachable-dns,,
Universidade Católica do Salvador,ucsal.br,university/college,2026-09-20,Inaccessible,hipo:2026-09-17;hipo:2026-09-18;hipo:2026-09-19;hipo:2026-09-20;hipo:2026-09-21;hipo:2026-09-22;hipo:2026-09-23;hipo:2026-09-24;hipo:2026-09-25;hipo:2026-09-26;hipo:2026-09-27;hipo:2026-09-28;hipo:2026-09-29;hipo:2026-09-30;hipo:2026-10-01;hipo:2026-10-02;hipo:2026-10-03;hipo:2026-10-04;hipo:2026-10-05;hipo:2026-10-06;hipo:2026-10-07;hipo:2026-10-08,29,,,,
Universidade Católica do Salvador,ucsal.edu.br,university/college,2026-09-20,Inaccessible,hipo:2026-09-17;hipo:2026-09-18;hipo:2026-09-19;hipo:2026-09-20;hipo:2026-09-21;hipo:2026-09-22;hipo:2026-09-23;hipo:2026-09-24;hipo:2026-09-25;hipo:2026-09-26;hipo:2026-09-27;hipo:2026-09-28;hipo:2026-09-29;hipo:2026-09-30;hipo:2026-10-01;hipo:2026-10-02;hipo:2026-10-03;hipo:2026-10-04;hipo:2026-10-05;hipo:2026-10-06;hipo:2026-10-07;hipo:2026-10-08,8,,,,
Universidade do Estado de Santa Catarina,udesc.br,university/college,2026-09-20,Active,hipo:2026-09-17;hipo:2026-09-18;hipo:2026-09-19;hipo:2026-09-20;hipo:2026-09-21;hipo:2026-09-22;hipo:2026-09-23;hipo:2026-09-24;hipo:2026-09-25;hipo:2026-09-26;hipo:2026-09-27;hipo:2026-09-28;hipo:2026-09-29;hipo:2026-09-30;openalex:page85;hipo:2026-10-01;hipo:2026-10-02;hipo:2026-10-03;hipo:2026-10-04;hipo:2026-10-05;hipo:2026-10-06;hipo:2026-10-07;hipo:2026-10-08,30,,,,
Universidade Estadual do Amapá,ueap.edu.br,university/college,2026-10-07,Inaccessible,wikidata:P856;ror:api-p75,17,0,fetch-error:ConnectTimeout,ueap.edu.br,
Universidade Estadual do Ceará,uece.br,university/college,2026-09-20,Active,hipo:2026-09-17;hipo:2026-09-18;hipo:2026-09-19;hipo:2026-09-20;hipo:2026-09-21;hipo:2026-09-22;hipo:2026-09-23;hipo:2026-09-24;hipo:2026-09-25;hipo:2026-09-26;hipo:2026-09-27;hipo:2026-09-28;hipo:2026-09-29;hipo:2026-09-30;hipo:2026-10-01;openalex:page93;hipo:2026-10-02;hipo:2026-10-03;hipo:2026-10-04;hipo:2026-10-05;hipo:2026-10-06;hipo:2026-10-07;hipo:2026-10-08,30,,,,
Universidade Estadual de Feira de Santana,uefs.br,university/college,2026-09-20,Inaccessible,hipo:2026-09-17;hipo:2026-09-18;hipo:2026-09-19;hipo:2026-09-20;hipo:2026-09-21;hipo:2026-09-22;hipo:2026-09-23;hipo:2026-09-24;hipo:2026-09-25;hipo:2026-09-26;hipo:2026-09-27;hipo:2026-09-28;hipo:2026-09-29;hipo:2026-09-30;hipo:2026-10-01;hipo:2026-10-02;hipo:2026-10-03;openalex:page101;hipo:2026-10-04;hipo:2026-10-05;hipo:2026-10-06;hipo:2026-10-07;hipo:2026-10-08,30,,,,
Goiás State University,ueg.br,university/college,2026-10-07,Active,wikidata:P856,26,50,http-2xx-html+edu-keywords+substantial-content,ueg.br,
Universidade Estadual de Londrina,uel.br,university/college,2026-09-20,Active,hipo:2026-09-17;hipo:2026-09-18;hipo:2026-09-19;hipo:2026-09-20;hipo:2026-09-21;hipo:2026-09-22;hipo:2026-09-23;hipo:2026-09-24;hipo:2026-09-25;hipo:2026-09-26;hipo:2026-09-27;hipo:2026-09-28;hipo:2026-09-29;hipo:2026-09-30;hipo:2026-10-01;hipo:2026-10-02;hipo:2026-10-03;hipo:2026-10-04;hipo:2026-10-05;hipo:2026-10-06;hipo:2026-10-07;hipo:2026-10-08,31,,,,
Universidade Estadual de Maringá,uem.br,university/college,2026-09-18,Active,deqar:2026-09-16;hipo:2026-09-17;hipo:2026-09-18;hipo:2026-09-19;hipo:2026-09-20;hipo:2026-09-21;hipo:2026-09-22;openalex:page49;hipo:2026-09-23;hipo:2026-09-24;hipo:2026-09-25;hipo:2026-09-26;hipo:2026-09-27;hipo:2026-09-28;hipo:2026-09-29;hipo:2026-09-30;hipo:2026-10-01;hipo:2026-10-02;hipo:2026-10-03;hipo:2026-10-04;hipo:2026-10-05;hipo:2026-10-06;hipo:2026-10-07;hipo:2026-10-08,31,,,,
Universidade Estadual do Maranhão,uema.br,university/college,2026-09-20,Inaccessible,hipo:2026-09-17;hipo:2026-09-18;hipo:2026-09-19;hipo:2026-09-20;hipo:2026-09-21;hipo:2026-09-22;hipo:2026-09-23;wikidata:P856;hipo:2026-09-24;hipo:2026-09-25;hipo:2026-09-26;hipo:2026-09-27;hipo:2026-09-28;hipo:2026-09-29;hipo:2026-09-30;hipo:2026-10-01;hipo:2026-10-02;hipo:2026-10-03;hipo:2026-10-04;hipo:2026-10-05;hipo:2026-10-06;hipo:2026-10-07;hipo:2026-10-08,28,,,,
Mato Grosso do Sul State University,uems.br,university/college,2026-10-07,Inaccessible,wikidata:P856,29,0,unreachable-dns,uems.br,
Universidade Estadual do Norte Fluminense,uenf.br,university/college,2026-09-20,Active,hipo:2026-09-17;hipo:2026-09-18;hipo:2026-09-19;hipo:2026-09-20;hipo:2026-09-21;hipo:2026-09-22;hipo:2026-09-23;hipo:2026-09-24;hipo:2026-09-25;hipo:2026-09-26;hipo:2026-09-27;hipo:2026-09-28;hipo:2026-09-29;hipo:2026-09-30;hipo:2026-10-01;hipo:2026-10-02;hipo:2026-10-03;hipo:2026-10-04;hipo:2026-10-05;hipo:2026-10-06;hipo:2026-10-07;hipo:2026-10-08,30,,,,
Universidade Estadual do Norte do Parana,uenp.edu.br,university/college,2026-10-06,Active,hipo:2026-09-20;hipo:2026-09-21;hipo:2026-09-22;hipo:2026-09-23;hipo:2026-09-24;hipo:2026-09-25;hipo:2026-09-26;hipo:2026-09-27;hipo:2026-09-28;hipo:2026-09-29;hipo:2026-09-30;hipo:2026-10-01;hipo:2026-10-02;hipo:2026-10-03;hipo:2026-10-04;hipo:2026-10-05;hipo:2026-10-06;hipo:2026-10-07;hipo:2026-10-08,19,80,http-2xx-html+multi-source+edu-keywords+trusted-suffix,uenp.edu.br,pt-br
Universidade Estadual da Paraíba,uepb.edu.br,university/college,2026-09-20,Active,hipo:2026-09-17;hipo:2026-09-18;hipo:2026-09-19;hipo:2026-09-20;hipo:2026-09-21;hipo:2026-09-22;hipo:2026-09-23;hipo:2026-09-24;hipo:2026-09-25;hipo:2026-09-26;hipo:2026-09-27;hipo:2026-09-28;hipo:2026-09-29;hipo:2026-09-30;hipo:2026-10-01;hipo:2026-10-02;hipo:2026-10-03;hipo:2026-10-04;hipo:2026-10-05;hipo:2026-10-06;hipo:2026-10-07;hipo:2026-10-08,21,,,,
Universidade Estadual de Ponta Grossa,uepg.br,university/college,2026-09-20,Active,hipo:2026-09-17;hipo:2026-09-18;hipo:2026-09-19;hipo:2026-09-20;hipo:2026-09-21;hipo:2026-09-22;hipo:2026-09-23;hipo:2026-09-24;hipo:2026-09-25;hipo:2026-09-26;hipo:2026-09-27;hipo:2026-09-28;hipo:2026-09-29;hipo:2026-09-30;hipo:2026-10-01;hipo:2026-10-02;hipo:2026-10-03;hipo:2026-10-04;hipo:2026-10-05;hipo:2026-10-06;hipo:2026-10-07;openalex:page120;hipo:2026-10-08,30,,,,
Universidade do Estado do Rio de Janeiro,uerj.br,university/college,2026-09-18,Inaccessible,deqar:2026-09-16;hipo:2026-09-17;hipo:2026-09-18;hipo:2026-09-19;hipo:2026-09-20;hipo:2026-09-21;hipo:2026-09-22;hipo:2026-09-23;hipo:2026-09-24;hipo:2026-09-25;hipo:2026-09-26;hipo:2026-09-27;hipo:2026-09-28;hipo:2026-09-29;hipo:2026-09-30;hipo:2026-10-01;hipo:2026-10-02;hipo:2026-10-03;hipo:2026-10-04;hipo:2026-10-05;hipo:2026-10-06;hipo:2026-10-07;hipo:2026-10-08,30,0,unreachable-dns,,
Universidade do Estado do Rio Grande do Norte,uern.br,university/college,2026-09-20,Inaccessible,hipo:2026-09-17;hipo:2026-09-18;hipo:2026-09-19;hipo:2026-09-20;hipo:2026-09-21;hipo:2026-09-22;hipo:2026-09-23;wikidata:P856;hipo:2026-09-24;hipo:2026-09-25;hipo:2026-09-26;hipo:2026-09-27;hipo:2026-09-28;hipo:2026-09-29;hipo:2026-09-30;hipo:2026-10-01;hipo:2026-10-02;hipo:2026-10-03;hipo:2026-10-04;hipo:2026-10-05;hipo:2026-10-06;hipo:2026-10-07;hipo:2026-10-08,26,,,,
State University of Roraima,uerr.edu.br,university/college,2026-10-07,Active,wikidata:P856,19,60,http-2xx-html+edu-keywords+trusted-suffix+substantial-content,uerr.edu.br,pt-br
Universidade Estadual Sudoeste da Bahia,uesb.br,university/college,2026-09-20,Inaccessible,hipo:2026-09-17;hipo:2026-09-18;hipo:2026-09-19;hipo:2026-09-20;hipo:2026-09-21;hipo:2026-09-22;hipo:2026-09-23;hipo:2026-09-24;hipo:2026-09-25;hipo:2026-09-26;hipo:2026-09-27;hipo:2026-09-28;hipo:2026-09-29;hipo:2026-09-30;hipo:2026-10-01;hipo:2026-10-02;hipo:2026-10-03;hipo:2026-10-04;hipo:2026-10-05;hipo:2026-10-06;hipo:2026-10-07;hipo:2026-10-08,29,0,unreachable-dns,,
Universidade Estadual de Santa Cruz,uesc.br,university/college,2026-09-20,Active,hipo:2026-09-17;hipo:2026-09-18;hipo:2026-09-19;hipo:2026-09-20;hipo:2026-09-21;hipo:2026-09-22;hipo:2026-09-23;hipo:2026-09-24;hipo:2026-09-25;hipo:2026-09-26;hipo:2026-09-27;hipo:2026-09-28;hipo:2026-09-29;hipo:2026-09-30;hipo:2026-10-01;hipo:2026-10-02;hipo:2026-10-03;hipo:2026-10-04;hipo:2026-10-05;hipo:2026-10-06;hipo:2026-10-07;openalex:page119;hipo:2026-10-08,27,,,,
Universidade Estadual do Piauí,uespi.br,university/college,2026-09-20,Inaccessible,hipo:2026-09-17;hipo:2026-09-18;hipo:2026-09-19;hipo:2026-09-20;hipo:2026-09-21;hipo:2026-09-22;hipo:2026-09-23;wikidata:P856;hipo:2026-09-24;hipo:2026-09-25;hipo:2026-09-26;hipo:2026-09-27;hipo:2026-09-28;hipo:2026-09-29;hipo:2026-09-30;hipo:2026-10-01;hipo:2026-10-02;hipo:2026-10-03;hipo:2026-10-04;hipo:2026-10-05;hipo:2026-10-06;hipo:2026-10-07;hipo:2026-10-08,28,,,,
West Zone State University,uezo.rj.gov.br,university/college,2026-10-07,Inaccessible,wikidata:P856,30,0,unreachable-dns,uezo.rj.gov.br,
Universidade Federal do ABC,ufabc.edu.br,university/college,2026-09-20,Active,hipo:2026-09-17;hipo:2026-09-18;hipo:2026-09-19;hipo:2026-09-20;hipo:2026-09-21;hipo:2026-09-22;hipo:2026-09-23;hipo:2026-09-24;hipo:2026-09-25;hipo:2026-09-26;hipo:2026-09-27;hipo:2026-09-28;hipo:2026-09-29;openalex:page82;hipo:2026-09-30;hipo:2026-10-01;hipo:2026-10-02;hipo:2026-10-03;hipo:2026-10-04;hipo:2026-10-05;hipo:2026-10-06;hipo:2026-10-07;hipo:2026-10-08,20,,,,
Universidade Federal do Acre,ufac.br,university/college,2026-09-20,Active,hipo:2026-09-17;hipo:2026-09-18;hipo:2026-09-19;hipo:2026-09-20;hipo:2026-09-21;hipo:2026-09-22;hipo:2026-09-23;wikidata:P856;hipo:2026-09-24;hipo:2026-09-25;hipo:2026-09-26;hipo:2026-09-27;hipo:2026-09-28;hipo:2026-09-29;hipo:2026-09-30;hipo:2026-10-01;hipo:2026-10-02;hipo:2026-10-03;hipo:2026-10-04;hipo:2026-10-05;hipo:2026-10-06;hipo:2026-10-07;hipo:2026-10-08,28,,,,
Universidade Federal de Alagoas,ufal.br,university/college,2026-09-20,Active,hipo:2026-09-17;hipo:2026-09-18;hipo:2026-09-19;hipo:2026-09-20;hipo:2026-09-21;hipo:2026-09-22;hipo:2026-09-23;hipo:2026-09-24;hipo:2026-09-25;hipo:2026-09-26;hipo:2026-09-27;hipo:2026-09-28;openalex:page78;hipo:2026-09-29;hipo:2026-09-30;hipo:2026-10-01;hipo:2026-10-02;hipo:2026-10-03;hipo:2026-10-04;hipo:2026-10-05;hipo:2026-10-06;hipo:2026-10-07;hipo:2026-10-08,30,,,,
Universidade Federal da Bahia,ufba.br,university/college,2026-09-20,Inaccessible,hipo:2026-09-17;hipo:2026-09-18;hipo:2026-09-19;hipo:2026-09-20;hipo:2026-09-21;hipo:2026-09-22;hipo:2026-09-23;hipo:2026-09-24;hipo:2026-09-25;hipo:2026-09-26;hipo:2026-09-27;hipo:2026-09-28;hipo:2026-09-29;hipo:2026-09-30;hipo:2026-10-01;hipo:2026-10-02;hipo:2026-10-03;hipo:2026-10-04;hipo:2026-10-05;hipo:2026-10-06;hipo:2026-10-07;hipo:2026-10-08,30,,,,
Universidade Federal do Ceará,ufc.br,university/college,2026-09-20,Active,hipo:2026-09-17;hipo:2026-09-18;hipo:2026-09-19;hipo:2026-09-20;hipo:2026-09-21;hipo:2026-09-22;hipo:2026-09-23;hipo:2026-09-24;hipo:2026-09-25;hipo:2026-09-26;hipo:2026-09-27;hipo:2026-09-28;hipo:2026-09-29;hipo:2026-09-30;hipo:2026-10-01;hipo:2026-10-02;hipo:2026-10-03;hipo:2026-10-04;hipo:2026-10-05;hipo:2026-10-06;hipo:2026-10-07;hipo:2026-10-08,30,,,,
Universidade Federal de Campina Grande,ufcg.edu.br,university/college,2026-09-20,Inaccessible,hipo:2026-09-17;hipo:2026-09-18;hipo:2026-09-19;hipo:2026-09-20;hipo:2026-09-21;hipo:2026-09-22;hipo:2026-09-23;hipo:2026-09-24;hipo:2026-09-25;hipo:2026-09-26;hipo:2026-09-27;hipo:2026-09-28;hipo:2026-09-29;hipo:2026-09-30;hipo:2026-10-01;hipo:2026-10-02;hipo:2026-10-03;hipo:2026-10-04;hipo:2026-10-05;hipo:2026-10-06;hipo:2026-10-07;hipo:2026-10-08,24,,,,
Federal University of Health Sciences of Porto Alegre (UFCSPA)_,ufcspa.edu.br,university/college,2026-09-18,Active,deqar:2026-09-16,18,,,,
Universidade Federal do Espírito Santo,ufes.br,university/college,2026-09-18,Active,deqar:2026-09-16;hipo:2026-09-17;hipo:2026-09-18;hipo:2026-09-19;hipo:2026-09-20;hipo:2026-09-21;hipo:2026-09-22;hipo:2026-09-23;wikidata:P856;hipo:2026-09-24;hipo:2026-09-25;hipo:2026-09-26;hipo:2026-09-27;hipo:2026-09-28;hipo:2026-09-29;hipo:2026-09-30;hipo:2026-10-01;hipo:2026-10-02;hipo:2026-10-03;hipo:2026-10-04;hipo:2026-10-05;hipo:2026-10-06;hipo:2026-10-07;hipo:2026-10-08,30,,,,
Universidade Federal Fluminense,uff.br,university/college,2026-09-18,Active,deqar:2026-09-16;hipo:2026-09-17;hipo:2026-09-18;hipo:2026-09-19;openalex:page31;hipo:2026-09-20;hipo:2026-09-21;hipo:2026-09-22;hipo:2026-09-23;hipo:2026-09-24;hipo:2026-09-25;hipo:2026-09-26;hipo:2026-09-27;hipo:2026-09-28;hipo:2026-09-29;hipo:2026-09-30;hipo:2026-10-01;hipo:2026-10-02;hipo:2026-10-03;hipo:2026-10-04;hipo:2026-10-05;hipo:2026-10-06;hipo:2026-10-07;hipo:2026-10-08,30,,,,
Universidade Federal de Goiás,ufg.br,university/college,2026-09-17,Active,deqar:2026-09-16;hipo:2026-09-17;hipo:2026-09-18;hipo:2026-09-19;hipo:2026-09-20;hipo:2026-09-21;hipo:2026-09-22;hipo:2026-09-23;hipo:2026-09-24;hipo:2026-09-25;hipo:2026-09-26;hipo:2026-09-27;hipo:2026-09-28;hipo:2026-09-29;hipo:2026-09-30;hipo:2026-10-01;hipo:2026-10-02;hipo:2026-10-03;hipo:2026-10-04;hipo:2026-10-05;hipo:2026-10-06;hipo:2026-10-07;hipo:2026-10-08,30,,,,
Universidade Federal da Grande Dourados,ufgd.edu.br,university/college,2026-09-20,Active,hipo:2026-09-17;hipo:2026-09-18;hipo:2026-09-19;hipo:2026-09-20;hipo:2026-09-21;hipo:2026-09-22;hipo:2026-09-23;hipo:2026-09-24;hipo:2026-09-25;hipo:2026-09-26;hipo:2026-09-27;hipo:2026-09-28;hipo:2026-09-29;hipo:2026-09-30;hipo:2026-10-01;hipo:2026-10-02;hipo:2026-10-03;hipo:2026-10-04;hipo:2026-10-05;hipo:2026-10-06;hipo:2026-10-07;hipo:2026-10-08,20,,,,
Universidade Federal de Juiz de Fora,ufjf.br,university/college,2026-09-20,Active,hipo:2026-09-17;hipo:2026-09-18;hipo:2026-09-19;hipo:2026-09-20;hipo:2026-09-21;hipo:2026-09-22;hipo:2026-09-23;hipo:2026-09-24;hipo:2026-09-25;hipo:2026-09-26;hipo:2026-09-27;hipo:2026-09-28;hipo:2026-09-29;hipo:2026-09-30;hipo:2026-10-01;hipo:2026-10-02;hipo:2026-10-03;hipo:2026-10-04;hipo:2026-10-05;hipo:2026-10-06;hipo:2026-10-07;hipo:2026-10-08,30,,,,
Universidade Federal de Lavras,ufla.br,university/college,2026-09-20,Active,hipo:2026-09-17;hipo:2026-09-18;hipo:2026-09-19;hipo:2026-09-20;hipo:2026-09-21;hipo:2026-09-22;hipo:2026-09-23;wikidata:P856;hipo:2026-09-24;hipo:2026-09-25;hipo:2026-09-26;openalex:page68;hipo:2026-09-27;hipo:2026-09-28;hipo:2026-09-29;hipo:2026-09-30;hipo:2026-10-01;hipo:2026-10-02;hipo:2026-10-03;hipo:2026-10-04;hipo:2026-10-05;hipo:2026-10-06;hipo:2026-10-07;hipo:2026-10-08,30,,,,
Universidade Federal do Maranhão,ufma.br,university/college,2026-09-20,Inaccessible,hipo:2026-09-17;hipo:2026-09-18;hipo:2026-09-19;hipo:2026-09-20;hipo:2026-09-21;hipo:2026-09-22;hipo:2026-09-23;hipo:2026-09-24;hipo:2026-09-25;hipo:2026-09-26;hipo:2026-09-27;hipo:2026-09-28;hipo:2026-09-29;hipo:2026-09-30;hipo:2026-10-01;hipo:2026-10-02;hipo:2026-10-03;hipo:2026-10-04;hipo:2026-10-05;hipo:2026-10-06;hipo:2026-10-07;hipo:2026-10-08,30,,,,
Universidade Federal de Minas Gerais,ufmg.br,university/college,2026-10-05,Active,openalex:page14;deqar:2026-09-16;hipo:2026-09-17;hipo:2026-09-18;hipo:2026-09-19;hipo:2026-09-20;hipo:2026-09-21;hipo:2026-09-22;hipo:2026-09-23;hipo:2026-09-24;hipo:2026-09-25;hipo:2026-09-26;hipo:2026-09-27;hipo:2026-09-28;hipo:2026-09-29;hipo:2026-09-30;hipo:2026-10-01;hipo:2026-10-02;hipo:2026-10-03;hipo:2026-10-04;hipo:2026-10-05;hipo:2026-10-06;hipo:2026-10-07;hipo:2026-10-08,30,80,http-2xx-html+multi-source+edu-keywords+substantial-content,ufmg.br,pt-br
Universidade Federal de Mato Grosso do Sul,ufms.br,university/college,2026-09-20,Inaccessible,hipo:2026-09-17;hipo:2026-09-18;hipo:2026-09-19;hipo:2026-09-20;hipo:2026-09-21;hipo:2026-09-22;hipo:2026-09-23;hipo:2026-09-24;hipo:2026-09-25;hipo:2026-09-26;openalex:page70;hipo:2026-09-27;hipo:2026-09-28;hipo:2026-09-29;hipo:2026-09-30;hipo:2026-10-01;hipo:2026-10-02;hipo:2026-10-03;hipo:2026-10-04;hipo:2026-10-05;hipo:2026-10-06;hipo:2026-10-07;hipo:2026-10-08,30,,,,
Universidade Federal de Mato Grosso,ufmt.br,university/college,2026-09-17,Inaccessible,deqar:2026-09-16;hipo:2026-09-17;hipo:2026-09-18;hipo:2026-09-19;hipo:2026-09-20;hipo:2026-09-21;hipo:2026-09-22;hipo:2026-09-23;hipo:2026-09-24;hipo:2026-09-25;hipo:2026-09-26;openalex:page67;hipo:2026-09-27;hipo:2026-09-28;hipo:2026-09-29;hipo:2026-09-30;hipo:2026-10-01;hipo:2026-10-02;hipo:2026-10-03;hipo:2026-10-04;hipo:2026-10-05;hipo:2026-10-06;hipo:2026-10-07;hipo:2026-10-08,30,,,,
Universidade Franciscana,ufn.edu.br,university/college,2026-10-05,Inaccessible,hipo:2026-09-20;hipo:2026-09-21;hipo:2026-09-22;hipo:2026-09-23;hipo:2026-09-24;hipo:2026-09-25;hipo:2026-09-26;hipo:2026-09-27;hipo:2026-09-28;hipo:2026-09-29;hipo:2026-09-30;hipo:2026-10-01;hipo:2026-10-02;hipo:2026-10-03;wikidata:P856;hipo:2026-10-04;hipo:2026-10-05;hipo:2026-10-06;hipo:2026-10-07;hipo:2026-10-08,7,5,empty-body,ufn.edu.br,
Universidade Federal de Ouro Preto,ufop.br,university/college,2026-09-20,Inaccessible,hipo:2026-09-17;hipo:2026-09-18;hipo:2026-09-19;hipo:2026-09-20;hipo:2026-09-21;hipo:2026-09-22;hipo:2026-09-23;hipo:2026-09-24;hipo:2026-09-25;hipo:2026-09-26;hipo:2026-09-27;hipo:2026-09-28;hipo:2026-09-29;hipo:2026-09-30;hipo:2026-10-01;hipo:2026-10-02;openalex:page98;hipo:2026-10-03;hipo:2026-10-04;hipo:2026-10-05;hipo:2026-10-06;hipo:2026-10-07;hipo:2026-10-08,30,,,,
Universidade Federal do Pará,ufpa.br,university/college,2026-09-20,Active,hipo:2026-09-17;hipo:2026-09-18;hipo:2026-09-19;hipo:2026-09-20;hipo:2026-09-21;hipo:2026-09-22;hipo:2026-09-23;hipo:2026-09-24;hipo:2026-09-25;hipo:2026-09-26;hipo:2026-09-27;hipo:2026-09-28;hipo:2026-09-29;hipo:2026-09-30;hipo:2026-10-01;hipo:2026-10-02;hipo:2026-10-03;hipo:2026-10-04;hipo:2026-10-05;hipo:2026-10-06;hipo:2026-10-07;hipo:2026-10-08,30,,,,
Universidade Federal da Paraíba,ufpb.br,university/college,2026-09-20,Active,hipo:2026-09-17;hipo:2026-09-18;hipo:2026-09-19;hipo:2026-09-20;hipo:2026-09-21;hipo:2026-09-22;hipo:2026-09-23;hipo:2026-09-24;hipo:2026-09-25;hipo:2026-09-26;hipo:2026-09-27;hipo:2026-09-28;hipo:2026-09-29;hipo:2026-09-30;hipo:2026-10-01;hipo:2026-10-02;hipo:2026-10-03;hipo:2026-10-04;hipo:2026-10-05;hipo:2026-10-06;hipo:2026-10-07;hipo:2026-10-08,30,,,,
Universidade Federal de Pernambuco,ufpe.br,university/college,2026-09-18,Inaccessible,deqar:2026-09-16;hipo:2026-09-17;hipo:2026-09-18;hipo:2026-09-19;hipo:2026-09-20;hipo:2026-09-21;hipo:2026-09-22;hipo:2026-09-23;hipo:2026-09-24;hipo:2026-09-25;hipo:2026-09-26;hipo:2026-09-27;hipo:2026-09-28;hipo:2026-09-29;hipo:2026-09-30;hipo:2026-10-01;hipo:2026-10-02;hipo:2026-10-03;hipo:2026-10-04;hipo:2026-10-05;hipo:2026-10-06;hipo:2026-10-07;hipo:2026-10-08,30,0,unreachable-dns,,
Universidade Federal de Pelotas,ufpel.tche.br,university/college,2026-09-20,Inaccessible,hipo:2026-09-17;hipo:2026-09-18;hipo:2026-09-19;hipo:2026-09-20;hipo:2026-09-21;hipo:2026-09-22;hipo:2026-09-23;hipo:2026-09-24;hipo:2026-09-25;hipo:2026-09-26;hipo:2026-09-27;hipo:2026-09-28;hipo:2026-09-29;hipo:2026-09-30;hipo:2026-10-01;hipo:2026-10-02;hipo:2026-10-03;hipo:2026-10-04;hipo:2026-10-05;hipo:2026-10-06;hipo:2026-10-07;hipo:2026-10-08,30,,,,
Universidade Federal do Piauí,ufpi.br,university/college,2026-09-18,Active,deqar:2026-09-16;hipo:2026-09-17;hipo:2026-09-18;hipo:2026-09-19;hipo:2026-09-20;hipo:2026-09-21;hipo:2026-09-22;hipo:2026-09-23;hipo:2026-09-24;hipo:2026-09-25;hipo:2026-09-26;hipo:2026-09-27;openalex:page74;hipo:2026-09-28;hipo:2026-09-29;hipo:2026-09-30;hipo:2026-10-01;hipo:2026-10-02;hipo:2026-10-03;hipo:2026-10-04;hipo:2026-10-05;hipo:2026-10-06;hipo:2026-10-07;hipo:2026-10-08,29,,,,
Universidade Federal do Paraná,ufpr.br,university/college,2026-09-17,Active,deqar:2026-09-16;openalex:page20;hipo:2026-09-17;hipo:2026-09-18;hipo:2026-09-19;hipo:2026-09-20;hipo:2026-09-21;hipo:2026-09-22;hipo:2026-09-23;hipo:2026-09-24;hipo:2026-09-25;hipo:2026-09-26;hipo:2026-09-27;hipo:2026-09-28;hipo:2026-09-29;hipo:2026-09-30;hipo:2026-10-01;hipo:2026-10-02;hipo:2026-10-03;hipo:2026-10-04;hipo:2026-10-05;hipo:2026-10-06;hipo:2026-10-07;hipo:2026-10-08,30,,,,
Universidade Federal do Rio Grande do Sul,ufrgs.br,university/college,2026-10-05,Inaccessible,openalex:page10;deqar:2026-09-16;hipo:2026-09-17;hipo:2026-09-18;hipo:2026-09-19;hipo:2026-09-20;hipo:2026-09-21;hipo:2026-09-22;wikidata:P856;hipo:2026-09-23;hipo:2026-09-24;hipo:2026-09-25;hipo:2026-09-26;hipo:2026-09-27;hipo:2026-09-28;hipo:2026-09-29;hipo:2026-09-30;hipo:2026-10-01;hipo:2026-10-02;hipo:2026-10-03;hipo:2026-10-04;hipo:2026-10-05;hipo:2026-10-06;hipo:2026-10-07;hipo:2026-10-08,30,0,fetch-error:ConnectionError,ufrgs.br,
Universidade Federal do Rio de Janeiro,ufrj.br,university/college,2026-10-05,Active,openalex:page10;deqar:2026-09-16;hipo:2026-09-17;hipo:2026-09-18;hipo:2026-09-19;hipo:2026-09-20;hipo:2026-09-21;hipo:2026-09-22;hipo:2026-09-23;hipo:2026-09-24;hipo:2026-09-25;hipo:2026-09-26;hipo:2026-09-27;hipo:2026-09-28;hipo:2026-09-29;hipo:2026-09-30;hipo:2026-10-01;hipo:2026-10-02;hipo:2026-10-03;hipo:2026-10-04;hipo:2026-10-05;hipo:2026-10-06;hipo:2026-10-07;hipo:2026-10-08,30,80,http-2xx-html+multi-source+edu-keywords+substantial-content,ufrj.br,en-gb
Universidade Federal do Rio Grande do Norte,ufrn.br,university/college,2026-09-18,Active,deqar:2026-09-16;hipo:2026-09-17;hipo:2026-09-18;hipo:2026-09-19;hipo:2026-09-20;hipo:2026-09-21;hipo:2026-09-22;hipo:2026-09-23;hipo:2026-09-24;hipo:2026-09-25;hipo:2026-09-26;hipo:2026-09-27;hipo:2026-09-28;hipo:2026-09-29;hipo:2026-09-30;hipo:2026-10-01;hipo:2026-10-02;hipo:2026-10-03;hipo:2026-10-04;hipo:2026-10-05;hipo:2026-10-06;hipo:2026-10-07;hipo:2026-10-08,30,,,,
Universidade Federal Rural de Pernambuco,ufrpe.br,university/college,2026-09-20,Inaccessible,hipo:2026-09-17;hipo:2026-09-18;hipo:2026-09-19;hipo:2026-09-20;hipo:2026-09-21;hipo:2026-09-22;hipo:2026-09-23;hipo:2026-09-24;hipo:2026-09-25;hipo:2026-09-26;openalex:page69;hipo:2026-09-27;hipo:2026-09-28;hipo:2026-09-29;hipo:2026-09-30;hipo:2026-10-01;hipo:2026-10-02;hipo:2026-10-03;hipo:2026-10-04;hipo:2026-10-05;hipo:2026-10-06;hipo:2026-10-07;hipo:2026-10-08,30,,,,
Universidade Federal Rural do Rio de Janeiro,ufrrj.br,university/college,2026-09-20,Inaccessible,hipo:2026-09-17;hipo:2026-09-18;hipo:2026-09-19;hipo:2026-09-20;hipo:2026-09-21;hipo:2026-09-22;hipo:2026-09-23;hipo:2026-09-24;hipo:2026-09-25;hipo:2026-09-26;hipo:2026-09-27;hipo:2026-09-28;hipo:2026-09-29;hipo:2026-09-30;openalex:page86;hipo:2026-10-01;hipo:2026-10-02;hipo:2026-10-03;hipo:2026-10-04;hipo:2026-10-05;hipo:2026-10-06;hipo:2026-10-07;hipo:2026-10-08,30,,,,
Universidade Federal de Sergipe,ufs.br,university/college,2026-09-20,Active,hipo:2026-09-17;hipo:2026-09-18;hipo:2026-09-19;hipo:2026-09-20;hipo:2026-09-21;hipo:2026-09-22;hipo:2026-09-23;hipo:2026-09-24;hipo:2026-09-25;hipo:2026-09-26;openalex:page68;hipo:2026-09-27;hipo:2026-09-28;hipo:2026-09-29;hipo:2026-09-30;hipo:2026-10-01;hipo:2026-10-02;hipo:2026-10-03;hipo:2026-10-04;hipo:2026-10-05;hipo:2026-10-06;hipo:2026-10-07;hipo:2026-10-08,30,,,,
Universidade Federal de Santa Catarina,ufsc.br,university/college,2026-09-20,Active,hipo:2026-09-17;hipo:2026-09-18;hipo:2026-09-19;hipo:2026-09-20;hipo:2026-09-21;hipo:2026-09-22;hipo:2026-09-23;hipo:2026-09-24;hipo:2026-09-25;hipo:2026-09-26;hipo:2026-09-27;hipo:2026-09-28;hipo:2026-09-29;hipo:2026-09-30;hipo:2026-10-01;hipo:2026-10-02;hipo:2026-10-03;hipo:2026-10-04;hipo:2026-10-05;hipo:2026-10-06;hipo:2026-10-07;hipo:2026-10-08,30,,,,
Universidade Federal de São Carlos,ufscar.br,university/college,2026-09-20,Active,hipo:2026-09-17;hipo:2026-09-18;hipo:2026-09-19;hipo:2026-09-20;hipo:2026-09-21;hipo:2026-09-22;hipo:2026-09-23;hipo:2026-09-24;hipo:2026-09-25;hipo:2026-09-26;hipo:2026-09-27;hipo:2026-09-28;hipo:2026-09-29;hipo:2026-09-30;hipo:2026-10-01;hipo:2026-10-02;hipo:2026-10-03;hipo:2026-10-04;hipo:2026-10-05;hipo:2026-10-06;hipo:2026-10-07;hipo:2026-10-08,30,,,,
Universidade Federal de São João del-Rei,ufsj.edu.br,university/college,2026-09-20,Inaccessible,hipo:2026-09-17;hipo:2026-09-18;hipo:2026-09-19;hipo:2026-09-20;hipo:2026-09-21;hipo:2026-09-22;hipo:2026-09-23;hipo:2026-09-24;hipo:2026-09-25;hipo:2026-09-26;hipo:2026-09-27;hipo:2026-09-28;hipo:2026-09-29;hipo:2026-09-30;hipo:2026-10-01;hipo:2026-10-02;hipo:2026-10-03;hipo:2026-10-04;hipo:2026-10-05;hipo:2026-10-06;openalex:page114;hipo:2026-10-07;hipo:2026-10-08,23,,,,
Universidade Federal de Santa Maria,ufsm.br,university/college,2026-09-20,Active,hipo:2026-09-17;hipo:2026-09-18;hipo:2026-09-19;hipo:2026-09-20;hipo:2026-09-21;hipo:2026-09-22;hipo:2026-09-23;hipo:2026-09-24;hipo:2026-09-25;hipo:2026-09-26;hipo:2026-09-27;hipo:2026-09-28;hipo:2026-09-29;hipo:2026-09-30;hipo:2026-10-01;hipo:2026-10-02;hipo:2026-10-03;hipo:2026-10-04;hipo:2026-10-05;hipo:2026-10-06;hipo:2026-10-07;hipo:2026-10-08,30,,,,
Universidade Federal do Triângulo Mineiro,uftm.edu.br,university/college,2026-09-20,Active,hipo:2026-09-17;hipo:2026-09-18;hipo:2026-09-19;hipo:2026-09-20;hipo:2026-09-21;hipo:2026-09-22;hipo:2026-09-23;wikidata:P856;hipo:2026-09-24;hipo:2026-09-25;hipo:2026-09-26;hipo:2026-09-27;hipo:2026-09-28;hipo:2026-09-29;hipo:2026-09-30;hipo:2026-10-01;hipo:2026-10-02;hipo:2026-10-03;hipo:2026-10-04;hipo:2026-10-05;hipo:2026-10-06;hipo:2026-10-07;hipo:2026-10-08,22,,,,
Federal University of Uberlândia - UFU,ufu.br,university/college,2026-09-18,Active,deqar:2026-09-16;hipo:2026-09-17;hipo:2026-09-18;hipo:2026-09-19;hipo:2026-09-20;hipo:2026-09-21;openalex:page45;hipo:2026-09-22;hipo:2026-09-23;hipo:2026-09-24;hipo:2026-09-25;hipo:2026-09-26;hipo:2026-09-27;hipo:2026-09-28;hipo:2026-09-29;hipo:2026-09-30;hipo:2026-10-01;hipo:2026-10-02;hipo:2026-10-03;hipo:2026-10-04;hipo:2026-10-05;hipo:2026-10-06;hipo:2026-10-07;hipo:2026-10-08,30,,,,
Universidade Federal de Viçosa,ufv.br,university/college,2026-09-20,Active,hipo:2026-09-17;hipo:2026-09-18;hipo:2026-09-19;hipo:2026-09-20;hipo:2026-09-21;hipo:2026-09-22;hipo:2026-09-23;hipo:2026-09-24;hipo:2026-09-25;hipo:2026-09-26;hipo:2026-09-27;hipo:2026-09-28;hipo:2026-09-29;hipo:2026-09-30;hipo:2026-10-01;hipo:2026-10-02;hipo:2026-10-03;hipo:2026-10-04;hipo:2026-10-05;hipo:2026-10-06;hipo:2026-10-07;hipo:2026-10-08,30,,,,
Universidade Federal dos Vales do Jequitinhonha e Mucuri,ufvjm.edu.br,university/college,2026-09-20,Inaccessible,hipo:2026-09-17;hipo:2026-09-18;hipo:2026-09-19;hipo:2026-09-20;hipo:2026-09-21;hipo:2026-09-22;hipo:2026-09-23;wikidata:P856;hipo:2026-09-24;hipo:2026-09-25;hipo:2026-09-26;hipo:2026-09-27;hipo:2026-09-28;hipo:2026-09-29;hipo:2026-09-30;hipo:2026-10-01;hipo:2026-10-02;hipo:2026-10-03;hipo:2026-10-04;hipo:2026-10-05;hipo:2026-10-06;hipo:2026-10-07;hipo:2026-10-08,20,,,,
Universidade Gama Filho,ugf.br,university/college,2026-09-20,Inaccessible,hipo:2026-09-17;hipo:2026-09-18;hipo:2026-09-19;hipo:2026-09-20;hipo:2026-09-21;hipo:2026-09-22;hipo:2026-09-23;wikidata:P856;hipo:2026-09-24;hipo:2026-09-25;hipo:2026-09-26;hipo:2026-09-27;hipo:2026-09-28;hipo:2026-09-29;hipo:2026-09-30;hipo:2026-10-01;hipo:2026-10-02;hipo:2026-10-03;hipo:2026-10-04;hipo:2026-10-05;hipo:2026-10-06;hipo:2026-10-07;hipo:2026-10-08,30,,,,
Universidade Luterana do Brasil,ulbra.br,university/college,2026-09-17,Active,deqar:2026-09-16;hipo:2026-09-17;hipo:2026-09-18;hipo:2026-09-19;hipo:2026-09-20;hipo:2026-09-21;hipo:2026-09-22;hipo:2026-09-23;hipo:2026-09-24;hipo:2026-09-25;hipo:2026-09-26;hipo:2026-09-27;hipo:2026-09-28;hipo:2026-09-29;hipo:2026-09-30;hipo:2026-10-01;hipo:2026-10-02;hipo:2026-10-03;hipo:2026-10-04;hipo:2026-10-05;hipo:2026-10-06;hipo:2026-10-07;hipo:2026-10-08,28,,,,
Universidade de Mogi das Cruzes,umc.br,university/college,2026-09-20,Active,hipo:2026-09-17;hipo:2026-09-18;hipo:2026-09-19;hipo:2026-09-20;hipo:2026-09-21;hipo:2026-09-22;hipo:2026-09-23;wikidata:P856;hipo:2026-09-24;hipo:2026-09-25;hipo:2026-09-26;hipo:2026-09-27;hipo:2026-09-28;hipo:2026-09-29;hipo:2026-09-30;hipo:2026-10-01;hipo:2026-10-02;hipo:2026-10-03;hipo:2026-10-04;hipo:2026-10-05;hipo:2026-10-06;hipo:2026-10-07;hipo:2026-10-08,30,,,,
Universidade de Ribeirão Preto,unaerp.br,university/college,2026-09-20,Inaccessible,hipo:2026-09-17;hipo:2026-09-18;hipo:2026-09-19;hipo:2026-09-20;hipo:2026-09-21;hipo:2026-09-22;hipo:2026-09-23;openalex:page55;wikidata:P856;hipo:2026-09-24;hipo:2026-09-25;hipo:2026-09-26;hipo:2026-09-27;hipo:2026-09-28;hipo:2026-09-29;hipo:2026-09-30;hipo:2026-10-01;hipo:2026-10-02;hipo:2026-10-03;hipo:2026-10-04;hipo:2026-10-05;hipo:2026-10-06;hipo:2026-10-07;hipo:2026-10-08,30,,,,
Universidade da Amazônia,unama.br,university/college,2026-09-20,Inaccessible,hipo:2026-09-17;hipo:2026-09-18;hipo:2026-09-19;hipo:2026-09-20;hipo:2026-09-21;hipo:2026-09-22;hipo:2026-09-23;hipo:2026-09-24;hipo:2026-09-25;hipo:2026-09-26;hipo:2026-09-27;hipo:2026-09-28;hipo:2026-09-29;hipo:2026-09-30;hipo:2026-10-01;hipo:2026-10-02;hipo:2026-10-03;hipo:2026-10-04;hipo:2026-10-05;hipo:2026-10-06;hipo:2026-10-07;hipo:2026-10-08,30,,,,
University of Brasília - UNB,unb.br,university/college,2026-09-17,Active,deqar:2026-09-16;hipo:2026-09-17;openalex:page22;hipo:2026-09-18;hipo:2026-09-19;hipo:2026-09-20;hipo:2026-09-21;hipo:2026-09-22;hipo:2026-09-23;hipo:2026-09-24;hipo:2026-09-25;hipo:2026-09-26;hipo:2026-09-27;hipo:2026-09-28;hipo:2026-09-29;hipo:2026-09-30;hipo:2026-10-01;hipo:2026-10-02;hipo:2026-10-03;hipo:2026-10-04;hipo:2026-10-05;hipo:2026-10-06;hipo:2026-10-07;hipo:2026-10-08,30,,,,
Universidade Estadual de Ciências da Saúde de Alagoas,uncisal.edu.br,university/college,2026-10-07,Active,wikidata:P856,20,60,http-2xx-html+edu-keywords+trusted-suffix+substantial-content,uncisal.edu.br,
Universidade Estadual de Alagoas,uneal.edu.br,university/college,2026-10-07,Inaccessible,wikidata:P856,19,0,fetch-error:ConnectTimeout,uneal.edu.br,
Universidade do Estado da Bahia,uneb.br,university/college,2026-09-20,Active,hipo:2026-09-17;hipo:2026-09-18;hipo:2026-09-19;hipo:2026-09-20;hipo:2026-09-21;hipo:2026-09-22;hipo:2026-09-23;hipo:2026-09-24;hipo:2026-09-25;hipo:2026-09-26;hipo:2026-09-27;hipo:2026-09-28;hipo:2026-09-29;hipo:2026-09-30;hipo:2026-10-01;hipo:2026-10-02;hipo:2026-10-03;hipo:2026-10-04;hipo:2026-10-05;hipo:2026-10-06;hipo:2026-10-07;hipo:2026-10-08,28,,,,
Universidade do Extremo Sul Catarinense,unesc.rct-sc.br,university/college,2026-09-20,Inaccessible,hipo:2026-09-17;hipo:2026-09-18;hipo:2026-09-19;hipo:2026-09-20;hipo:2026-09-21;hipo:2026-09-22;hipo:2026-09-23;hipo:2026-09-24;hipo:2026-09-25;hipo:2026-09-26;hipo:2026-09-27;hipo:2026-09-28;hipo:2026-09-29;hipo:2026-09-30;hipo:2026-10-01;hipo:2026-10-02;hipo:2026-10-03;hipo:2026-10-04;hipo:2026-10-05;hipo:2026-10-06;hipo:2026-10-07;hipo:2026-10-08,30,,,,
Universidade Estadual Paulista,unesp.br,university/college,2026-09-20,Active,hipo:2026-09-17;hipo:2026-09-18;hipo:2026-09-19;hipo:2026-09-20;hipo:2026-09-21;hipo:2026-09-22;hipo:2026-09-23;hipo:2026-09-24;hipo:2026-09-25;hipo:2026-09-26;hipo:2026-09-27;hipo:2026-09-28;hipo:2026-09-29;hipo:2026-09-30;hipo:2026-10-01;hipo:2026-10-02;hipo:2026-10-03;hipo:2026-10-04;hipo:2026-10-05;hipo:2026-10-06;hipo:2026-10-07;hipo:2026-10-08,30,,,,
Universidade de Guarulhos,ung.br,university/college,2026-09-20,Inaccessible,hipo:2026-09-17;hipo:2026-09-18;hipo:2026-09-19;hipo:2026-09-20;hipo:2026-09-21;hipo:2026-09-22;hipo:2026-09-23;wikidata:P856;hipo:2026-09-24;hipo:2026-09-25;hipo:2026-09-26;hipo:2026-09-27;hipo:2026-09-28;hipo:2026-09-29;hipo:2026-09-30;hipo:2026-10-01;hipo:2026-10-02;hipo:2026-10-03;hipo:2026-10-04;hipo:2026-10-05;hipo:2026-10-06;hipo:2026-10-07;hipo:2026-10-08,29,,,,
UNINOVE,uni9.edu.br,university/college,2026-10-05,Inaccessible,hipo:2026-09-20;hipo:2026-09-21;hipo:2026-09-22;hipo:2026-09-23;hipo:2026-09-24;hipo:2026-09-25;hipo:2026-09-26;hipo:2026-09-27;hipo:2026-09-28;hipo:2026-09-29;hipo:2026-09-30;hipo:2026-10-01;hipo:2026-10-02;hipo:2026-10-03;hipo:2026-10-04;hipo:2026-10-05;hipo:2026-10-06;hipo:2026-10-07;hipo:2026-10-08,11,0,unreachable-dns,uni9.edu.br,
UNIABEU--Centro Universitário,uniabeu.edu.br,university/college,2026-10-07,Active,wikidata:P856,23,60,http-2xx-html+edu-keywords+structure+substantial-content,uniabeu.edu.br,pt-br
UNIAENE - Adventist University Teaching Center of the Northeast,uniaene.edu.br,university/college,2026-10-05,Active,redirect:adventista.edu.br,1,85,http-2xx-html+schema.org-edu+edu-keywords+structure+substantial-content,uniaene.edu.br,pt-br
Uniandrade,uniandrade.br,university/college,2026-10-07,Active,redirect:uniandrade.edu.br,27,50,http-2xx-html+edu-keywords+substantial-content,uniandrade.br,pt-br
Uniandrade,uniandrade.edu.br,university/college,2026-10-07,Inaccessible,wikidata:P856,21,40,moved-to:uniandrade.br,uniandrade.br,pt-br
Faculdade Anhanguera de Passo Fundo,unianhanguera.edu.br,university/college,2026-10-05,Inaccessible,wikidata:P856,24,0,fetch-error:ConnectTimeout,unianhanguera.edu.br,
Centro Universitário de Araraquara,uniara.com.br,university/college,2026-09-20,Active,hipo:2026-09-17;hipo:2026-09-18;hipo:2026-09-19;hipo:2026-09-20;hipo:2026-09-21;hipo:2026-09-22;hipo:2026-09-23;hipo:2026-09-24;hipo:2026-09-25;hipo:2026-09-26;hipo:2026-09-27;hipo:2026-09-28;hipo:2026-09-29;hipo:2026-09-30;hipo:2026-10-01;hipo:2026-10-02;hipo:2026-10-03;hipo:2026-10-04;hipo:2026-10-05;hipo:2026-10-06;hipo:2026-10-07;hipo:2026-10-08,28,,,,
Centro Universitário de Araraquara,uniara.edu.br,university/college,2026-09-20,Inaccessible,hipo:2026-09-17;hipo:2026-09-18;hipo:2026-09-19;hipo:2026-09-20;hipo:2026-09-21;hipo:2026-09-22;hipo:2026-09-23;hipo:2026-09-24;hipo:2026-09-25;hipo:2026-09-26;hipo:2026-09-27;hipo:2026-09-28;hipo:2026-09-29;hipo:2026-09-30;hipo:2026-10-01;hipo:2026-10-02;hipo:2026-10-03;hipo:2026-10-04;hipo:2026-10-05;hipo:2026-10-06;hipo:2026-10-07;hipo:2026-10-08,23,,,,
Uniararas,uniararas.br,university/college,2026-10-07,Inaccessible,wikidata:P856,29,5,http-403,uniararas.br,
Universidade do Alto Vale do Rio do Peixe,uniarp.edu.br,university/college,2026-10-07,Active,wikidata:P856,16,60,http-2xx-html+edu-keywords+trusted-suffix+substantial-content,uniarp.edu.br,pt-br
UNIASSELVI,uniasselvi.com.br,university/college,2026-10-07,Active,wikidata:P856,22,85,http-2xx-html+schema.org-edu+edu-keywords+structure+substantial-content,portal.uniasselvi.com.br,pt-br
Universidade Ibirapuera,unib.br,university/college,2026-09-20,Inaccessible,hipo:2026-09-17;hipo:2026-09-18;hipo:2026-09-19;hipo:2026-09-20;hipo:2026-09-21;hipo:2026-09-22;hipo:2026-09-23;hipo:2026-09-24;hipo:2026-09-25;hipo:2026-09-26;hipo:2026-09-27;hipo:2026-09-28;hipo:2026-09-29;hipo:2026-09-30;hipo:2026-10-01;hipo:2026-10-02;hipo:2026-10-03;hipo:2026-10-04;hipo:2026-10-05;hipo:2026-10-06;hipo:2026-10-07;hipo:2026-10-08,30,,,,
Universidade Bandeirante de São Paulo,uniban.br,university/college,2026-09-20,Inaccessible,hipo:2026-09-17;hipo:2026-09-18;hipo:2026-09-19;hipo:2026-09-20;hipo:2026-09-21;hipo:2026-09-22;hipo:2026-09-23;hipo:2026-09-24;hipo:2026-09-25;hipo:2026-09-26;hipo:2026-09-27;hipo:2026-09-28;hipo:2026-09-29;hipo:2026-09-30;hipo:2026-10-01;hipo:2026-10-02;hipo:2026-10-03;hipo:2026-10-04;hipo:2026-10-05;hipo:2026-10-06;hipo:2026-10-07;hipo:2026-10-08,30,,,,
Universidade Católica Dom Bosco,unibosco.br,university/college,2026-09-20,Inaccessible,hipo:2026-09-17;hipo:2026-09-18;hipo:2026-09-19;hipo:2026-09-20;hipo:2026-09-21;hipo:2026-09-22;hipo:2026-09-23;hipo:2026-09-24;hipo:2026-09-25;hipo:2026-09-26;hipo:2026-09-27;hipo:2026-09-28;hipo:2026-09-29;hipo:2026-09-30;hipo:2026-10-01;hipo:2026-10-02;hipo:2026-10-03;hipo:2026-10-04;hipo:2026-10-05;hipo:2026-10-06;hipo:2026-10-07;hipo:2026-10-08,30,0,unreachable-dns,,
Faculdades Integradas do Brasil - UNIBRASIL,unibrasil.com.br,university/college,2026-09-20,Active,hipo:2026-09-17;hipo:2026-09-18;hipo:2026-09-19;hipo:2026-09-20;hipo:2026-09-21;hipo:2026-09-22;hipo:2026-09-23;hipo:2026-09-24;hipo:2026-09-25;hipo:2026-09-26;hipo:2026-09-27;hipo:2026-09-28;hipo:2026-09-29;hipo:2026-09-30;hipo:2026-10-01;hipo:2026-10-02;hipo:2026-10-03;hipo:2026-10-04;hipo:2026-10-05;hipo:2026-10-06;hipo:2026-10-07;hipo:2026-10-08,27,,,,
Universidade Estadual de Campinas (UNICAMP),unicamp.br,university/college,2026-09-27,Active,openalex:page8;deqar:2026-09-16;hipo:2026-09-17;hipo:2026-09-18;hipo:2026-09-19;hipo:2026-09-20;hipo:2026-09-21;hipo:2026-09-22;hipo:2026-09-23;hipo:2026-09-24;hipo:2026-09-25;hipo:2026-09-26;hipo:2026-09-27;hipo:2026-09-28;hipo:2026-09-29;hipo:2026-09-30;hipo:2026-10-01;hipo:2026-10-02;hipo:2026-10-03;hipo:2026-10-04;hipo:2026-10-05;hipo:2026-10-06;hipo:2026-10-07;hipo:2026-10-08,30,80,http-2xx-html+multi-source+edu-keywords+substantial-content,unicamp.br,pt-br
Universidade Católica de Pernambuco,unicap.br,university/college,2026-09-20,Inaccessible,hipo:2026-09-17;hipo:2026-09-18;hipo:2026-09-19;hipo:2026-09-20;hipo:2026-09-21;hipo:2026-09-22;hipo:2026-09-23;hipo:2026-09-24;hipo:2026-09-25;hipo:2026-09-26;hipo:2026-09-27;hipo:2026-09-28;hipo:2026-09-29;hipo:2026-09-30;hipo:2026-10-01;hipo:2026-10-02;hipo:2026-10-03;hipo:2026-10-04;hipo:2026-10-05;hipo:2026-10-06;hipo:2026-10-07;hipo:2026-10-08,30,0,unreachable-dns,,
Universidade Camilo Castelo Branco,unicastelo.br,university/college,2026-09-20,Inaccessible,hipo:2026-09-17;hipo:2026-09-18;hipo:2026-09-19;hipo:2026-09-20;hipo:2026-09-21;hipo:2026-09-22;hipo:2026-09-23;wikidata:P856;hipo:2026-09-24;hipo:2026-09-25;hipo:2026-09-26;hipo:2026-09-27;hipo:2026-09-28;hipo:2026-09-29;hipo:2026-09-30;hipo:2026-10-01;hipo:2026-10-02;hipo:2026-10-03;hipo:2026-10-04;hipo:2026-10-05;hipo:2026-10-06;hipo:2026-10-07;hipo:2026-10-08,28,,,,
Centro Universitário Católica de Quixadá,unicatolicaquixada.edu.br,university/college,2026-09-17,Inaccessible,wikidata:P856,10,,,,
Cesumar University,unicesumar.edu.br,university/college,2026-09-18,Inaccessible,deqar:2026-09-16,13,,,,
"Centro Universitário de Brasília, UNICEUB",uniceub.br,university/college,2026-09-20,Inaccessible,hipo:2026-09-11;hipo:2026-09-13;hipo:2026-09-17;hipo:2026-09-18;hipo:2026-09-19;hipo:2026-09-20;hipo:2026-09-21;hipo:2026-09-22;wikidata:P856;hipo:2026-09-23;hipo:2026-09-24;hipo:2026-09-25;hipo:2026-09-26;hipo:2026-09-27;hipo:2026-09-28;hipo:2026-09-29;hipo:2026-09-30;hipo:2026-10-01;hipo:2026-10-02;hipo:2026-10-03;hipo:2026-10-04;hipo:2026-10-05;hipo:2026-10-06;hipo:2026-10-07;hipo:2026-10-08,27,,,,
Christus University,unichristus.edu.br,university/college,2026-09-17,Active,wikidata:P856,15,,,,
Universidade Cidade de São Paulo,unicid.br,university/college,2026-09-20,Inaccessible,hipo:2026-09-17;hipo:2026-09-18;hipo:2026-09-19;hipo:2026-09-20;hipo:2026-09-21;hipo:2026-09-22;hipo:2026-09-23;hipo:2026-09-24;hipo:2026-09-25;hipo:2026-09-26;hipo:2026-09-27;hipo:2026-09-28;hipo:2026-09-29;hipo:2026-09-30;hipo:2026-10-01;hipo:2026-10-02;hipo:2026-10-03;hipo:2026-10-04;hipo:2026-10-05;hipo:2026-10-06;hipo:2026-10-07;hipo:2026-10-08,30,,,,
Universidade de Cruz Alta,unicruz.tche.br,university/college,2026-09-20,Inaccessible,hipo:2026-09-17;hipo:2026-09-18;hipo:2026-09-19;hipo:2026-09-20;hipo:2026-09-21;hipo:2026-09-22;hipo:2026-09-23;hipo:2026-09-24;hipo:2026-09-25;hipo:2026-09-26;hipo:2026-09-27;hipo:2026-09-28;hipo:2026-09-29;hipo:2026-09-30;hipo:2026-10-01;hipo:2026-10-02;hipo:2026-10-03;hipo:2026-10-04;hipo:2026-10-05;hipo:2026-10-06;hipo:2026-10-07;hipo:2026-10-08,30,0,unreachable-dns,,
Universidade Cruzeiro do Sul,unicsul.br,university/college,2026-09-20,Inaccessible,hipo:2026-09-17;hipo:2026-09-18;hipo:2026-09-19;hipo:2026-09-20;hipo:2026-09-21;hipo:2026-09-22;hipo:2026-09-23;hipo:2026-09-24;hipo:2026-09-25;hipo:2026-09-26;hipo:2026-09-27;hipo:2026-09-28;hipo:2026-09-29;hipo:2026-09-30;hipo:2026-10-01;hipo:2026-10-02;hipo:2026-10-03;hipo:2026-10-04;hipo:2026-10-05;hipo:2026-10-06;hipo:2026-10-07;hipo:2026-10-08,27,,,,
Universidade para o Desenvolvimento do Alto Vale do Itajaí,unidavi.rct-sc.br,university/college,2026-09-20,Inaccessible,hipo:2026-09-17;hipo:2026-09-18;hipo:2026-09-19;hipo:2026-09-20;hipo:2026-09-21;hipo:2026-09-22;hipo:2026-09-23;hipo:2026-09-24;hipo:2026-09-25;hipo:2026-09-26;hipo:2026-09-27;hipo:2026-09-28;hipo:2026-09-29;hipo:2026-09-30;hipo:2026-10-01;hipo:2026-10-02;hipo:2026-10-03;hipo:2026-10-04;hipo:2026-10-05;hipo:2026-10-06;hipo:2026-10-07;hipo:2026-10-08,30,,,,
Anhanguera-Uniderp University,uniderp.br,university/college,2026-09-17,Inaccessible,deqar:2026-09-16,29,,,,
Anhanguera-Uniderp University,uniderp.com.br,university/college,2026-09-17,Inaccessible,redirect:uniderp.br,10,,,,
UniEvangélica,unievangelica.edu.br,university/college,2026-10-07,Active,wikidata:P856,22,60,http-2xx-html+edu-keywords+trusted-suffix+substantial-content,www4.unievangelica.edu.br,pt-br
Universidade Salvador,unifacs.br,university/college,2026-09-20,Active,hipo:2026-09-17;hipo:2026-09-18;hipo:2026-09-19;hipo:2026-09-20;hipo:2026-09-21;hipo:2026-09-22;hipo:2026-09-23;hipo:2026-09-24;hipo:2026-09-25;hipo:2026-09-26;hipo:2026-09-27;hipo:2026-09-28;hipo:2026-09-29;hipo:2026-09-30;hipo:2026-10-01;hipo:2026-10-02;hipo:2026-10-03;hipo:2026-10-04;hipo:2026-10-05;hipo:2026-10-06;hipo:2026-10-07;hipo:2026-10-08,28,,,,
Universidade Federal do Amapá,unifap.br,university/college,2026-09-20,Active,hipo:2026-09-17;hipo:2026-09-18;hipo:2026-09-19;hipo:2026-09-20;hipo:2026-09-21;hipo:2026-09-22;hipo:2026-09-23;hipo:2026-09-24;hipo:2026-09-25;hipo:2026-09-26;hipo:2026-09-27;hipo:2026-09-28;hipo:2026-09-29;hipo:2026-09-30;hipo:2026-10-01;hipo:2026-10-02;hipo:2026-10-03;hipo:2026-10-04;hipo:2026-10-05;hipo:2026-10-06;hipo:2026-10-07;hipo:2026-10-08,26,,,,
Faculdade Paraíso do Ceará,unifapce.edu.br,university/college,2026-09-18,Active,redirect:fapce.edu.br,6,,,,
Faculdade Santa Rita de Cássia,unifasc.com.br,university/college,2026-09-18,Inaccessible,wikidata:P856,2,0,unreachable-dns,,
Centro Universitário UniFatecie,unifatecie.edu.br,university/college,2026-10-05,Inaccessible,redirect:fatecie.edu.br,6,5,http-403,unifatecie.edu.br,
Universidade Federal de Itajubá,unifei.edu.br,university/college,2026-09-20,Inaccessible,hipo:2026-09-17;hipo:2026-09-18;hipo:2026-09-19;hipo:2026-09-20;hipo:2026-09-21;hipo:2026-09-22;hipo:2026-09-23;hipo:2026-09-24;hipo:2026-09-25;hipo:2026-09-26;hipo:2026-09-27;hipo:2026-09-28;hipo:2026-09-29;hipo:2026-09-30;hipo:2026-10-01;hipo:2026-10-02;hipo:2026-10-03;hipo:2026-10-04;hipo:2026-10-05;hipo:2026-10-06;hipo:2026-10-07;hipo:2026-10-08,24,,,,
Universidade de Alfenas,unifenas.br,university/college,2026-09-20,Inaccessible,hipo:2026-09-17;hipo:2026-09-18;hipo:2026-09-19;hipo:2026-09-20;hipo:2026-09-21;hipo:2026-09-22;hipo:2026-09-23;wikidata:P856;hipo:2026-09-24;hipo:2026-09-25;hipo:2026-09-26;hipo:2026-09-27;hipo:2026-09-28;hipo:2026-09-29;hipo:2026-09-30;hipo:2026-10-01;hipo:2026-10-02;hipo:2026-10-03;hipo:2026-10-04;hipo:2026-10-05;hipo:2026-10-06;hipo:2026-10-07;hipo:2026-10-08,31,,,,
Centro Universitário Serra dos Órgãos,unifeso.edu.br,university/college,2026-09-20,Active,hipo:2026-09-17;hipo:2026-09-18;hipo:2026-09-19;hipo:2026-09-20;hipo:2026-09-21;hipo:2026-09-22;hipo:2026-09-23;hipo:2026-09-24;hipo:2026-09-25;hipo:2026-09-26;hipo:2026-09-27;hipo:2026-09-28;hipo:2026-09-29;hipo:2026-09-30;hipo:2026-10-01;hipo:2026-10-02;hipo:2026-10-03;hipo:2026-10-04;hipo:2026-10-05;hipo:2026-10-06;hipo:2026-10-07;hipo:2026-10-08,19,,,,
Universidade de Fortaleza,unifor.br,university/college,2026-09-20,Active,hipo:2026-09-17;hipo:2026-09-18;hipo:2026-09-19;hipo:2026-09-20;hipo:2026-09-21;hipo:2026-09-22;hipo:2026-09-23;wikidata:P856;hipo:2026-09-24;hipo:2026-09-25;hipo:2026-09-26;hipo:2026-09-27;hipo:2026-09-28;hipo:2026-09-29;hipo:2026-09-30;hipo:2026-10-01;hipo:2026-10-02;hipo:2026-10-03;hipo:2026-10-04;hipo:2026-10-05;hipo:2026-10-06;hipo:2026-10-07;hipo:2026-10-08,30,,,,
Universidade de Franca,unifran.br,university/college,2026-09-20,Inaccessible,hipo:2026-09-17;hipo:2026-09-18;hipo:2026-09-19;hipo:2026-09-20;hipo:2026-09-21;hipo:2026-09-22;hipo:2026-09-23;wikidata:P856;hipo:2026-09-24;hipo:2026-09-25;hipo:2026-09-26;hipo:2026-09-27;hipo:2026-09-28;hipo:2026-09-29;hipo:2026-09-30;hipo:2026-10-01;hipo:2026-10-02;hipo:2026-10-03;hipo:2026-10-04;hipo:2026-10-05;hipo:2026-10-06;hipo:2026-10-07;hipo:2026-10-08,30,,,,
Universidade de Nova Iguaçu,unig.br,university/college,2026-09-20,Active,hipo:2026-09-17;hipo:2026-09-18;hipo:2026-09-19;hipo:2026-09-20;hipo:2026-09-21;hipo:2026-09-22;hipo:2026-09-23;wikidata:P856;hipo:2026-09-24;hipo:2026-09-25;hipo:2026-09-26;hipo:2026-09-27;hipo:2026-09-28;hipo:2026-09-29;hipo:2026-09-30;hipo:2026-10-01;hipo:2026-10-02;hipo:2026-10-03;hipo:2026-10-04;hipo:2026-10-05;hipo:2026-10-06;hipo:2026-10-07;hipo:2026-10-08,27,,,,
Centro Universitário De Goiás - UNIGOIÁS,unigoias.com.br,university/college,2026-10-06,Active,hipo:2026-09-20;hipo:2026-09-21;hipo:2026-09-22;hipo:2026-09-23;hipo:2026-09-24;hipo:2026-09-25;hipo:2026-09-26;hipo:2026-09-27;hipo:2026-09-28;hipo:2026-09-29;hipo:2026-09-30;hipo:2026-10-01;hipo:2026-10-02;hipo:2026-10-03;hipo:2026-10-04;hipo:2026-10-05;hipo:2026-10-06;hipo:2026-10-07;hipo:2026-10-08,7,90,http-2xx-html+multi-source+edu-keywords+structure+substantial-content,unigoias.com.br,pt-br
University Centre of the Grande Dourados Region,unigran.br,university/college,2026-09-17,Inaccessible,deqar:2026-09-16,28,,,,
Universidade do Grande Rio,unigranrio.br,university/college,2026-09-20,Inaccessible,hipo:2026-09-17;hipo:2026-09-18;hipo:2026-09-19;hipo:2026-09-20;hipo:2026-09-21;hipo:2026-09-22;hipo:2026-09-23;hipo:2026-09-24;hipo:2026-09-25;hipo:2026-09-26;hipo:2026-09-27;hipo:2026-09-28;hipo:2026-09-29;hipo:2026-09-30;hipo:2026-10-01;hipo:2026-10-02;hipo:2026-10-03;hipo:2026-10-04;hipo:2026-10-05;hipo:2026-10-06;hipo:2026-10-07;hipo:2026-10-08,30,,,,
Universidade do Grande Rio,unigranrio.edu.br,university/college,2026-09-20,Active,redirect:unigranrio.br,22,,,,
Faculdade Italo Brasileira,uniitalo.com.br,university/college,2026-09-20,Active,redirect:italo.br,19,,,,
Faculdade Panamericana de Ji-paraná,unijipa.edu.br,university/college,2026-09-18,Inaccessible,wikidata:P856,19,0,unreachable-dns,,
Universidade Regional do Noroeste do Estado do Rio Grande do Sul,unijui.tche.br,university/college,2026-09-20,Inaccessible,hipo:2026-09-17;hipo:2026-09-18;hipo:2026-09-19;hipo:2026-09-20;hipo:2026-09-21;hipo:2026-09-22;hipo:2026-09-23;hipo:2026-09-24;hipo:2026-09-25;hipo:2026-09-26;hipo:2026-09-27;hipo:2026-09-28;hipo:2026-09-29;hipo:2026-09-30;hipo:2026-10-01;hipo:2026-10-02;hipo:2026-10-03;hipo:2026-10-04;hipo:2026-10-05;hipo:2026-10-06;hipo:2026-10-07;hipo:2026-10-08,30,0,unreachable-dns,,
Universidade de Marília,unimar.br,university/college,2026-09-20,Inaccessible,hipo:2026-09-17;hipo:2026-09-18;hipo:2026-09-19;hipo:2026-09-20;hipo:2026-09-21;hipo:2026-09-22;hipo:2026-09-23;wikidata:P856;hipo:2026-09-24;hipo:2026-09-25;hipo:2026-09-26;hipo:2026-09-27;hipo:2026-09-28;hipo:2026-09-29;hipo:2026-09-30;hipo:2026-10-01;hipo:2026-10-02;hipo:2026-10-03;hipo:2026-10-04;hipo:2026-10-05;hipo:2026-10-06;hipo:2026-10-07;hipo:2026-10-08,29,,,,
Universidade Metodista de Piracicaba,unimep.br,university/college,2026-09-20,Inaccessible,hipo:2026-09-17;hipo:2026-09-18;hipo:2026-09-19;hipo:2026-09-20;hipo:2026-09-21;hipo:2026-09-22;hipo:2026-09-23;wikidata:P856;hipo:2026-09-24;hipo:2026-09-25;hipo:2026-09-26;hipo:2026-09-27;hipo:2026-09-28;hipo:2026-09-29;hipo:2026-09-30;hipo:2026-10-01;hipo:2026-10-02;hipo:2026-10-03;hipo:2026-10-04;hipo:2026-10-05;hipo:2026-10-06;hipo:2026-10-07;hipo:2026-10-08,30,,,,
Universidade Metropolitana de Santos,unimes.com.br,university/college,2026-09-20,Inaccessible,hipo:2026-09-17;hipo:2026-09-18;hipo:2026-09-19;hipo:2026-09-20;hipo:2026-09-21;hipo:2026-09-22;hipo:2026-09-23;hipo:2026-09-24;hipo:2026-09-25;hipo:2026-09-26;hipo:2026-09-27;hipo:2026-09-28;hipo:2026-09-29;hipo:2026-09-30;hipo:2026-10-01;hipo:2026-10-02;hipo:2026-10-03;hipo:2026-10-04;hipo:2026-10-05;hipo:2026-10-06;hipo:2026-10-07;hipo:2026-10-08,18,,,,
Centro Universitário Monte Serrat,unimonte.br,university/college,2026-09-20,Inaccessible,hipo:2026-09-17;hipo:2026-09-18;hipo:2026-09-19;hipo:2026-09-20;hipo:2026-09-21;hipo:2026-09-22;hipo:2026-09-23;wikidata:P856;hipo:2026-09-24;hipo:2026-09-25;hipo:2026-09-26;hipo:2026-09-27;hipo:2026-09-28;hipo:2026-09-29;hipo:2026-09-30;hipo:2026-10-01;hipo:2026-10-02;hipo:2026-10-03;hipo:2026-10-04;hipo:2026-10-05;hipo:2026-10-06;hipo:2026-10-07;hipo:2026-10-08,28,,,,
Universidade Estadual de Montes Claros,unimontes.br,university/college,2026-09-20,Inaccessible,hipo:2026-09-17;hipo:2026-09-18;hipo:2026-09-19;hipo:2026-09-20;hipo:2026-09-21;hipo:2026-09-22;hipo:2026-09-23;wikidata:P856;hipo:2026-09-24;hipo:2026-09-25;hipo:2026-09-26;hipo:2026-09-27;hipo:2026-09-28;hipo:2026-09-29;hipo:2026-09-30;hipo:2026-10-01;hipo:2026-10-02;hipo:2026-10-03;hipo:2026-10-04;hipo:2026-10-05;hipo:2026-10-06;hipo:2026-10-07;hipo:2026-10-08,29,,,,
Ninth of July University,uninove.br,university/college,2026-09-18,Active,deqar:2026-09-16;hipo:2026-09-20;hipo:2026-09-21;hipo:2026-09-22;hipo:2026-09-23;hipo:2026-09-24;hipo:2026-09-25;hipo:2026-09-26;hipo:2026-09-27;hipo:2026-09-28;hipo:2026-09-29;hipo:2026-09-30;hipo:2026-10-01;hipo:2026-10-02;hipo:2026-10-03;hipo:2026-10-04;hipo:2026-10-05;hipo:2026-10-06;hipo:2026-10-07;hipo:2026-10-08,27,,,,
International University Centre,uninter.com,university/college,2026-09-17,Active,deqar:2026-09-16,26,,,,
Universidade Estadual do Oeste do Paraná,unioeste.br,university/college,2026-09-20,Active,hipo:2026-09-17;hipo:2026-09-18;hipo:2026-09-19;hipo:2026-09-20;hipo:2026-09-21;hipo:2026-09-22;hipo:2026-09-23;hipo:2026-09-24;hipo:2026-09-25;hipo:2026-09-26;hipo:2026-09-27;hipo:2026-09-28;hipo:2026-09-29;hipo:2026-09-30;hipo:2026-10-01;openalex:page92;hipo:2026-10-02;hipo:2026-10-03;hipo:2026-10-04;hipo:2026-10-05;hipo:2026-10-06;hipo:2026-10-07;hipo:2026-10-08,30,,,,
Universidade Paulista,unip-objetivo.br,university/college,2026-09-20,Active,hipo:2026-09-17;hipo:2026-09-18;hipo:2026-09-19;hipo:2026-09-20;hipo:2026-09-21;hipo:2026-09-22;hipo:2026-09-23;hipo:2026-09-24;hipo:2026-09-25;hipo:2026-09-26;hipo:2026-09-27;hipo:2026-09-28;hipo:2026-09-29;hipo:2026-09-30;hipo:2026-10-01;hipo:2026-10-02;hipo:2026-10-03;hipo:2026-10-04;hipo:2026-10-05;hipo:2026-10-06;hipo:2026-10-07;hipo:2026-10-08,29,,,,
Centro Universitário de João Pessoa,unipe.br,university/college,2026-09-20,Inaccessible,hipo:2026-09-17;hipo:2026-09-18;hipo:2026-09-19;hipo:2026-09-20;hipo:2026-09-21;hipo:2026-09-22;hipo:2026-09-23;hipo:2026-09-24;hipo:2026-09-25;hipo:2026-09-26;hipo:2026-09-27;hipo:2026-09-28;hipo:2026-09-29;hipo:2026-09-30;hipo:2026-10-01;hipo:2026-10-02;hipo:2026-10-03;hipo:2026-10-04;hipo:2026-10-05;hipo:2026-10-06;hipo:2026-10-07;hipo:2026-10-08,28,,,,
Planalto University Centre of the Federal District - UNIPLAN,uniplandf.edu.br,university/college,2026-09-17,Active,deqar:2026-09-16,21,,,,
Centro Universitário Plinio Leite,unipli.com.br,university/college,2026-09-20,Inaccessible,hipo:2026-09-17;hipo:2026-09-18;hipo:2026-09-19;hipo:2026-09-20;hipo:2026-09-21;hipo:2026-09-22;hipo:2026-09-23;hipo:2026-09-24;hipo:2026-09-25;hipo:2026-09-26;hipo:2026-09-27;hipo:2026-09-28;hipo:2026-09-29;hipo:2026-09-30;hipo:2026-10-01;hipo:2026-10-02;hipo:2026-10-03;hipo:2026-10-04;hipo:2026-10-05;hipo:2026-10-06;hipo:2026-10-07;hipo:2026-10-08,24,,,,
Universidade Federal de Rondônia,unir.br,university/college,2026-09-20,Active,hipo:2026-09-17;hipo:2026-09-18;hipo:2026-09-19;hipo:2026-09-20;hipo:2026-09-21;hipo:2026-09-22;hipo:2026-09-23;hipo:2026-09-24;hipo:2026-09-25;hipo:2026-09-26;hipo:2026-09-27;hipo:2026-09-28;hipo:2026-09-29;hipo:2026-09-30;hipo:2026-10-01;hipo:2026-10-02;hipo:2026-10-03;hipo:2026-10-04;hipo:2026-10-05;hipo:2026-10-06;hipo:2026-10-07;hipo:2026-10-08,29,,,,
Universidade do Rio de Janeiro,unirio.br,university/college,2026-09-20,Inaccessible,hipo:2026-09-17;hipo:2026-09-18;hipo:2026-09-19;hipo:2026-09-20;hipo:2026-09-21;hipo:2026-09-22;hipo:2026-09-23;hipo:2026-09-24;hipo:2026-09-25;hipo:2026-09-26;openalex:page66;hipo:2026-09-27;hipo:2026-09-28;hipo:2026-09-29;hipo:2026-09-30;hipo:2026-10-01;hipo:2026-10-02;openalex:page98;hipo:2026-10-03;hipo:2026-10-04;hipo:2026-10-05;hipo:2026-10-06;hipo:2026-10-07;hipo:2026-10-08,28,,,,
Universidade de Santo Amaro,unisa.br,university/college,2026-09-18,Active,deqar:2026-09-16;hipo:2026-09-17;hipo:2026-09-18;hipo:2026-09-19;hipo:2026-09-20;hipo:2026-09-21;hipo:2026-09-22;hipo:2026-09-23;wikidata:P856;hipo:2026-09-24;hipo:2026-09-25;hipo:2026-09-26;hipo:2026-09-27;hipo:2026-09-28;hipo:2026-09-29;hipo:2026-09-30;hipo:2026-10-01;hipo:2026-10-02;hipo:2026-10-03;hipo:2026-10-04;hipo:2026-10-05;hipo:2026-10-06;hipo:2026-10-07;hipo:2026-10-08,27,,,,
Universidade do Sagrado Coração,unisagrado.edu.br,university/college,2026-09-20,Active,redirect:usc.br,7,,,,
Universidade Católica de Santos,unisantos.br,university/college,2026-09-20,Active,redirect:unisantos.com.br,27,,,,
Universidade Católica de Santos,unisantos.com.br,university/college,2026-09-20,Inaccessible,hipo:2026-09-17;hipo:2026-09-18;hipo:2026-09-19;hipo:2026-09-20;hipo:2026-09-21;hipo:2026-09-22;hipo:2026-09-23;hipo:2026-09-24;hipo:2026-09-25;hipo:2026-09-26;hipo:2026-09-27;hipo:2026-09-28;hipo:2026-09-29;hipo:2026-09-30;hipo:2026-10-01;hipo:2026-10-02;hipo:2026-10-03;hipo:2026-10-04;hipo:2026-10-05;hipo:2026-10-06;hipo:2026-10-07;hipo:2026-10-08,29,,,,
Centro Universitário Social da Bahia,unisba.edu.br,university/college,2026-09-18,Active,wikidata:P856,7,,,,
Universidade de Santa Cruz do Sul,unisc.br,university/college,2026-09-20,Active,hipo:2026-09-17;hipo:2026-09-18;hipo:2026-09-19;hipo:2026-09-20;hipo:2026-09-21;hipo:2026-09-22;hipo:2026-09-23;hipo:2026-09-24;hipo:2026-09-25;hipo:2026-09-26;hipo:2026-09-27;hipo:2026-09-28;hipo:2026-09-29;hipo:2026-09-30;hipo:2026-10-01;hipo:2026-10-02;hipo:2026-10-03;hipo:2026-10-04;hipo:2026-10-05;hipo:2026-10-06;hipo:2026-10-07;hipo:2026-10-08,30,,,,
Universidade Vale do Rio dos Sinos,unisinos.br,university/college,2026-09-20,Active,hipo:2026-09-17;hipo:2026-09-18;hipo:2026-09-19;hipo:2026-09-20;hipo:2026-09-21;hipo:2026-09-22;hipo:2026-09-23;hipo:2026-09-24;hipo:2026-09-25;hipo:2026-09-26;hipo:2026-09-27;hipo:2026-09-28;hipo:2026-09-29;hipo:2026-09-30;hipo:2026-10-01;hipo:2026-10-02;hipo:2026-10-03;hipo:2026-10-04;hipo:2026-10-05;hipo:2026-10-06;hipo:2026-10-07;hipo:2026-10-08,27,,,,
Educational Society of Santa Catarina,unisociesc.org.br,university/college,2026-10-07,Inaccessible,wikidata:P856,13,0,unreachable-dns,unisociesc.org.br,
Augusto Motta University Centre,unisuam.edu.br,university/college,2026-09-18,Active,deqar:2026-09-16,23,,,,
Universidade do Sul de Santa Catarina,unisul.br,university/college,2026-09-20,Active,hipo:2026-09-17;hipo:2026-09-18;hipo:2026-09-19;hipo:2026-09-20;hipo:2026-09-21;hipo:2026-09-22;hipo:2026-09-23;hipo:2026-09-24;hipo:2026-09-25;hipo:2026-09-26;hipo:2026-09-27;hipo:2026-09-28;hipo:2026-09-29;hipo:2026-09-30;hipo:2026-10-01;hipo:2026-10-02;hipo:2026-10-03;hipo:2026-10-04;hipo:2026-10-05;hipo:2026-10-06;hipo:2026-10-07;hipo:2026-10-08,26,,,,
Faculdade Unida de Suzano,unisuz.com.br,university/college,2026-09-18,Inaccessible,wikidata:P856,,0,unreachable-dns,,
Universidade Tiradentes,unit.br,university/college,2026-09-20,Active,hipo:2026-09-17;hipo:2026-09-18;hipo:2026-09-19;hipo:2026-09-20;hipo:2026-09-21;hipo:2026-09-22;hipo:2026-09-23;hipo:2026-09-24;hipo:2026-09-25;hipo:2026-09-26;hipo:2026-09-27;hipo:2026-09-28;hipo:2026-09-29;hipo:2026-09-30;hipo:2026-10-01;hipo:2026-10-02;hipo:2026-10-03;hipo:2026-10-04;hipo:2026-10-05;hipo:2026-10-06;hipo:2026-10-07;hipo:2026-10-08,28,,,,
Universidade de Taubaté,unitau.br,university/college,2026-09-20,Inaccessible,hipo:2026-09-17;hipo:2026-09-18;hipo:2026-09-19;hipo:2026-09-20;hipo:2026-09-21;hipo:2026-09-22;hipo:2026-09-23;hipo:2026-09-24;hipo:2026-09-25;hipo:2026-09-26;hipo:2026-09-27;hipo:2026-09-28;hipo:2026-09-29;hipo:2026-09-30;hipo:2026-10-01;hipo:2026-10-02;hipo:2026-10-03;hipo:2026-10-04;hipo:2026-10-05;hipo:2026-10-06;hipo:2026-10-07;hipo:2026-10-08,30,,,,
Faculdades Integradas Toledo,unitoledo.br,university/college,2026-09-20,Active,redirect:toledo.br,26,,,,
Universidade de Uberaba,uniube.br,university/college,2026-09-18,Active,deqar:2026-09-16;hipo:2026-09-17;hipo:2026-09-18;hipo:2026-09-19;hipo:2026-09-20;hipo:2026-09-21;hipo:2026-09-22;hipo:2026-09-23;hipo:2026-09-24;hipo:2026-09-25;hipo:2026-09-26;hipo:2026-09-27;hipo:2026-09-28;hipo:2026-09-29;hipo:2026-09-30;hipo:2026-10-01;hipo:2026-10-02;hipo:2026-10-03;hipo:2026-10-04;hipo:2026-10-05;hipo:2026-10-06;hipo:2026-10-07;hipo:2026-10-08,29,,,,
Universidade Vale do Rio Doce,univale.br,university/college,2026-09-20,Active,hipo:2026-09-17;hipo:2026-09-18;hipo:2026-09-19;hipo:2026-09-20;hipo:2026-09-21;hipo:2026-09-22;hipo:2026-09-23;wikidata:P856;hipo:2026-09-24;hipo:2026-09-25;hipo:2026-09-26;hipo:2026-09-27;hipo:2026-09-28;hipo:2026-09-29;hipo:2026-09-30;hipo:2026-10-01;hipo:2026-10-02;hipo:2026-10-03;hipo:2026-10-04;hipo:2026-10-05;hipo:2026-10-06;hipo:2026-10-07;hipo:2026-10-08,30,,,,
Universidade do Vale do Itajaí,univali.rct-sc.br,university/college,2026-09-20,Inaccessible,hipo:2026-09-17;hipo:2026-09-18;hipo:2026-09-19;hipo:2026-09-20;hipo:2026-09-21;hipo:2026-09-22;hipo:2026-09-23;hipo:2026-09-24;hipo:2026-09-25;hipo:2026-09-26;hipo:2026-09-27;hipo:2026-09-28;hipo:2026-09-29;hipo:2026-09-30;hipo:2026-10-01;hipo:2026-10-02;hipo:2026-10-03;hipo:2026-10-04;hipo:2026-10-05;hipo:2026-10-06;hipo:2026-10-07;hipo:2026-10-08,30,0,unreachable-dns,,
Universidade do Vale do Paraíba – Univap,univap.br,university/college,2026-10-06,Inaccessible,hipo:2026-09-20;hipo:2026-09-21;hipo:2026-09-22;hipo:2026-09-23;hipo:2026-09-24;hipo:2026-09-25;hipo:2026-09-26;hipo:2026-09-27;hipo:2026-09-28;hipo:2026-09-29;hipo:2026-09-30;hipo:2026-10-01;hipo:2026-10-02;hipo:2026-10-03;hipo:2026-10-04;hipo:2026-10-05;hipo:2026-10-06;hipo:2026-10-07;hipo:2026-10-08,30,0,unreachable-dns,univap.br,
Universidade Federal do Vale do São Francisco,univasf.edu.br,university/college,2026-09-20,Inaccessible,hipo:2026-09-17;hipo:2026-09-18;hipo:2026-09-19;hipo:2026-09-20;hipo:2026-09-21;hipo:2026-09-22;hipo:2026-09-23;hipo:2026-09-24;hipo:2026-09-25;hipo:2026-09-26;hipo:2026-09-27;hipo:2026-09-28;hipo:2026-09-29;hipo:2026-09-30;hipo:2026-10-01;hipo:2026-10-02;hipo:2026-10-03;hipo:2026-10-04;hipo:2026-10-05;hipo:2026-10-06;hipo:2026-10-07;hipo:2026-10-08,22,,,,
University of Taquari Valley,univates.br,university/college,2026-10-07,Active,wikidata:P856,28,60,http-2xx-html+edu-keywords+structure+substantial-content,univates.br,pt-br
Brasil University,universidadebrasil.edu.br,university/college,2026-10-07,Inaccessible,wikidata:P856,9,40,moved-to:ub.edu.br,ub.edu.br,pt-br
Universidade Salgado de Oliveira,universo.br,university/college,2026-09-20,Inaccessible,hipo:2026-09-17;hipo:2026-09-18;hipo:2026-09-19;hipo:2026-09-20;hipo:2026-09-21;hipo:2026-09-22;hipo:2026-09-23;hipo:2026-09-24;hipo:2026-09-25;hipo:2026-09-26;hipo:2026-09-27;hipo:2026-09-28;hipo:2026-09-29;hipo:2026-09-30;hipo:2026-10-01;hipo:2026-10-02;hipo:2026-10-03;hipo:2026-10-04;hipo:2026-10-05;hipo:2026-10-06;hipo:2026-10-07;hipo:2026-10-08,29,,,,
Universidade Virtual do Estado de São Paulo,univesp.br,university/college,2026-10-06,Inaccessible,hipo:2026-09-20;hipo:2026-09-21;hipo:2026-09-22;hipo:2026-09-23;hipo:2026-09-24;hipo:2026-09-25;hipo:2026-09-26;hipo:2026-09-27;hipo:2026-09-28;hipo:2026-09-29;hipo:2026-09-30;hipo:2026-10-01;hipo:2026-10-02;hipo:2026-10-03;hipo:2026-10-04;hipo:2026-10-05;hipo:2026-10-06;hipo:2026-10-07;hipo:2026-10-08,13,5,http-403,univesp.br,
Universidade Comunitária da Região de Chapecó - Unochapecó,uno.edu.br,university/college,2026-09-20,Active,redirect:unochapeco.edu.br,17,,,,
Universidade Comunitária da Região de Chapecó - Unochapecó,unochapeco.edu.br,university/college,2026-09-20,Inaccessible,hipo:2026-09-13;hipo:2026-09-17;hipo:2026-09-18;hipo:2026-09-19;hipo:2026-09-20;hipo:2026-09-21;hipo:2026-09-22;hipo:2026-09-23;wikidata:P856;hipo:2026-09-24;hipo:2026-09-25;hipo:2026-09-26;hipo:2026-09-27;hipo:2026-09-28;hipo:2026-09-29;hipo:2026-09-30;hipo:2026-10-01;hipo:2026-10-02;hipo:2026-10-03;hipo:2026-10-04;hipo:2026-10-05;hipo:2026-10-06;hipo:2026-10-07;hipo:2026-10-08,24,,,,
Universidade do Oeste de Santa Catarina,unoesc.edu.br,university/college,2026-09-20,Active,hipo:2026-09-17;hipo:2026-09-18;hipo:2026-09-19;hipo:2026-09-20;hipo:2026-09-21;hipo:2026-09-22;hipo:2026-09-23;hipo:2026-09-24;hipo:2026-09-25;hipo:2026-09-26;hipo:2026-09-27;hipo:2026-09-28;hipo:2026-09-29;hipo:2026-09-30;hipo:2026-10-01;hipo:2026-10-02;hipo:2026-10-03;hipo:2026-10-04;hipo:2026-10-05;hipo:2026-10-06;hipo:2026-10-07;hipo:2026-10-08,25,,,,
Universidade do Oeste Paulista,unoeste.br,university/college,2026-09-20,Active,hipo:2026-09-17;hipo:2026-09-18;hipo:2026-09-19;hipo:2026-09-20;hipo:2026-09-21;hipo:2026-09-22;hipo:2026-09-23;wikidata:P856;hipo:2026-09-24;hipo:2026-09-25;hipo:2026-09-26;hipo:2026-09-27;hipo:2026-09-28;hipo:2026-09-29;hipo:2026-09-30;hipo:2026-10-01;hipo:2026-10-02;hipo:2026-10-03;hipo:2026-10-04;hipo:2026-10-05;hipo:2026-10-06;hipo:2026-10-07;hipo:2026-10-08,30,,,,
Universidade Potiguar,unp.br,university/college,2026-09-18,Active,deqar:2026-09-16;hipo:2026-09-17;hipo:2026-09-18;hipo:2026-09-19;hipo:2026-09-20;hipo:2026-09-21;hipo:2026-09-22;hipo:2026-09-23;wikidata:P856;hipo:2026-09-24;hipo:2026-09-25;hipo:2026-09-26;hipo:2026-09-27;hipo:2026-09-28;hipo:2026-09-29;hipo:2026-09-30;hipo:2026-10-01;hipo:2026-10-02;hipo:2026-10-03;hipo:2026-10-04;hipo:2026-10-05;hipo:2026-10-06;hipo:2026-10-07;hipo:2026-10-08,28,,,,
Positivo University,up.edu.br,university/college,2026-09-17,Inaccessible,deqar:2026-09-16,21,,,,
Universidade de Pernambuco,upe.br,university/college,2026-09-20,Inaccessible,hipo:2026-09-17;hipo:2026-09-18;hipo:2026-09-19;hipo:2026-09-20;hipo:2026-09-21;hipo:2026-09-22;hipo:2026-09-23;hipo:2026-09-24;hipo:2026-09-25;hipo:2026-09-26;hipo:2026-09-27;hipo:2026-09-28;hipo:2026-09-29;hipo:2026-09-30;hipo:2026-10-01;openalex:page93;hipo:2026-10-02;hipo:2026-10-03;hipo:2026-10-04;hipo:2026-10-05;hipo:2026-10-06;hipo:2026-10-07;hipo:2026-10-08,30,,,,
Polytechnic University of Pernambuco,upe.poli.br,university/college,2026-10-05,Inaccessible,hipo:2026-09-20;hipo:2026-09-21;hipo:2026-09-22;hipo:2026-09-23;hipo:2026-09-24;hipo:2026-09-25;hipo:2026-09-26;hipo:2026-09-27;hipo:2026-09-28;hipo:2026-09-29;hipo:2026-09-30;hipo:2026-10-01;hipo:2026-10-02;hipo:2026-10-03;hipo:2026-10-04;hipo:2026-10-05;hipo:2026-10-06;hipo:2026-10-07;hipo:2026-10-08,29,0,fetch-error:TooManyRedirects,upe.poli.br,
Universidade de Passo Fundo,upf.tche.br,university/college,2026-09-20,Inaccessible,hipo:2026-09-17;hipo:2026-09-18;hipo:2026-09-19;hipo:2026-09-20;hipo:2026-09-21;hipo:2026-09-22;hipo:2026-09-23;hipo:2026-09-24;hipo:2026-09-25;hipo:2026-09-26;hipo:2026-09-27;hipo:2026-09-28;hipo:2026-09-29;hipo:2026-09-30;hipo:2026-10-01;hipo:2026-10-02;hipo:2026-10-03;hipo:2026-10-04;hipo:2026-10-05;hipo:2026-10-06;hipo:2026-10-07;hipo:2026-10-08,30,,,,
Faculdades Integradas UPIS,upis.br,university/college,2026-09-20,Inaccessible,hipo:2026-09-17;hipo:2026-09-18;hipo:2026-09-19;hipo:2026-09-20;hipo:2026-09-21;hipo:2026-09-22;hipo:2026-09-23;hipo:2026-09-24;hipo:2026-09-25;hipo:2026-09-26;hipo:2026-09-27;hipo:2026-09-28;hipo:2026-09-29;hipo:2026-09-30;hipo:2026-10-01;hipo:2026-10-02;hipo:2026-10-03;hipo:2026-10-04;hipo:2026-10-05;hipo:2026-10-06;hipo:2026-10-07;hipo:2026-10-08,29,,,,
Universidade Regional do Cariri,urca.br,university/college,2026-09-20,Active,hipo:2026-09-17;hipo:2026-09-18;hipo:2026-09-19;hipo:2026-09-20;hipo:2026-09-21;hipo:2026-09-22;hipo:2026-09-23;wikidata:P856;hipo:2026-09-24;hipo:2026-09-25;hipo:2026-09-26;hipo:2026-09-27;hipo:2026-09-28;hipo:2026-09-29;hipo:2026-09-30;hipo:2026-10-01;hipo:2026-10-02;hipo:2026-10-03;hipo:2026-10-04;hipo:2026-10-05;hipo:2026-10-06;hipo:2026-10-07;hipo:2026-10-08,28,,,,
Universidade da Região da Campanha,urcamp.tche.br,university/college,2026-09-20,Inaccessible,hipo:2026-09-17;hipo:2026-09-18;hipo:2026-09-19;hipo:2026-09-20;hipo:2026-09-21;hipo:2026-09-22;hipo:2026-09-23;wikidata:P856;hipo:2026-09-24;hipo:2026-09-25;hipo:2026-09-26;hipo:2026-09-27;hipo:2026-09-28;hipo:2026-09-29;hipo:2026-09-30;hipo:2026-10-01;hipo:2026-10-02;hipo:2026-10-03;hipo:2026-10-04;hipo:2026-10-05;hipo:2026-10-06;hipo:2026-10-07;hipo:2026-10-08,30,,,,
Universidade Regional Integrada do Alto Uruguai e das Missões,uri.br,university/college,2026-09-20,Inaccessible,hipo:2026-09-17;hipo:2026-09-18;hipo:2026-09-19;hipo:2026-09-20;hipo:2026-09-21;hipo:2026-09-22;hipo:2026-09-23;wikidata:P856;hipo:2026-09-24;hipo:2026-09-25;hipo:2026-09-26;hipo:2026-09-27;hipo:2026-09-28;hipo:2026-09-29;hipo:2026-09-30;hipo:2026-10-01;hipo:2026-10-02;hipo:2026-10-03;hipo:2026-10-04;hipo:2026-10-05;hipo:2026-10-06;hipo:2026-10-07;hipo:2026-10-08,28,,,,
Universidade do Sagrado Coração,usc.br,university/college,2026-09-20,Inaccessible,hipo:2026-09-17;hipo:2026-09-18;hipo:2026-09-19;hipo:2026-09-20;hipo:2026-09-21;hipo:2026-09-22;hipo:2026-09-23;hipo:2026-09-24;hipo:2026-09-25;hipo:2026-09-26;hipo:2026-09-27;hipo:2026-09-28;hipo:2026-09-29;hipo:2026-09-30;hipo:2026-10-01;hipo:2026-10-02;hipo:2026-10-03;hipo:2026-10-04;hipo:2026-10-05;hipo:2026-10-06;hipo:2026-10-07;hipo:2026-10-08,30,,,,
Universidade São Francisco,usf.br,university/college,2026-09-20,Inaccessible,hipo:2026-09-17;hipo:2026-09-18;hipo:2026-09-19;hipo:2026-09-20;hipo:2026-09-21;hipo:2026-09-22;hipo:2026-09-23;hipo:2026-09-24;hipo:2026-09-25;hipo:2026-09-26;hipo:2026-09-27;hipo:2026-09-28;hipo:2026-09-29;hipo:2026-09-30;hipo:2026-10-01;hipo:2026-10-02;hipo:2026-10-03;hipo:2026-10-04;hipo:2026-10-05;hipo:2026-10-06;hipo:2026-10-07;hipo:2026-10-08,30,0,unreachable-dns,,
Saint Jude Thaddeus University,usjt.br,university/college,2026-09-18,Active,deqar:2026-09-16;redirect:saojudas.br;redirect:unimonte.br,26,,,,
Universidade de São Paulo,usp.br,university/college,2026-09-20,Active,hipo:2026-09-17;hipo:2026-09-18;hipo:2026-09-19;hipo:2026-09-20;hipo:2026-09-21;hipo:2026-09-22;hipo:2026-09-23;hipo:2026-09-24;hipo:2026-09-25;hipo:2026-09-26;hipo:2026-09-27;hipo:2026-09-28;hipo:2026-09-29;hipo:2026-09-30;hipo:2026-10-01;hipo:2026-10-02;hipo:2026-10-03;hipo:2026-10-04;hipo:2026-10-05;hipo:2026-10-06;hipo:2026-10-07;hipo:2026-10-08,30,,,,
Universidade Santa Úrsula,usu.br,university/college,2026-09-20,Inaccessible,hipo:2026-09-17;hipo:2026-09-18;hipo:2026-09-19;hipo:2026-09-20;hipo:2026-09-21;hipo:2026-09-22;hipo:2026-09-23;hipo:2026-09-24;hipo:2026-09-25;hipo:2026-09-26;hipo:2026-09-27;hipo:2026-09-28;hipo:2026-09-29;hipo:2026-09-30;hipo:2026-10-01;hipo:2026-10-02;hipo:2026-10-03;hipo:2026-10-04;hipo:2026-10-05;hipo:2026-10-06;ror:api-p117;hipo:2026-10-07;hipo:2026-10-08,29,,,,
Universidade Santa Úrsula,usu.edu.br,university/college,2026-09-20,Active,redirect:usu.br,9,,,,
Technological Federal University of Paraná,utfpr.edu.br,university/college,2026-09-17,Active,deqar:2026-09-16;hipo:2026-09-20;hipo:2026-09-21;hipo:2026-09-22;hipo:2026-09-23;hipo:2026-09-24;openalex:page58;hipo:2026-09-25;hipo:2026-09-26;hipo:2026-09-27;hipo:2026-09-28;hipo:2026-09-29;hipo:2026-09-30;hipo:2026-10-01;hipo:2026-10-02;hipo:2026-10-03;hipo:2026-10-04;hipo:2026-10-05;hipo:2026-10-06;hipo:2026-10-07;hipo:2026-10-08,21,,,,
Universidade Veiga de Almeida,uva.br,university/college,2026-09-18,Active,deqar:2026-09-16;hipo:2026-09-17;hipo:2026-09-18;hipo:2026-09-19;hipo:2026-09-20;hipo:2026-09-21;hipo:2026-09-22;hipo:2026-09-23;hipo:2026-09-24;hipo:2026-09-25;hipo:2026-09-26;hipo:2026-09-27;hipo:2026-09-28;hipo:2026-09-29;hipo:2026-09-30;hipo:2026-10-01;hipo:2026-10-02;hipo:2026-10-03;hipo:2026-10-04;hipo:2026-10-05;hipo:2026-10-06;ror:api-p117;hipo:2026-10-07;hipo:2026-10-08,30,,,,
Universidade Estadual do Vale do Acaraú,uva.ce.gov.br,university/college,2026-09-20,Active,redirect:uvanet.br,30,,,,
Universidade Estadual do Vale do Acaraú,uvanet.br,university/college,2026-09-20,Inaccessible,hipo:2026-09-17;hipo:2026-09-18;hipo:2026-09-19;hipo:2026-09-20;hipo:2026-09-21;hipo:2026-09-22;hipo:2026-09-23;hipo:2026-09-24;hipo:2026-09-25;hipo:2026-09-26;hipo:2026-09-27;hipo:2026-09-28;hipo:2026-09-29;hipo:2026-09-30;hipo:2026-10-01;hipo:2026-10-02;hipo:2026-10-03;hipo:2026-10-04;hipo:2026-10-05;hipo:2026-10-06;hipo:2026-10-07;hipo:2026-10-08,29,,,,
ICB-USP | Institute of Biomedical Sciences of the University of São Paulo,ww3.icb.usp.br,university/college,2026-10-07,Inaccessible,wikidata:P856,30,0,fetch-error:ConnectionError,ww3.icb.usp.br,
Universidade Estadual Paulista (Unesp),www2.unesp.br,university/college,2026-09-26,Active,openalex:page8,30,50,http-2xx-html+edu-keywords+substantial-content,www2.unesp.br,pt-br
Escola de Arte Dramática da Universidade de São Paulo,www3.eca.usp.br,university/college,2026-10-04,Active,wikidata:P856,30,60,http-2xx-html+edu-keywords+structure+substantial-content,eca.usp.br,pt-br
Universidade de São Paulo,www5.usp.br,university/college,2026-09-19,Active,openalex:page1;deqar:2026-09-16,30,,,,
Centro Universitário Ruy Barbosa Wyden,wyden.com.br,university/college,2026-09-18,Active,wikidata:P856,8,,,,
