school_name,web_domain,type,last_visited,status,sources,years_registered,confidence,reason,final_domain,language
Anhui Medical University,ahmu.edu.cn,university/college,2026-09-21,Inaccessible,hipo:2026-09-17;hipo:2026-09-18;hipo:2026-09-19;hipo:2026-09-20;hipo:2026-09-21;hipo:2026-09-22;hipo:2026-09-23;hipo:2026-09-24;hipo:2026-09-25;hipo:2026-09-26;hipo:2026-09-27;hipo:2026-09-28;hipo:2026-09-29;hipo:2026-09-30;hipo:2026-10-01;hipo:2026-10-02;hipo:2026-10-03;hipo:2026-10-04;hipo:2026-10-05;hipo:2026-10-06;hipo:2026-10-07;hipo:2026-10-08;hipo:2026-10-09;hipo:2026-10-10,,0,unreachable-dns,ahmu.edu.cn,
Anhui Normal University,ahnu.edu.cn,university/college,2026-09-21,Active,hipo:2026-09-17;hipo:2026-09-18;hipo:2026-09-19;hipo:2026-09-20;hipo:2026-09-21;hipo:2026-09-22;hipo:2026-09-23;hipo:2026-09-24;hipo:2026-09-25;hipo:2026-09-26;hipo:2026-09-27;hipo:2026-09-28;hipo:2026-09-29;hipo:2026-09-30;hipo:2026-10-01;hipo:2026-10-02;openalex:page95;hipo:2026-10-03;hipo:2026-10-04;hipo:2026-10-05;hipo:2026-10-06;hipo:2026-10-07;hipo:2026-10-08;hipo:2026-10-09;hipo:2026-10-10,,90,http-2xx-html+multi-source+edu-keywords+trusted-suffix+substantial-content,ahnu.edu.cn,en
Anhui Institute of Information Technology,ahpumec.edu.cn,university/college,2026-10-09,Inaccessible,ror:api-p66,,0,unreachable-dns,ahpumec.edu.cn,
Anhui Technical College of Water Resources and Hydroelectric Power,ahsdxy.ah.edu.cn,university/college,2026-09-21,Inaccessible,hipo:2026-09-17;hipo:2026-09-18;hipo:2026-09-19;hipo:2026-09-20;hipo:2026-09-21;hipo:2026-09-22;hipo:2026-09-23;hipo:2026-09-24;hipo:2026-09-25;hipo:2026-09-26;hipo:2026-09-27;hipo:2026-09-28;hipo:2026-09-29;hipo:2026-09-30;hipo:2026-10-01;hipo:2026-10-02;hipo:2026-10-03;hipo:2026-10-04;hipo:2026-10-05;hipo:2026-10-06;hipo:2026-10-07;hipo:2026-10-08;hipo:2026-10-09;hipo:2026-10-10,,0,unreachable-dns,ahsdxy.ah.edu.cn,
Anhui University of Traditional Chinese Medicine,ahtcm.edu.cn,university/college,2026-09-21,Inaccessible,hipo:2026-09-17;hipo:2026-09-18;hipo:2026-09-19;hipo:2026-09-20;hipo:2026-09-21;hipo:2026-09-22;hipo:2026-09-23;hipo:2026-09-24;hipo:2026-09-25;hipo:2026-09-26;hipo:2026-09-27;hipo:2026-09-28;hipo:2026-09-29;hipo:2026-09-30;hipo:2026-10-01;hipo:2026-10-02;hipo:2026-10-03;hipo:2026-10-04;hipo:2026-10-05;hipo:2026-10-06;hipo:2026-10-07;hipo:2026-10-08;hipo:2026-10-09;hipo:2026-10-10,,0,unreachable-dns,ahtcm.edu.cn,
Anhui University,ahu.edu.cn,university/college,2026-09-21,Inaccessible,hipo:2026-09-17;hipo:2026-09-18;hipo:2026-09-19;hipo:2026-09-20;hipo:2026-09-21;openalex:page46;hipo:2026-09-22;hipo:2026-09-23;hipo:2026-09-24;hipo:2026-09-25;hipo:2026-09-26;hipo:2026-09-27;hipo:2026-09-28;hipo:2026-09-29;hipo:2026-09-30;hipo:2026-10-01;hipo:2026-10-02;hipo:2026-10-03;hipo:2026-10-04;hipo:2026-10-05;hipo:2026-10-06;hipo:2026-10-07;hipo:2026-10-08;hipo:2026-10-09;hipo:2026-10-10,,0,unreachable-dns,ahu.edu.cn,
Anhui University of Finance and Economics,aufe.edu.cn,university/college,2026-09-21,Inaccessible,hipo:2026-09-17;hipo:2026-09-18;hipo:2026-09-19;hipo:2026-09-20;hipo:2026-09-21;hipo:2026-09-22;hipo:2026-09-23;hipo:2026-09-24;hipo:2026-09-25;hipo:2026-09-26;hipo:2026-09-27;hipo:2026-09-28;hipo:2026-09-29;hipo:2026-09-30;hipo:2026-10-01;hipo:2026-10-02;hipo:2026-10-03;hipo:2026-10-04;hipo:2026-10-05;hipo:2026-10-06;hipo:2026-10-07;hipo:2026-10-08;hipo:2026-10-09;hipo:2026-10-10,,0,unreachable-dns,aufe.edu.cn,
Beijing University of Agriculture,bac.edu.cn,university/college,2026-09-21,Inaccessible,hipo:2026-09-17;hipo:2026-09-18;hipo:2026-09-19;hipo:2026-09-20;hipo:2026-09-21;hipo:2026-09-22;hipo:2026-09-23;hipo:2026-09-24;hipo:2026-09-25;hipo:2026-09-26;hipo:2026-09-27;hipo:2026-09-28;hipo:2026-09-29;hipo:2026-09-30;hipo:2026-10-01;hipo:2026-10-02;hipo:2026-10-03;hipo:2026-10-04;hipo:2026-10-05;hipo:2026-10-06;hipo:2026-10-07;hipo:2026-10-08;hipo:2026-10-09;hipo:2026-10-10,,0,unreachable-dns,bac.edu.cn,
Guangdong Baiyun University,baiyunu.edu.cn,university/college,2026-10-09,Inaccessible,ror:api-p64,,0,unreachable-dns,baiyunu.edu.cn,
Beijing Foreign Studies University,bfsu.edu.cn,university/college,2026-09-21,Active,hipo:2026-09-17;hipo:2026-09-18;hipo:2026-09-19;hipo:2026-09-20;hipo:2026-09-21;hipo:2026-09-22;hipo:2026-09-23;hipo:2026-09-24;hipo:2026-09-25;hipo:2026-09-26;hipo:2026-09-27;hipo:2026-09-28;hipo:2026-09-29;hipo:2026-09-30;hipo:2026-10-01;hipo:2026-10-02;hipo:2026-10-03;hipo:2026-10-04;hipo:2026-10-05;hipo:2026-10-06;hipo:2026-10-07;hipo:2026-10-08;hipo:2026-10-09;hipo:2026-10-10,,90,http-2xx-html+multi-source+edu-keywords+structure+substantial-content,bfsu.edu.cn,
Bohai University,bhu.edu.cn,university/college,2026-09-21,Inaccessible,hipo:2026-09-17;hipo:2026-09-18;hipo:2026-09-19;hipo:2026-09-20;hipo:2026-09-21;hipo:2026-09-22;hipo:2026-09-23;hipo:2026-09-24;hipo:2026-09-25;hipo:2026-09-26;hipo:2026-09-27;hipo:2026-09-28;hipo:2026-09-29;hipo:2026-09-30;hipo:2026-10-01;hipo:2026-10-02;hipo:2026-10-03;hipo:2026-10-04;hipo:2026-10-05;hipo:2026-10-06;hipo:2026-10-07;hipo:2026-10-08;hipo:2026-10-09;hipo:2026-10-10,,0,unreachable-dns,bhu.edu.cn,
Beijing International Studies University,bisu.edu.cn,university/college,2026-09-21,Inaccessible,hipo:2026-09-17;hipo:2026-09-18;hipo:2026-09-19;hipo:2026-09-20;hipo:2026-09-21;hipo:2026-09-22;hipo:2026-09-23;hipo:2026-09-24;hipo:2026-09-25;hipo:2026-09-26;hipo:2026-09-27;hipo:2026-09-28;hipo:2026-09-29;hipo:2026-09-30;hipo:2026-10-01;hipo:2026-10-02;hipo:2026-10-03;hipo:2026-10-04;hipo:2026-10-05;hipo:2026-10-06;hipo:2026-10-07;hipo:2026-10-08;hipo:2026-10-09;hipo:2026-10-10,,0,unreachable-dns,bisu.edu.cn,
Beijing Institute of Technology,bit.edu.cn,university/college,2026-09-17,Inaccessible,openalex:page15;hipo:2026-09-17;hipo:2026-09-18;hipo:2026-09-19;hipo:2026-09-20;hipo:2026-09-21;hipo:2026-09-22;hipo:2026-09-23;hipo:2026-09-24;hipo:2026-09-25;hipo:2026-09-26;hipo:2026-09-27;hipo:2026-09-28;hipo:2026-09-29;hipo:2026-09-30;hipo:2026-10-01;hipo:2026-10-02;hipo:2026-10-03;hipo:2026-10-04;hipo:2026-10-05;hipo:2026-10-06;hipo:2026-10-07;hipo:2026-10-08;hipo:2026-10-09;hipo:2026-10-10,,,,,
Beijing Information Science and Technology University,biti.edu.cn,university/college,2026-09-21,Inaccessible,hipo:2026-09-17;hipo:2026-09-18;hipo:2026-09-19;hipo:2026-09-20;hipo:2026-09-21;hipo:2026-09-22;hipo:2026-09-23;hipo:2026-09-24;hipo:2026-09-25;hipo:2026-09-26;hipo:2026-09-27;hipo:2026-09-28;hipo:2026-09-29;hipo:2026-09-30;hipo:2026-10-01;hipo:2026-10-02;hipo:2026-10-03;hipo:2026-10-04;hipo:2026-10-05;hipo:2026-10-06;hipo:2026-10-07;hipo:2026-10-08;hipo:2026-10-09;hipo:2026-10-10,,0,unreachable-dns,biti.edu.cn,
China Agriculture University East,bjaeu.edu.cn,university/college,2026-09-21,Inaccessible,hipo:2026-09-17;hipo:2026-09-18;hipo:2026-09-19;hipo:2026-09-20;hipo:2026-09-21;hipo:2026-09-22;hipo:2026-09-23;hipo:2026-09-24;hipo:2026-09-25;hipo:2026-09-26;hipo:2026-09-27;hipo:2026-09-28;hipo:2026-09-29;hipo:2026-09-30;hipo:2026-10-01;hipo:2026-10-02;hipo:2026-10-03;hipo:2026-10-04;hipo:2026-10-05;hipo:2026-10-06;hipo:2026-10-07;hipo:2026-10-08;hipo:2026-10-09;hipo:2026-10-10,,0,unreachable-dns,bjaeu.edu.cn,
Beijing Forestry University,bjfu.edu.cn,university/college,2026-09-21,Inaccessible,hipo:2026-09-17;hipo:2026-09-18;hipo:2026-09-19;hipo:2026-09-20;hipo:2026-09-21;hipo:2026-09-22;hipo:2026-09-23;openalex:page55;hipo:2026-09-24;hipo:2026-09-25;hipo:2026-09-26;hipo:2026-09-27;hipo:2026-09-28;hipo:2026-09-29;hipo:2026-09-30;hipo:2026-10-01;hipo:2026-10-02;hipo:2026-10-03;hipo:2026-10-04;hipo:2026-10-05;hipo:2026-10-06;hipo:2026-10-07;hipo:2026-10-08;hipo:2026-10-09;hipo:2026-10-10,,0,unreachable-dns,bjfu.edu.cn,
Beijing Medical University,bjmu.edu.cn,university/college,2026-09-21,Inaccessible,hipo:2026-09-17;hipo:2026-09-18;hipo:2026-09-19;hipo:2026-09-20;hipo:2026-09-21;hipo:2026-09-22;hipo:2026-09-23;hipo:2026-09-24;hipo:2026-09-25;hipo:2026-09-26;hipo:2026-09-27;hipo:2026-09-28;hipo:2026-09-29;hipo:2026-09-30;hipo:2026-10-01;hipo:2026-10-02;hipo:2026-10-03;hipo:2026-10-04;hipo:2026-10-05;hipo:2026-10-06;hipo:2026-10-07;hipo:2026-10-08;hipo:2026-10-09;hipo:2026-10-10,,0,unreachable-dns,bjmu.edu.cn,
Beijing Petroleum University,bjpeu.edu.cn,university/college,2026-09-21,Inaccessible,hipo:2026-09-17;hipo:2026-09-18;hipo:2026-09-19;hipo:2026-09-20;hipo:2026-09-21;hipo:2026-09-22;hipo:2026-09-23;hipo:2026-09-24;hipo:2026-09-25;hipo:2026-09-26;hipo:2026-09-27;hipo:2026-09-28;hipo:2026-09-29;hipo:2026-09-30;hipo:2026-10-01;hipo:2026-10-02;hipo:2026-10-03;hipo:2026-10-04;hipo:2026-10-05;hipo:2026-10-06;hipo:2026-10-07;hipo:2026-10-08;hipo:2026-10-09;hipo:2026-10-10,,0,unreachable-dns,bjpeu.edu.cn,
Beijing Polytechnic University,bjpu.edu.cn,university/college,2026-09-21,Inaccessible,hipo:2026-09-17;hipo:2026-09-18;hipo:2026-09-19;hipo:2026-09-20;hipo:2026-09-21;hipo:2026-09-22;hipo:2026-09-23;hipo:2026-09-24;hipo:2026-09-25;hipo:2026-09-26;hipo:2026-09-27;hipo:2026-09-28;hipo:2026-09-29;hipo:2026-09-30;hipo:2026-10-01;hipo:2026-10-02;hipo:2026-10-03;hipo:2026-10-04;hipo:2026-10-05;hipo:2026-10-06;hipo:2026-10-07;hipo:2026-10-08;hipo:2026-10-09;hipo:2026-10-10,,0,unreachable-dns,bjpu.edu.cn,
Beijing Jiaotong University,bjtu.edu.cn,university/college,2026-09-21,Active,hipo:2026-09-17;hipo:2026-09-18;hipo:2026-09-19;hipo:2026-09-20;hipo:2026-09-21;hipo:2026-09-22;hipo:2026-09-23;hipo:2026-09-24;hipo:2026-09-25;hipo:2026-09-26;hipo:2026-09-27;hipo:2026-09-28;hipo:2026-09-29;hipo:2026-09-30;hipo:2026-10-01;hipo:2026-10-02;hipo:2026-10-03;hipo:2026-10-04;hipo:2026-10-05;hipo:2026-10-06;hipo:2026-10-07;hipo:2026-10-08;hipo:2026-10-09;hipo:2026-10-10,,90,http-2xx-html+multi-source+edu-keywords+trusted-suffix+substantial-content,bjtu.edu.cn,
Beijing University of Chinese Medicine and Pharmacology,bjucmp.edu.cn,university/college,2026-09-21,Inaccessible,hipo:2026-09-17;hipo:2026-09-18;hipo:2026-09-19;hipo:2026-09-20;hipo:2026-09-21;hipo:2026-09-22;hipo:2026-09-23;hipo:2026-09-24;hipo:2026-09-25;hipo:2026-09-26;hipo:2026-09-27;hipo:2026-09-28;hipo:2026-09-29;hipo:2026-09-30;hipo:2026-10-01;hipo:2026-10-02;hipo:2026-10-03;hipo:2026-10-04;hipo:2026-10-05;hipo:2026-10-06;hipo:2026-10-07;hipo:2026-10-08;hipo:2026-10-09;hipo:2026-10-10,,0,unreachable-dns,bjucmp.edu.cn,
Beijing Language and Culture University,blcu.edu.cn,university/college,2026-09-21,Inaccessible,hipo:2026-09-17;hipo:2026-09-18;hipo:2026-09-19;hipo:2026-09-20;hipo:2026-09-21;hipo:2026-09-22;hipo:2026-09-23;hipo:2026-09-24;hipo:2026-09-25;hipo:2026-09-26;hipo:2026-09-27;hipo:2026-09-28;hipo:2026-09-29;hipo:2026-09-30;hipo:2026-10-01;hipo:2026-10-02;hipo:2026-10-03;hipo:2026-10-04;hipo:2026-10-05;hipo:2026-10-06;hipo:2026-10-07;hipo:2026-10-08;hipo:2026-10-09;hipo:2026-10-10,,0,unreachable-dns,blcu.edu.cn,
Beijing Normal University,bnu.edu.cn,university/college,2026-09-18,Inaccessible,openalex:page18;hipo:2026-09-17;hipo:2026-09-18;hipo:2026-09-19;hipo:2026-09-20;hipo:2026-09-21;hipo:2026-09-22;hipo:2026-09-23;hipo:2026-09-24;hipo:2026-09-25;hipo:2026-09-26;hipo:2026-09-27;hipo:2026-09-28;hipo:2026-09-29;hipo:2026-09-30;hipo:2026-10-01;hipo:2026-10-02;hipo:2026-10-03;hipo:2026-10-04;hipo:2026-10-05;hipo:2026-10-06;hipo:2026-10-07;hipo:2026-10-08;hipo:2026-10-09;hipo:2026-10-10,,0,unreachable-dns,,
Beijing Sport University,bsu.edu.cn,university/college,2026-09-21,Inaccessible,hipo:2026-09-17;hipo:2026-09-18;hipo:2026-09-19;hipo:2026-09-20;hipo:2026-09-21;hipo:2026-09-22;hipo:2026-09-23;hipo:2026-09-24;hipo:2026-09-25;hipo:2026-09-26;hipo:2026-09-27;hipo:2026-09-28;hipo:2026-09-29;hipo:2026-09-30;hipo:2026-10-01;hipo:2026-10-02;hipo:2026-10-03;hipo:2026-10-04;hipo:2026-10-05;hipo:2026-10-06;hipo:2026-10-07;hipo:2026-10-08;hipo:2026-10-09;hipo:2026-10-10,,0,fetch-error:ConnectTimeout,bsu.edu.cn,
Beihang University,buaa.edu.cn,university/college,2026-09-16,Inaccessible,openalex:page13;hipo:2026-09-17;hipo:2026-09-18;hipo:2026-09-19;hipo:2026-09-20;hipo:2026-09-21;hipo:2026-09-22;hipo:2026-09-23;hipo:2026-09-24;hipo:2026-09-25;hipo:2026-09-26;hipo:2026-09-27;hipo:2026-09-28;hipo:2026-09-29;hipo:2026-09-30;hipo:2026-10-01;hipo:2026-10-02;hipo:2026-10-03;hipo:2026-10-04;hipo:2026-10-05;hipo:2026-10-06;hipo:2026-10-07;hipo:2026-10-08;hipo:2026-10-09;hipo:2026-10-10,,,,,
Beijing University of Chemical Technology,buct.edu.cn,university/college,2026-09-21,Active,hipo:2026-09-17;hipo:2026-09-18;hipo:2026-09-19;hipo:2026-09-20;hipo:2026-09-21;openalex:page44;hipo:2026-09-22;hipo:2026-09-23;hipo:2026-09-24;hipo:2026-09-25;hipo:2026-09-26;hipo:2026-09-27;hipo:2026-09-28;hipo:2026-09-29;hipo:2026-09-30;hipo:2026-10-01;hipo:2026-10-02;hipo:2026-10-03;hipo:2026-10-04;hipo:2026-10-05;hipo:2026-10-06;hipo:2026-10-07;hipo:2026-10-08;hipo:2026-10-09;hipo:2026-10-10,,90,http-2xx-html+multi-source+edu-keywords+structure+substantial-content,buct.edu.cn,zh-cn
Beijing University of Posts and Telecommunications,bupt.edu.cn,university/college,2026-09-21,Inaccessible,hipo:2026-09-17;hipo:2026-09-18;hipo:2026-09-19;hipo:2026-09-20;hipo:2026-09-21;hipo:2026-09-22;hipo:2026-09-23;hipo:2026-09-24;hipo:2026-09-25;hipo:2026-09-26;hipo:2026-09-27;hipo:2026-09-28;hipo:2026-09-29;hipo:2026-09-30;hipo:2026-10-01;hipo:2026-10-02;hipo:2026-10-03;hipo:2026-10-04;hipo:2026-10-05;hipo:2026-10-06;hipo:2026-10-07;hipo:2026-10-08;hipo:2026-10-09;hipo:2026-10-10,,0,unreachable-dns,bupt.edu.cn,
Binzhou Technician College,bzjsxy.cn,university/college,2026-10-09,Inaccessible,ror:api-p66,,0,fetch-error:ConnectionError,bzjsxy.cn,
Central Academy of Fine Art,cafa.edu.cn,university/college,2026-09-21,Inaccessible,hipo:2026-09-17;hipo:2026-09-18;hipo:2026-09-19;hipo:2026-09-20;hipo:2026-09-21;hipo:2026-09-22;hipo:2026-09-23;hipo:2026-09-24;hipo:2026-09-25;hipo:2026-09-26;hipo:2026-09-27;hipo:2026-09-28;hipo:2026-09-29;hipo:2026-09-30;hipo:2026-10-01;hipo:2026-10-02;hipo:2026-10-03;hipo:2026-10-04;hipo:2026-10-05;hipo:2026-10-06;hipo:2026-10-07;hipo:2026-10-08;hipo:2026-10-09;hipo:2026-10-10,,0,fetch-error:SSLError,cafa.edu.cn,
China Agricultural University,cau.edu.cn,university/college,2026-09-21,Active,hipo:2026-09-17;hipo:2026-09-18;hipo:2026-09-19;hipo:2026-09-20;hipo:2026-09-21;hipo:2026-09-22;hipo:2026-09-23;hipo:2026-09-24;hipo:2026-09-25;hipo:2026-09-26;hipo:2026-09-27;hipo:2026-09-28;hipo:2026-09-29;hipo:2026-09-30;hipo:2026-10-01;hipo:2026-10-02;hipo:2026-10-03;hipo:2026-10-04;hipo:2026-10-05;hipo:2026-10-06;hipo:2026-10-07;hipo:2026-10-08;hipo:2026-10-09;hipo:2026-10-10,,90,http-2xx-html+multi-source+edu-keywords+structure+substantial-content,cau.edu.cn,
Civil Aviation University of China,cauc.edu,university/college,2026-09-21,Inaccessible,hipo:2026-09-17;hipo:2026-09-18;hipo:2026-09-19;hipo:2026-09-20;hipo:2026-09-21;hipo:2026-09-22;hipo:2026-09-23;hipo:2026-09-24;hipo:2026-09-25;hipo:2026-09-26;hipo:2026-09-27;hipo:2026-09-28;hipo:2026-09-29;hipo:2026-09-30;hipo:2026-10-01;hipo:2026-10-02;hipo:2026-10-03;hipo:2026-10-04;hipo:2026-10-05;hipo:2026-10-06;hipo:2026-10-07;hipo:2026-10-08;hipo:2026-10-09;hipo:2026-10-10,,0,unreachable-dns,cauc.edu,
Cangzhou Normal University,caztc.edu.cn,university/college,2026-10-09,Inaccessible,ror:api-p64,,0,unreachable-dns,caztc.edu.cn,
Capital Medical University,ccmu.edu.cn,university/college,2026-09-17,Inaccessible,openalex:page16,,0,unreachable-dns,,
Central China Normal University,ccnu.edu.cn,university/college,2026-09-21,Inaccessible,hipo:2026-09-17;hipo:2026-09-18;hipo:2026-09-19;hipo:2026-09-20;hipo:2026-09-21;hipo:2026-09-22;hipo:2026-09-23;hipo:2026-09-24;hipo:2026-09-25;hipo:2026-09-26;hipo:2026-09-27;hipo:2026-09-28;hipo:2026-09-29;hipo:2026-09-30;hipo:2026-10-01;hipo:2026-10-02;hipo:2026-10-03;hipo:2026-10-04;hipo:2026-10-05;hipo:2026-10-06;hipo:2026-10-07;hipo:2026-10-08;hipo:2026-10-09;hipo:2026-10-10,,0,fetch-error:ConnectTimeout,ccnu.edu.cn,
Changchun University of Technology,ccut.edu.cn,university/college,2026-09-21,Inaccessible,hipo:2026-09-17;hipo:2026-09-18;hipo:2026-09-19;hipo:2026-09-20;hipo:2026-09-21;hipo:2026-09-22;hipo:2026-09-23;hipo:2026-09-24;hipo:2026-09-25;hipo:2026-09-26;hipo:2026-09-27;hipo:2026-09-28;hipo:2026-09-29;hipo:2026-09-30;hipo:2026-10-01;hipo:2026-10-02;hipo:2026-10-03;hipo:2026-10-04;hipo:2026-10-05;hipo:2026-10-06;hipo:2026-10-07;hipo:2026-10-08;hipo:2026-10-09;hipo:2026-10-10,,0,fetch-error:ConnectionError,ccut.edu.cn,
Chengdu Institute of Sichuan International Studies University,cdisu.edu.cn,university/college,2026-09-21,Active,redirect:cisisu.edu.cn,,50,http-2xx-html+edu-keywords+trusted-suffix,cdisu.edu.cn,zh-cn
Chengdu University,cdu.edu.cn,university/college,2026-09-21,Inaccessible,hipo:2026-09-17;hipo:2026-09-18;hipo:2026-09-19;hipo:2026-09-20;hipo:2026-09-21;hipo:2026-09-22;hipo:2026-09-23;hipo:2026-09-24;hipo:2026-09-25;hipo:2026-09-26;hipo:2026-09-27;openalex:page72;hipo:2026-09-28;hipo:2026-09-29;hipo:2026-09-30;hipo:2026-10-01;hipo:2026-10-02;hipo:2026-10-03;hipo:2026-10-04;hipo:2026-10-05;hipo:2026-10-06;hipo:2026-10-07;hipo:2026-10-08;hipo:2026-10-09;hipo:2026-10-10,,0,fetch-error:ConnectionError,cdu.edu.cn,
Chengdu College of University of Electronic Science and Technology of China,cduestc.cn,university/college,2026-10-06,Inaccessible,hipo:2026-09-20;hipo:2026-09-21;hipo:2026-09-22;hipo:2026-09-23;hipo:2026-09-24;hipo:2026-09-25;hipo:2026-09-26;hipo:2026-09-27;hipo:2026-09-28;hipo:2026-09-29;hipo:2026-09-30;hipo:2026-10-01;hipo:2026-10-02;hipo:2026-10-03;hipo:2026-10-04;hipo:2026-10-05;hipo:2026-10-06;hipo:2026-10-07;hipo:2026-10-08;hipo:2026-10-09;hipo:2026-10-10,,0,unreachable-dns,cduestc.cn,
Chengdu University of Technology,cdut.edu.cn,university/college,2026-09-21,Inaccessible,hipo:2026-09-17;hipo:2026-09-18;hipo:2026-09-19;hipo:2026-09-20;hipo:2026-09-21;hipo:2026-09-22;hipo:2026-09-23;hipo:2026-09-24;hipo:2026-09-25;hipo:2026-09-26;openalex:page70;hipo:2026-09-27;hipo:2026-09-28;hipo:2026-09-29;hipo:2026-09-30;hipo:2026-10-01;hipo:2026-10-02;hipo:2026-10-03;hipo:2026-10-04;hipo:2026-10-05;hipo:2026-10-06;hipo:2026-10-07;hipo:2026-10-08;hipo:2026-10-09;hipo:2026-10-10,,5,http-404,cdut.edu.cn,
Chengdu University of Traditional Chinese Medicine,cdutcm.edu.cn,university/college,2026-09-21,Active,hipo:2026-09-17;hipo:2026-09-18;hipo:2026-09-19;hipo:2026-09-20;hipo:2026-09-21;hipo:2026-09-22;hipo:2026-09-23;hipo:2026-09-24;hipo:2026-09-25;hipo:2026-09-26;hipo:2026-09-27;hipo:2026-09-28;hipo:2026-09-29;hipo:2026-09-30;hipo:2026-10-01;openalex:page91;hipo:2026-10-02;hipo:2026-10-03;hipo:2026-10-04;hipo:2026-10-05;hipo:2026-10-06;hipo:2026-10-07;hipo:2026-10-08;hipo:2026-10-09;hipo:2026-10-10,,90,http-2xx-html+multi-source+edu-keywords+trusted-suffix+substantial-content,cdutcm.edu.cn,
China Foreign Affairs University,cfau.edu.cn,university/college,2026-09-21,Inaccessible,hipo:2026-09-17;hipo:2026-09-18;hipo:2026-09-19;hipo:2026-09-20;hipo:2026-09-21;hipo:2026-09-22;hipo:2026-09-23;hipo:2026-09-24;hipo:2026-09-25;hipo:2026-09-26;hipo:2026-09-27;hipo:2026-09-28;hipo:2026-09-29;hipo:2026-09-30;hipo:2026-10-01;hipo:2026-10-02;hipo:2026-10-03;hipo:2026-10-04;hipo:2026-10-05;hipo:2026-10-06;hipo:2026-10-07;hipo:2026-10-08;hipo:2026-10-09;hipo:2026-10-10,,0,unreachable-dns,cfau.edu.cn,
Chang'an University,chd.edu.cn,university/college,2026-10-09,Inaccessible,openalex:page58,,40,low-confidence:http-2xx-html+trusted-suffix+substantial-content+non-educational-content,chd.edu.cn,zh-cn
China Academy of Art,chinaacademyofart.com,university/college,2026-09-21,Inaccessible,hipo:2026-09-17;hipo:2026-09-18;hipo:2026-09-19;hipo:2026-09-20;hipo:2026-09-21;hipo:2026-09-22;hipo:2026-09-23;hipo:2026-09-24;hipo:2026-09-25;hipo:2026-09-26;hipo:2026-09-27;hipo:2026-09-28;hipo:2026-09-29;hipo:2026-09-30;hipo:2026-10-01;hipo:2026-10-02;hipo:2026-10-03;hipo:2026-10-04;hipo:2026-10-05;hipo:2026-10-06;hipo:2026-10-07;hipo:2026-10-08;hipo:2026-10-09;hipo:2026-10-10,25,5,http-403,chinaacademyofart.com,
Chengdu Institute of Sichuan International Studies University,cisisu.edu.cn,university/college,2026-09-21,Inaccessible,hipo:2026-09-17;hipo:2026-09-18;hipo:2026-09-19;hipo:2026-09-20;hipo:2026-09-21;hipo:2026-09-22;hipo:2026-09-23;hipo:2026-09-24;hipo:2026-09-25;hipo:2026-09-26;hipo:2026-09-27;hipo:2026-09-28;hipo:2026-09-29;hipo:2026-09-30;hipo:2026-10-01;hipo:2026-10-02;hipo:2026-10-03;hipo:2026-10-04;hipo:2026-10-05;hipo:2026-10-06;hipo:2026-10-07;hipo:2026-10-08;hipo:2026-10-09;hipo:2026-10-10,,40,moved-to:cdisu.edu.cn,cdisu.edu.cn,zh-cn
China Medical University Shenyang,cmu.edu.cn,university/college,2026-09-21,Inaccessible,hipo:2026-09-17;hipo:2026-09-18;hipo:2026-09-19;hipo:2026-09-20;hipo:2026-09-21;hipo:2026-09-22;hipo:2026-09-23;hipo:2026-09-24;hipo:2026-09-25;hipo:2026-09-26;hipo:2026-09-27;hipo:2026-09-28;hipo:2026-09-29;hipo:2026-09-30;hipo:2026-10-01;hipo:2026-10-02;hipo:2026-10-03;hipo:2026-10-04;hipo:2026-10-05;hipo:2026-10-06;hipo:2026-10-07;hipo:2026-10-08;hipo:2026-10-09;hipo:2026-10-10,,0,unreachable-dns,cmu.edu.cn,
Changchun Teachers College,cncnc.edu.cn,university/college,2026-09-21,Inaccessible,hipo:2026-09-17;hipo:2026-09-18;hipo:2026-09-19;hipo:2026-09-20;hipo:2026-09-21;hipo:2026-09-22;hipo:2026-09-23;hipo:2026-09-24;hipo:2026-09-25;hipo:2026-09-26;hipo:2026-09-27;hipo:2026-09-28;hipo:2026-09-29;hipo:2026-09-30;hipo:2026-10-01;hipo:2026-10-02;hipo:2026-10-03;hipo:2026-10-04;hipo:2026-10-05;hipo:2026-10-06;hipo:2026-10-07;hipo:2026-10-08;hipo:2026-10-09;hipo:2026-10-10,,0,unreachable-dns,cncnc.edu.cn,
Capital Normal University,cnu.edu.cn,university/college,2026-09-21,Inaccessible,hipo:2026-09-17;hipo:2026-09-18;hipo:2026-09-19;hipo:2026-09-20;hipo:2026-09-21;hipo:2026-09-22;hipo:2026-09-23;hipo:2026-09-24;hipo:2026-09-25;hipo:2026-09-26;hipo:2026-09-27;hipo:2026-09-28;hipo:2026-09-29;hipo:2026-09-30;openalex:page89;hipo:2026-10-01;hipo:2026-10-02;hipo:2026-10-03;hipo:2026-10-04;hipo:2026-10-05;hipo:2026-10-06;hipo:2026-10-07;hipo:2026-10-08;hipo:2026-10-09;hipo:2026-10-10,,5,http-403,cnu.edu.cn,
Chinese People's Public Security University,cppsu.edu.cn,university/college,2026-09-21,Inaccessible,hipo:2026-09-17;hipo:2026-09-18;hipo:2026-09-19;hipo:2026-09-20;hipo:2026-09-21;hipo:2026-09-22;hipo:2026-09-23;hipo:2026-09-24;hipo:2026-09-25;hipo:2026-09-26;hipo:2026-09-27;hipo:2026-09-28;hipo:2026-09-29;hipo:2026-09-30;hipo:2026-10-01;hipo:2026-10-02;hipo:2026-10-03;hipo:2026-10-04;hipo:2026-10-05;hipo:2026-10-06;hipo:2026-10-07;hipo:2026-10-08;hipo:2026-10-09;hipo:2026-10-10,,0,unreachable-dns,cppsu.edu.cn,
China Pharmaceutical University Nanjing,cpu.edu.cn,university/college,2026-09-21,Inaccessible,hipo:2026-09-17;hipo:2026-09-18;hipo:2026-09-19;hipo:2026-09-20;hipo:2026-09-21;hipo:2026-09-22;hipo:2026-09-23;hipo:2026-09-24;hipo:2026-09-25;openalex:page63;hipo:2026-09-26;hipo:2026-09-27;hipo:2026-09-28;hipo:2026-09-29;hipo:2026-09-30;hipo:2026-10-01;hipo:2026-10-02;hipo:2026-10-03;hipo:2026-10-04;hipo:2026-10-05;hipo:2026-10-06;hipo:2026-10-07;hipo:2026-10-08;hipo:2026-10-09;hipo:2026-10-10,,0,unreachable-dns,cpu.edu.cn,
Capital University of Medical Sciences,cpums.edu.cn,university/college,2026-09-21,Inaccessible,hipo:2026-09-17;hipo:2026-09-18;hipo:2026-09-19;hipo:2026-09-20;hipo:2026-09-21;hipo:2026-09-22;hipo:2026-09-23;hipo:2026-09-24;hipo:2026-09-25;hipo:2026-09-26;hipo:2026-09-27;hipo:2026-09-28;hipo:2026-09-29;hipo:2026-09-30;hipo:2026-10-01;hipo:2026-10-02;hipo:2026-10-03;hipo:2026-10-04;hipo:2026-10-05;hipo:2026-10-06;hipo:2026-10-07;hipo:2026-10-08;hipo:2026-10-09;hipo:2026-10-10,,0,unreachable-dns,cpums.edu.cn,
Chongqing Education College,cqec.net.cn,university/college,2026-09-21,Inaccessible,hipo:2026-09-17;hipo:2026-09-18;hipo:2026-09-19;hipo:2026-09-20;hipo:2026-09-21;hipo:2026-09-22;hipo:2026-09-23;hipo:2026-09-24;hipo:2026-09-25;hipo:2026-09-26;hipo:2026-09-27;hipo:2026-09-28;hipo:2026-09-29;hipo:2026-09-30;hipo:2026-10-01;hipo:2026-10-02;hipo:2026-10-03;hipo:2026-10-04;hipo:2026-10-05;hipo:2026-10-06;hipo:2026-10-07;hipo:2026-10-08;hipo:2026-10-09;hipo:2026-10-10,,0,fetch-error:ConnectTimeout,cqec.net.cn,
Chongqing Vocational College of Public Transportation,cqgyzy.com,university/college,2026-09-21,Inaccessible,hipo:2026-09-17;hipo:2026-09-18;hipo:2026-09-19;hipo:2026-09-20;hipo:2026-09-21;hipo:2026-09-22;hipo:2026-09-23;hipo:2026-09-24;hipo:2026-09-25;hipo:2026-09-26;hipo:2026-09-27;hipo:2026-09-28;hipo:2026-09-29;hipo:2026-09-30;hipo:2026-10-01;hipo:2026-10-02;hipo:2026-10-03;hipo:2026-10-04;hipo:2026-10-05;hipo:2026-10-06;hipo:2026-10-07;hipo:2026-10-08;hipo:2026-10-09;hipo:2026-10-10,15,0,unreachable-dns,cqgyzy.com,
Chongqing Medical University,cqmu.edu.cn,university/college,2026-09-21,Inaccessible,hipo:2026-09-17;hipo:2026-09-18;hipo:2026-09-19;openalex:page34;hipo:2026-09-20;hipo:2026-09-21;hipo:2026-09-22;hipo:2026-09-23;hipo:2026-09-24;hipo:2026-09-25;hipo:2026-09-26;hipo:2026-09-27;hipo:2026-09-28;hipo:2026-09-29;hipo:2026-09-30;hipo:2026-10-01;hipo:2026-10-02;hipo:2026-10-03;hipo:2026-10-04;hipo:2026-10-05;hipo:2026-10-06;hipo:2026-10-07;hipo:2026-10-08;hipo:2026-10-09;hipo:2026-10-10,,0,unreachable-dns,cqmu.edu.cn,
Chongqing Normal University,cqnu.edu.cn,university/college,2026-09-21,Inaccessible,hipo:2026-09-17;hipo:2026-09-18;hipo:2026-09-19;hipo:2026-09-20;hipo:2026-09-21;hipo:2026-09-22;hipo:2026-09-23;hipo:2026-09-24;hipo:2026-09-25;hipo:2026-09-26;hipo:2026-09-27;hipo:2026-09-28;hipo:2026-09-29;hipo:2026-09-30;hipo:2026-10-01;hipo:2026-10-02;hipo:2026-10-03;hipo:2026-10-04;hipo:2026-10-05;hipo:2026-10-06;hipo:2026-10-07;hipo:2026-10-08;hipo:2026-10-09;openalex:page130;hipo:2026-10-10,,5,http-404,cqnu.edu.cn,
Chongqing Telecommunication College,cqtcedu.com,university/college,2026-09-21,Inaccessible,hipo:2026-09-17;hipo:2026-09-18;hipo:2026-09-19;hipo:2026-09-20;hipo:2026-09-21;hipo:2026-09-22;hipo:2026-09-23;hipo:2026-09-24;hipo:2026-09-25;hipo:2026-09-26;hipo:2026-09-27;hipo:2026-09-28;hipo:2026-09-29;hipo:2026-09-30;hipo:2026-10-01;hipo:2026-10-02;hipo:2026-10-03;hipo:2026-10-04;hipo:2026-10-05;hipo:2026-10-06;hipo:2026-10-07;hipo:2026-10-08;hipo:2026-10-09;hipo:2026-10-10,15,0,fetch-error:SSLError,cqtcedu.com,
Chongqing University,cqu.edu.cn,university/college,2026-09-17,Active,openalex:page15;hipo:2026-09-17;hipo:2026-09-18;hipo:2026-09-19;hipo:2026-09-20;hipo:2026-09-21;hipo:2026-09-22;hipo:2026-09-23;hipo:2026-09-24;hipo:2026-09-25;hipo:2026-09-26;hipo:2026-09-27;hipo:2026-09-28;hipo:2026-09-29;hipo:2026-09-30;hipo:2026-10-01;hipo:2026-10-02;hipo:2026-10-03;hipo:2026-10-04;hipo:2026-10-05;hipo:2026-10-06;hipo:2026-10-07;hipo:2026-10-08;hipo:2026-10-09;hipo:2026-10-10,,,,,
Chongqing University of Communications,cquc.edu.cn,university/college,2026-09-21,Inaccessible,hipo:2026-09-17;hipo:2026-09-18;hipo:2026-09-19;hipo:2026-09-20;hipo:2026-09-21;hipo:2026-09-22;hipo:2026-09-23;hipo:2026-09-24;hipo:2026-09-25;hipo:2026-09-26;hipo:2026-09-27;hipo:2026-09-28;hipo:2026-09-29;hipo:2026-09-30;hipo:2026-10-01;hipo:2026-10-02;hipo:2026-10-03;hipo:2026-10-04;hipo:2026-10-05;hipo:2026-10-06;hipo:2026-10-07;hipo:2026-10-08;hipo:2026-10-09;hipo:2026-10-10,,0,unreachable-dns,cquc.edu.cn,
Chongqing University of Post and Telecommunications,cqupt.edu.cn,university/college,2026-09-21,Inaccessible,hipo:2026-09-17;hipo:2026-09-18;hipo:2026-09-19;hipo:2026-09-20;hipo:2026-09-21;hipo:2026-09-22;hipo:2026-09-23;hipo:2026-09-24;hipo:2026-09-25;hipo:2026-09-26;hipo:2026-09-27;hipo:2026-09-28;openalex:page80;hipo:2026-09-29;hipo:2026-09-30;hipo:2026-10-01;hipo:2026-10-02;hipo:2026-10-03;hipo:2026-10-04;hipo:2026-10-05;hipo:2026-10-06;hipo:2026-10-07;hipo:2026-10-08;hipo:2026-10-09;hipo:2026-10-10,,0,fetch-error:ConnectTimeout,cqupt.edu.cn,
Chongqing University of Science and Technology,cqust.cn,university/college,2026-09-21,Inaccessible,hipo:2026-09-17;hipo:2026-09-18;hipo:2026-09-19;hipo:2026-09-20;hipo:2026-09-21;hipo:2026-09-22;hipo:2026-09-23;hipo:2026-09-24;hipo:2026-09-25;hipo:2026-09-26;hipo:2026-09-27;hipo:2026-09-28;hipo:2026-09-29;hipo:2026-09-30;hipo:2026-10-01;hipo:2026-10-02;hipo:2026-10-03;hipo:2026-10-04;hipo:2026-10-05;hipo:2026-10-06;hipo:2026-10-07;hipo:2026-10-08;hipo:2026-10-09;hipo:2026-10-10,,0,fetch-error:ReadTimeout,cqust.cn,
Chongqing University of Technology,cqut.edu.cn,university/college,2026-09-21,Inaccessible,hipo:2026-09-17;hipo:2026-09-18;hipo:2026-09-19;hipo:2026-09-20;hipo:2026-09-21;hipo:2026-09-22;hipo:2026-09-23;hipo:2026-09-24;hipo:2026-09-25;hipo:2026-09-26;hipo:2026-09-27;hipo:2026-09-28;hipo:2026-09-29;hipo:2026-09-30;hipo:2026-10-01;hipo:2026-10-02;hipo:2026-10-03;hipo:2026-10-04;hipo:2026-10-05;hipo:2026-10-06;hipo:2026-10-07;hipo:2026-10-08;hipo:2026-10-09;hipo:2026-10-10,,40,low-confidence:http-2xx-html+multi-source+trusted-suffix+non-educational-content,cqut.edu.cn,
Chongqing Wenli University,cqwu.net,university/college,2026-09-21,Inaccessible,hipo:2026-09-17;hipo:2026-09-18;hipo:2026-09-19;hipo:2026-09-20;hipo:2026-09-21;hipo:2026-09-22;hipo:2026-09-23;hipo:2026-09-24;hipo:2026-09-25;hipo:2026-09-26;hipo:2026-09-27;hipo:2026-09-28;hipo:2026-09-29;hipo:2026-09-30;hipo:2026-10-01;hipo:2026-10-02;hipo:2026-10-03;hipo:2026-10-04;hipo:2026-10-05;hipo:2026-10-06;hipo:2026-10-07;hipo:2026-10-08;hipo:2026-10-09;hipo:2026-10-10,23,0,unreachable-dns,cqwu.net,
Central Radio and TV University,crtvu.edu.cn,university/college,2026-09-21,Inaccessible,hipo:2026-09-17;hipo:2026-09-18;hipo:2026-09-19;hipo:2026-09-20;hipo:2026-09-21;hipo:2026-09-22;hipo:2026-09-23;hipo:2026-09-24;hipo:2026-09-25;hipo:2026-09-26;hipo:2026-09-27;hipo:2026-09-28;hipo:2026-09-29;hipo:2026-09-30;hipo:2026-10-01;hipo:2026-10-02;hipo:2026-10-03;hipo:2026-10-04;hipo:2026-10-05;hipo:2026-10-06;hipo:2026-10-07;hipo:2026-10-08;hipo:2026-10-09;hipo:2026-10-10,,0,fetch-error:ConnectTimeout,crtvu.edu.cn,
Central South Forestry University,csfu.edu.cn,university/college,2026-09-21,Inaccessible,hipo:2026-09-17;hipo:2026-09-18;hipo:2026-09-19;hipo:2026-09-20;hipo:2026-09-21;hipo:2026-09-22;hipo:2026-09-23;hipo:2026-09-24;hipo:2026-09-25;hipo:2026-09-26;hipo:2026-09-27;hipo:2026-09-28;hipo:2026-09-29;hipo:2026-09-30;hipo:2026-10-01;hipo:2026-10-02;hipo:2026-10-03;hipo:2026-10-04;hipo:2026-10-05;hipo:2026-10-06;hipo:2026-10-07;hipo:2026-10-08;hipo:2026-10-09;hipo:2026-10-10,,0,unreachable-dns,csfu.edu.cn,
Changsha Railway University,csru.edu.cn,university/college,2026-09-21,Inaccessible,hipo:2026-09-17;hipo:2026-09-18;hipo:2026-09-19;hipo:2026-09-20;hipo:2026-09-21;hipo:2026-09-22;hipo:2026-09-23;hipo:2026-09-24;hipo:2026-09-25;hipo:2026-09-26;hipo:2026-09-27;hipo:2026-09-28;hipo:2026-09-29;hipo:2026-09-30;hipo:2026-10-01;hipo:2026-10-02;hipo:2026-10-03;hipo:2026-10-04;hipo:2026-10-05;hipo:2026-10-06;hipo:2026-10-07;hipo:2026-10-08;hipo:2026-10-09;hipo:2026-10-10,,0,unreachable-dns,csru.edu.cn,
Hunan Vocational College of Safety Technology,cssttc.gov.cn,university/college,2026-10-09,Inaccessible,ror:api-p66,,0,unreachable-dns,cssttc.gov.cn,
Central South University,csu.edu.cn,university/college,2026-09-25,Active,openalex:page6;hipo:2026-09-17;hipo:2026-09-18;hipo:2026-09-19;hipo:2026-09-20;hipo:2026-09-21;hipo:2026-09-22;hipo:2026-09-23;hipo:2026-09-24;hipo:2026-09-25;hipo:2026-09-26;hipo:2026-09-27;hipo:2026-09-28;hipo:2026-09-29;hipo:2026-09-30;hipo:2026-10-01;hipo:2026-10-02;hipo:2026-10-03;hipo:2026-10-04;hipo:2026-10-05;hipo:2026-10-06;hipo:2026-10-07;hipo:2026-10-08;hipo:2026-10-09;hipo:2026-10-10,,90,http-2xx-html+multi-source+edu-keywords+trusted-suffix+substantial-content,csu.edu.cn,zh-cn
Changsha University of Electric Power,csuep.edu.cn,university/college,2026-09-21,Inaccessible,hipo:2026-09-17;hipo:2026-09-18;hipo:2026-09-19;hipo:2026-09-20;hipo:2026-09-21;hipo:2026-09-22;hipo:2026-09-23;hipo:2026-09-24;hipo:2026-09-25;hipo:2026-09-26;hipo:2026-09-27;hipo:2026-09-28;hipo:2026-09-29;hipo:2026-09-30;hipo:2026-10-01;hipo:2026-10-02;hipo:2026-10-03;hipo:2026-10-04;hipo:2026-10-05;hipo:2026-10-06;hipo:2026-10-07;hipo:2026-10-08;hipo:2026-10-09;hipo:2026-10-10,,0,unreachable-dns,csuep.edu.cn,
City College of Dongguan University of Technology,csxy.dgut.edu.cn,university/college,2026-10-09,Inaccessible,ror:api-p64,,30,low-confidence:http-2xx-html+trusted-suffix+non-educational-content,nic.dgut.edu.cn,zh-cn
Chongqing Technology and Business University,ctbu.edu.cn,university/college,2026-09-21,Inaccessible,hipo:2026-09-17;hipo:2026-09-18;hipo:2026-09-19;hipo:2026-09-20;hipo:2026-09-21;hipo:2026-09-22;hipo:2026-09-23;hipo:2026-09-24;hipo:2026-09-25;hipo:2026-09-26;hipo:2026-09-27;hipo:2026-09-28;hipo:2026-09-29;hipo:2026-09-30;hipo:2026-10-01;hipo:2026-10-02;hipo:2026-10-03;hipo:2026-10-04;hipo:2026-10-05;hipo:2026-10-06;hipo:2026-10-07;hipo:2026-10-08;hipo:2026-10-09;hipo:2026-10-10,,0,unreachable-dns,ctbu.edu.cn,
China Three Gorges University,ctgu.edu.cn,university/college,2026-09-21,Inaccessible,hipo:2026-09-17;hipo:2026-09-18;hipo:2026-09-19;hipo:2026-09-20;hipo:2026-09-21;hipo:2026-09-22;hipo:2026-09-23;hipo:2026-09-24;hipo:2026-09-25;hipo:2026-09-26;hipo:2026-09-27;hipo:2026-09-28;hipo:2026-09-29;hipo:2026-09-30;openalex:page87;hipo:2026-10-01;hipo:2026-10-02;hipo:2026-10-03;hipo:2026-10-04;hipo:2026-10-05;hipo:2026-10-06;hipo:2026-10-07;hipo:2026-10-08;hipo:2026-10-09;hipo:2026-10-10,,0,unreachable-dns,ctgu.edu.cn,
China USA Business University,cubu.edu,university/college,2026-09-21,Inaccessible,hipo:2026-09-17;hipo:2026-09-18;hipo:2026-09-19;hipo:2026-09-20;hipo:2026-09-21;hipo:2026-09-22;hipo:2026-09-23;hipo:2026-09-24;hipo:2026-09-25;hipo:2026-09-26;hipo:2026-09-27;hipo:2026-09-28;hipo:2026-09-29;hipo:2026-09-30;hipo:2026-10-01;hipo:2026-10-02;hipo:2026-10-03;hipo:2026-10-04;hipo:2026-10-05;hipo:2026-10-06;hipo:2026-10-07;hipo:2026-10-08;hipo:2026-10-09;hipo:2026-10-10,,0,unreachable-dns,cubu.edu,
Communication University of China,cuc.edu.cn,university/college,2026-09-21,Inaccessible,hipo:2026-09-17;hipo:2026-09-18;hipo:2026-09-19;hipo:2026-09-20;hipo:2026-09-21;hipo:2026-09-22;hipo:2026-09-23;hipo:2026-09-24;hipo:2026-09-25;hipo:2026-09-26;hipo:2026-09-27;hipo:2026-09-28;hipo:2026-09-29;hipo:2026-09-30;hipo:2026-10-01;hipo:2026-10-02;hipo:2026-10-03;hipo:2026-10-04;hipo:2026-10-05;hipo:2026-10-06;hipo:2026-10-07;hipo:2026-10-08;hipo:2026-10-09;hipo:2026-10-10,,0,fetch-error:ConnectTimeout,cuc.edu.cn,
Capital University of Economics and Business,cueb.edu.cn,university/college,2026-09-21,Inaccessible,hipo:2026-09-17;hipo:2026-09-18;hipo:2026-09-19;hipo:2026-09-20;hipo:2026-09-21;hipo:2026-09-22;hipo:2026-09-23;hipo:2026-09-24;hipo:2026-09-25;hipo:2026-09-26;hipo:2026-09-27;hipo:2026-09-28;hipo:2026-09-29;hipo:2026-09-30;hipo:2026-10-01;hipo:2026-10-02;hipo:2026-10-03;hipo:2026-10-04;hipo:2026-10-05;hipo:2026-10-06;hipo:2026-10-07;hipo:2026-10-08;hipo:2026-10-09;hipo:2026-10-10,,0,unreachable-dns,cueb.edu.cn,
Central University of Finance and Economics,cufe.edu.cn,university/college,2026-09-21,Inaccessible,hipo:2026-09-17;hipo:2026-09-18;hipo:2026-09-19;hipo:2026-09-20;hipo:2026-09-21;hipo:2026-09-22;hipo:2026-09-23;hipo:2026-09-24;hipo:2026-09-25;hipo:2026-09-26;hipo:2026-09-27;hipo:2026-09-28;hipo:2026-09-29;hipo:2026-09-30;hipo:2026-10-01;hipo:2026-10-02;hipo:2026-10-03;hipo:2026-10-04;hipo:2026-10-05;hipo:2026-10-06;hipo:2026-10-07;hipo:2026-10-08;hipo:2026-10-09;hipo:2026-10-10,,0,unreachable-dns,cufe.edu.cn,
China University of Geosciences Wuhan,cug.edu.cn,university/college,2026-09-21,Inaccessible,hipo:2026-09-17;hipo:2026-09-18;hipo:2026-09-19;hipo:2026-09-20;openalex:page37;hipo:2026-09-21;hipo:2026-09-22;hipo:2026-09-23;hipo:2026-09-24;hipo:2026-09-25;hipo:2026-09-26;hipo:2026-09-27;hipo:2026-09-28;hipo:2026-09-29;wikidata:P856;hipo:2026-09-30;hipo:2026-10-01;hipo:2026-10-02;hipo:2026-10-03;hipo:2026-10-04;hipo:2026-10-05;hipo:2026-10-06;hipo:2026-10-07;hipo:2026-10-08;hipo:2026-10-09;hipo:2026-10-10,,0,unreachable-dns,cug.edu.cn,
China University of Geoscience Beijing,cugb.edu.cn,university/college,2026-09-21,Inaccessible,hipo:2026-09-17;hipo:2026-09-18;hipo:2026-09-19;hipo:2026-09-20;hipo:2026-09-21;hipo:2026-09-22;hipo:2026-09-23;openalex:page51;hipo:2026-09-24;hipo:2026-09-25;hipo:2026-09-26;hipo:2026-09-27;hipo:2026-09-28;hipo:2026-09-29;hipo:2026-09-30;hipo:2026-10-01;hipo:2026-10-02;hipo:2026-10-03;hipo:2026-10-04;hipo:2026-10-05;hipo:2026-10-06;hipo:2026-10-07;hipo:2026-10-08;hipo:2026-10-09;hipo:2026-10-10,,0,fetch-error:ConnectTimeout,cugb.edu.cn,
China University of Mining Technology - Xuzhou,cumt.edu.cn,university/college,2026-09-21,Active,hipo:2026-09-17;hipo:2026-09-18;openalex:page26;hipo:2026-09-19;hipo:2026-09-20;hipo:2026-09-21;hipo:2026-09-22;hipo:2026-09-23;hipo:2026-09-24;hipo:2026-09-25;hipo:2026-09-26;hipo:2026-09-27;hipo:2026-09-28;hipo:2026-09-29;wikidata:P856;hipo:2026-09-30;hipo:2026-10-01;hipo:2026-10-02;hipo:2026-10-03;hipo:2026-10-04;hipo:2026-10-05;hipo:2026-10-06;hipo:2026-10-07;hipo:2026-10-08;hipo:2026-10-09;hipo:2026-10-10,,90,http-2xx-html+multi-source+edu-keywords+trusted-suffix+substantial-content,cumt.edu.cn,en
China University of Mining Technology - Beijing,cumtb.edu.cn,university/college,2026-09-21,Inaccessible,hipo:2026-09-17;hipo:2026-09-18;hipo:2026-09-19;hipo:2026-09-20;hipo:2026-09-21;hipo:2026-09-22;hipo:2026-09-23;hipo:2026-09-24;hipo:2026-09-25;hipo:2026-09-26;hipo:2026-09-27;hipo:2026-09-28;hipo:2026-09-29;hipo:2026-09-30;openalex:page88;hipo:2026-10-01;hipo:2026-10-02;hipo:2026-10-03;hipo:2026-10-04;hipo:2026-10-05;hipo:2026-10-06;hipo:2026-10-07;hipo:2026-10-08;hipo:2026-10-09;hipo:2026-10-10,,0,unreachable-dns,cumtb.edu.cn,
Central University for Nationalities,cun.edu.cn,university/college,2026-09-21,Inaccessible,hipo:2026-09-17;hipo:2026-09-18;hipo:2026-09-19;hipo:2026-09-20;hipo:2026-09-21;hipo:2026-09-22;hipo:2026-09-23;hipo:2026-09-24;hipo:2026-09-25;hipo:2026-09-26;hipo:2026-09-27;hipo:2026-09-28;hipo:2026-09-29;hipo:2026-09-30;hipo:2026-10-01;hipo:2026-10-02;hipo:2026-10-03;hipo:2026-10-04;hipo:2026-10-05;hipo:2026-10-06;hipo:2026-10-07;hipo:2026-10-08;hipo:2026-10-09;hipo:2026-10-10,,0,unreachable-dns,cun.edu.cn,
"China University of Petroleum, Beijing",cup.edu.cn,university/college,2026-10-06,Active,openalex:page44,,60,http-2xx-html+edu-keywords+structure+substantial-content,cup.edu.cn,
China University of Political Science and Law,cupl.edu.cn,university/college,2026-09-21,Inaccessible,hipo:2026-09-17;hipo:2026-09-18;hipo:2026-09-19;hipo:2026-09-20;hipo:2026-09-21;hipo:2026-09-22;hipo:2026-09-23;hipo:2026-09-24;hipo:2026-09-25;hipo:2026-09-26;hipo:2026-09-27;hipo:2026-09-28;hipo:2026-09-29;hipo:2026-09-30;hipo:2026-10-01;hipo:2026-10-02;hipo:2026-10-03;hipo:2026-10-04;hipo:2026-10-05;hipo:2026-10-06;hipo:2026-10-07;hipo:2026-10-08;hipo:2026-10-09;hipo:2026-10-10,,0,unreachable-dns,cupl.edu.cn,
Changchun University of Science and Technology,cust.edu.cn,university/college,2026-09-25,Active,wikidata:P856;hipo:2026-09-20;hipo:2026-09-21;hipo:2026-09-22;hipo:2026-09-23;hipo:2026-09-24;hipo:2026-09-25;hipo:2026-09-26;hipo:2026-09-27;hipo:2026-09-28;hipo:2026-09-29;hipo:2026-09-30;hipo:2026-10-01;hipo:2026-10-02;openalex:page94;hipo:2026-10-03;hipo:2026-10-04;hipo:2026-10-05;hipo:2026-10-06;hipo:2026-10-07;hipo:2026-10-08;hipo:2026-10-09;hipo:2026-10-10,,90,http-2xx-html+multi-source+edu-keywords+trusted-suffix+substantial-content,cust.edu.cn,
China youth college for political science,cyc.edu.cn,university/college,2026-09-21,Inaccessible,hipo:2026-09-17;hipo:2026-09-18;hipo:2026-09-19;hipo:2026-09-20;hipo:2026-09-21;hipo:2026-09-22;hipo:2026-09-23;hipo:2026-09-24;hipo:2026-09-25;hipo:2026-09-26;hipo:2026-09-27;hipo:2026-09-28;hipo:2026-09-29;hipo:2026-09-30;hipo:2026-10-01;hipo:2026-10-02;hipo:2026-10-03;hipo:2026-10-04;hipo:2026-10-05;hipo:2026-10-06;hipo:2026-10-07;hipo:2026-10-08;hipo:2026-10-09;hipo:2026-10-10,,0,unreachable-dns,cyc.edu.cn,
Changzhou Vocational Institute of Textile and Garment,cztgi.edu.cn,university/college,2026-10-09,Inaccessible,ror:api-p66,,0,unreachable-dns,cztgi.edu.cn,
East University Of Heilongjiang,dfxy.net,university/college,2026-09-18,Inaccessible,ror:api-p1,23,,,,
"Donghua University, Shanghai",dhu.edu.cn,university/college,2026-09-21,Inaccessible,hipo:2026-09-17;hipo:2026-09-18;hipo:2026-09-19;hipo:2026-09-20;hipo:2026-09-21;hipo:2026-09-22;openalex:page50;hipo:2026-09-23;hipo:2026-09-24;hipo:2026-09-25;hipo:2026-09-26;hipo:2026-09-27;hipo:2026-09-28;hipo:2026-09-29;hipo:2026-09-30;hipo:2026-10-01;hipo:2026-10-02;hipo:2026-10-03;hipo:2026-10-04;hipo:2026-10-05;hipo:2026-10-06;hipo:2026-10-07;hipo:2026-10-08;hipo:2026-10-09;hipo:2026-10-10,,0,unreachable-dns,dhu.edu.cn,
Beijing Polytechnic,dky.bjedu.cn,university/college,2026-09-17,Inaccessible,ror:api-p17,,0,unreachable-dns,,
Dalian Medical University,dlmedu.edu.cn,university/college,2026-09-21,Inaccessible,hipo:2026-09-17;hipo:2026-09-18;hipo:2026-09-19;hipo:2026-09-20;hipo:2026-09-21;hipo:2026-09-22;hipo:2026-09-23;hipo:2026-09-24;hipo:2026-09-25;hipo:2026-09-26;hipo:2026-09-27;hipo:2026-09-28;hipo:2026-09-29;hipo:2026-09-30;hipo:2026-10-01;hipo:2026-10-02;hipo:2026-10-03;hipo:2026-10-04;hipo:2026-10-05;hipo:2026-10-06;hipo:2026-10-07;hipo:2026-10-08;hipo:2026-10-09;hipo:2026-10-10,,0,unreachable-dns,dlmedu.edu.cn,
Dalian Martime University,dlmu.edu.cn,university/college,2026-09-21,Inaccessible,hipo:2026-09-17;hipo:2026-09-18;hipo:2026-09-19;hipo:2026-09-20;hipo:2026-09-21;hipo:2026-09-22;hipo:2026-09-23;hipo:2026-09-24;hipo:2026-09-25;hipo:2026-09-26;openalex:page71;hipo:2026-09-27;hipo:2026-09-28;hipo:2026-09-29;hipo:2026-09-30;hipo:2026-10-01;hipo:2026-10-02;hipo:2026-10-03;hipo:2026-10-04;hipo:2026-10-05;hipo:2026-10-06;hipo:2026-10-07;hipo:2026-10-08;hipo:2026-10-09;hipo:2026-10-10,,0,unreachable-dns,dlmu.edu.cn,
Dalian University,dlu.edu.cn,university/college,2026-09-21,Inaccessible,hipo:2026-09-17;hipo:2026-09-18;hipo:2026-09-19;hipo:2026-09-20;hipo:2026-09-21;hipo:2026-09-22;hipo:2026-09-23;openalex:page51;openalex:page52;hipo:2026-09-24;hipo:2026-09-25;hipo:2026-09-26;hipo:2026-09-27;hipo:2026-09-28;hipo:2026-09-29;hipo:2026-09-30;hipo:2026-10-01;hipo:2026-10-02;hipo:2026-10-03;hipo:2026-10-04;hipo:2026-10-05;hipo:2026-10-06;hipo:2026-10-07;hipo:2026-10-08;hipo:2026-10-09;hipo:2026-10-10,,0,fetch-error:ConnectionError,dlu.edu.cn,
Dalian University of Foreign Languages,dlufl.edu.cn,university/college,2026-09-16,Active,wikidata:P856;hipo:2026-09-17;hipo:2026-09-18;hipo:2026-09-19;hipo:2026-09-20;hipo:2026-09-21;hipo:2026-09-22;hipo:2026-09-23;hipo:2026-09-24;hipo:2026-09-25;hipo:2026-09-26;hipo:2026-09-27;hipo:2026-09-28;hipo:2026-09-29;hipo:2026-09-30;hipo:2026-10-01;hipo:2026-10-02;hipo:2026-10-03;hipo:2026-10-04;hipo:2026-10-05;hipo:2026-10-06;hipo:2026-10-07;hipo:2026-10-08;hipo:2026-10-09;hipo:2026-10-10,,,,,
Dalian University of Technology,dlut.edu.cn,university/college,2026-09-17,Inaccessible,openalex:page16;hipo:2026-09-17;hipo:2026-09-18;hipo:2026-09-19;hipo:2026-09-20;hipo:2026-09-21;hipo:2026-09-22;hipo:2026-09-23;hipo:2026-09-24;hipo:2026-09-25;hipo:2026-09-26;hipo:2026-09-27;hipo:2026-09-28;hipo:2026-09-29;hipo:2026-09-30;hipo:2026-10-01;hipo:2026-10-02;hipo:2026-10-03;hipo:2026-10-04;hipo:2026-10-05;hipo:2026-10-06;hipo:2026-10-07;hipo:2026-10-08;hipo:2026-10-09;hipo:2026-10-10,,0,unreachable-dns,,
Dalian Medical University,dmu.edu.cn,university/college,2026-10-08,Active,openalex:page52,,60,http-2xx-html+edu-keywords+trusted-suffix+substantial-content,dmu.edu.cn,
Dalian Neusoft University of Information,dnui.edu.cn,university/college,2026-10-05,Inaccessible,hipo:2026-09-20;hipo:2026-09-21;hipo:2026-09-22;hipo:2026-09-23;hipo:2026-09-24;hipo:2026-09-25;hipo:2026-09-26;hipo:2026-09-27;hipo:2026-09-28;hipo:2026-09-29;hipo:2026-09-30;hipo:2026-10-01;hipo:2026-10-02;hipo:2026-10-03;hipo:2026-10-04;hipo:2026-10-05;hipo:2026-10-06;hipo:2026-10-07;hipo:2026-10-08;hipo:2026-10-09;hipo:2026-10-10,,0,unreachable-dns,dnui.edu.cn,
Dongbei University of Finance And Economics,dufe.edu.cn,university/college,2026-09-21,Inaccessible,hipo:2026-09-17;hipo:2026-09-18;hipo:2026-09-19;hipo:2026-09-20;hipo:2026-09-21;hipo:2026-09-22;hipo:2026-09-23;hipo:2026-09-24;hipo:2026-09-25;hipo:2026-09-26;hipo:2026-09-27;hipo:2026-09-28;hipo:2026-09-29;hipo:2026-09-30;hipo:2026-10-01;hipo:2026-10-02;hipo:2026-10-03;hipo:2026-10-04;hipo:2026-10-05;hipo:2026-10-06;hipo:2026-10-07;hipo:2026-10-08;hipo:2026-10-09;hipo:2026-10-10,,0,unreachable-dns,dufe.edu.cn,
East China Jiao Tong University,ecjtu.jx.cn,university/college,2026-09-21,Inaccessible,hipo:2026-09-17;hipo:2026-09-18;hipo:2026-09-19;hipo:2026-09-20;hipo:2026-09-21;hipo:2026-09-22;hipo:2026-09-23;hipo:2026-09-24;hipo:2026-09-25;hipo:2026-09-26;hipo:2026-09-27;hipo:2026-09-28;hipo:2026-09-29;hipo:2026-09-30;hipo:2026-10-01;hipo:2026-10-02;hipo:2026-10-03;hipo:2026-10-04;hipo:2026-10-05;hipo:2026-10-06;hipo:2026-10-07;openalex:page123;hipo:2026-10-08;hipo:2026-10-09;hipo:2026-10-10,,0,fetch-error:ConnectionError,ecjtu.jx.cn,
East China Normal University,ecnu.edu.cn,university/college,2026-09-21,Inaccessible,hipo:2026-09-17;hipo:2026-09-18;hipo:2026-09-19;hipo:2026-09-20;hipo:2026-09-21;hipo:2026-09-22;hipo:2026-09-23;hipo:2026-09-24;hipo:2026-09-25;hipo:2026-09-26;hipo:2026-09-27;hipo:2026-09-28;hipo:2026-09-29;hipo:2026-09-30;hipo:2026-10-01;hipo:2026-10-02;hipo:2026-10-03;hipo:2026-10-04;hipo:2026-10-05;hipo:2026-10-06;hipo:2026-10-07;hipo:2026-10-08;hipo:2026-10-09;hipo:2026-10-10,,0,fetch-error:ConnectTimeout,ecnu.edu.cn,
East China University of Science and Technology,ecust.edu.cn,university/college,2026-09-21,Inaccessible,hipo:2026-09-17;hipo:2026-09-18;hipo:2026-09-19;hipo:2026-09-20;hipo:2026-09-21;hipo:2026-09-22;hipo:2026-09-23;hipo:2026-09-24;hipo:2026-09-25;hipo:2026-09-26;hipo:2026-09-27;hipo:2026-09-28;hipo:2026-09-29;hipo:2026-09-30;hipo:2026-10-01;hipo:2026-10-02;hipo:2026-10-03;hipo:2026-10-04;hipo:2026-10-05;hipo:2026-10-06;hipo:2026-10-07;hipo:2026-10-08;hipo:2026-10-09;hipo:2026-10-10,,5,http-404,ecust.edu.cn,
Emeishan Buddhist College,emsfj.com,university/college,2026-09-21,Inaccessible,hipo:2026-09-17;hipo:2026-09-18;hipo:2026-09-19;hipo:2026-09-20;hipo:2026-09-21;hipo:2026-09-22;hipo:2026-09-23;hipo:2026-09-24;hipo:2026-09-25;hipo:2026-09-26;hipo:2026-09-27;hipo:2026-09-28;hipo:2026-09-29;hipo:2026-09-30;hipo:2026-10-01;hipo:2026-10-02;hipo:2026-10-03;hipo:2026-10-04;hipo:2026-10-05;hipo:2026-10-06;hipo:2026-10-07;hipo:2026-10-08;hipo:2026-10-09;hipo:2026-10-10,19,0,fetch-error:ConnectTimeout,emsfj.com,
Hunan International Economics University,en.hieu.edu.cn,university/college,2026-10-09,Inaccessible,ror:api-p64,,0,fetch-error:ConnectionError,en.hieu.edu.cn,
Suihua University,en.shxy.edu.cn,university/college,2026-09-17,Active,ror:api-p17,,,,,
Shanghai Jiao Tong University,en.sjtu.edu.cn,university/college,2026-10-06,Active,hipo:2026-09-20;hipo:2026-09-21;hipo:2026-09-22;hipo:2026-09-23;hipo:2026-09-24;hipo:2026-09-25;hipo:2026-09-26;hipo:2026-09-27;hipo:2026-09-28;hipo:2026-09-29;hipo:2026-09-30;hipo:2026-10-01;hipo:2026-10-02;hipo:2026-10-03;hipo:2026-10-04;hipo:2026-10-05;hipo:2026-10-06;hipo:2026-10-07;hipo:2026-10-08;hipo:2026-10-09;hipo:2026-10-10,,90,http-2xx-html+multi-source+edu-keywords+trusted-suffix+substantial-content,en.sjtu.edu.cn,en
Shenyang Agricultural University,en.syau.edu.cn,university/college,2026-10-06,Active,hipo:2026-09-20;hipo:2026-09-21;hipo:2026-09-22;hipo:2026-09-23;hipo:2026-09-24;hipo:2026-09-25;hipo:2026-09-26;hipo:2026-09-27;hipo:2026-09-28;hipo:2026-09-29;hipo:2026-09-30;hipo:2026-10-01;hipo:2026-10-02;hipo:2026-10-03;hipo:2026-10-04;openalex:page107;hipo:2026-10-05;hipo:2026-10-06;hipo:2026-10-07;hipo:2026-10-08;hipo:2026-10-09;hipo:2026-10-10,,80,http-2xx-html+multi-source+edu-keywords+trusted-suffix,en.syau.edu.cn,
Hubei Polytechnic Institute,eng.hbvtc.edu.cn,university/college,2026-10-09,Active,ror:api-p66,,60,http-2xx-html+edu-keywords+trusted-suffix+substantial-content,eng.hbvtc.edu.cn,
Harbin Huade University,eng.hhdu.edu.cn,university/college,2026-10-09,Inaccessible,ror:api-p64,,30,low-confidence:http-2xx-html+trusted-suffix+non-educational-content,eng.hhdu.edu.cn,en
Central China Normal University,english.ccnu.edu.cn,university/college,2026-10-08,Active,openalex:page56,,50,http-2xx-html+edu-keywords+trusted-suffix,english.ccnu.edu.cn,zh-cn
Fujian Agriculture and Forestry University,english.fafu.edu.cn,university/college,2026-10-09,Inaccessible,openalex:page65,,0,fetch-error:ConnectionError,english.fafu.edu.cn,
Huazhong University of Science and Technology,english.hust.edu.cn,university/college,2026-09-24,Active,openalex:page5,,60,http-2xx-html+edu-keywords+trusted-suffix+substantial-content,english.hust.edu.cn,en
Northwest University,english.nwu.edu.cn,university/college,2026-10-08,Active,openalex:page55,,50,http-2xx-html+edu-keywords+structure,english.nwu.edu.cn,en
Yanshan University,english.ysu.edu.cn,university/college,2026-10-09,Active,openalex:page59,,60,http-2xx-html+edu-keywords+structure+substantial-content,english.ysu.edu.cn,zh-cn
Xi'an Eurasia University,eurasia.edu,university/college,2026-09-22,Inaccessible,hipo:2026-09-17;hipo:2026-09-18;hipo:2026-09-19;hipo:2026-09-20;hipo:2026-09-21;hipo:2026-09-22;hipo:2026-09-23;hipo:2026-09-24;hipo:2026-09-25;hipo:2026-09-26;hipo:2026-09-27;hipo:2026-09-28;hipo:2026-09-29;hipo:2026-09-30;hipo:2026-10-01;hipo:2026-10-02;hipo:2026-10-03;hipo:2026-10-04;hipo:2026-10-05;hipo:2026-10-06;hipo:2026-10-07;hipo:2026-10-08;hipo:2026-10-09;hipo:2026-10-10,27,0,unreachable-dns,eurasia.edu,
Southern Medial University,fimmu.edu.cn,university/college,2026-09-21,Inaccessible,hipo:2026-09-17;hipo:2026-09-18;hipo:2026-09-19;hipo:2026-09-20;hipo:2026-09-21;hipo:2026-09-22;hipo:2026-09-23;hipo:2026-09-24;hipo:2026-09-25;hipo:2026-09-26;hipo:2026-09-27;hipo:2026-09-28;hipo:2026-09-29;hipo:2026-09-30;hipo:2026-10-01;hipo:2026-10-02;hipo:2026-10-03;hipo:2026-10-04;hipo:2026-10-05;hipo:2026-10-06;hipo:2026-10-07;hipo:2026-10-08;hipo:2026-10-09;hipo:2026-10-10,,0,unreachable-dns,fimmu.edu.cn,
Fujian Agricultural University,fjau.edu.cn,university/college,2026-09-21,Inaccessible,hipo:2026-09-17;hipo:2026-09-18;hipo:2026-09-19;hipo:2026-09-20;hipo:2026-09-21;hipo:2026-09-22;hipo:2026-09-23;hipo:2026-09-24;hipo:2026-09-25;hipo:2026-09-26;hipo:2026-09-27;hipo:2026-09-28;hipo:2026-09-29;hipo:2026-09-30;hipo:2026-10-01;hipo:2026-10-02;hipo:2026-10-03;hipo:2026-10-04;hipo:2026-10-05;hipo:2026-10-06;hipo:2026-10-07;hipo:2026-10-08;hipo:2026-10-09;hipo:2026-10-10,,0,unreachable-dns,fjau.edu.cn,
Fujian Medical University,fjmu.edu.cn,university/college,2026-09-21,Inaccessible,hipo:2026-09-17;hipo:2026-09-18;hipo:2026-09-19;hipo:2026-09-20;hipo:2026-09-21;hipo:2026-09-22;hipo:2026-09-23;hipo:2026-09-24;hipo:2026-09-25;hipo:2026-09-26;hipo:2026-09-27;hipo:2026-09-28;hipo:2026-09-29;hipo:2026-09-30;hipo:2026-10-01;hipo:2026-10-02;hipo:2026-10-03;hipo:2026-10-04;hipo:2026-10-05;hipo:2026-10-06;hipo:2026-10-07;hipo:2026-10-08;hipo:2026-10-09;hipo:2026-10-10,,5,http-404,fjmu.edu.cn,
Fujian Normal University,fjnu.edu.cn,university/college,2026-09-21,Inaccessible,hipo:2026-09-17;hipo:2026-09-18;hipo:2026-09-19;hipo:2026-09-20;hipo:2026-09-21;hipo:2026-09-22;hipo:2026-09-23;hipo:2026-09-24;hipo:2026-09-25;hipo:2026-09-26;openalex:page67;hipo:2026-09-27;hipo:2026-09-28;hipo:2026-09-29;hipo:2026-09-30;hipo:2026-10-01;hipo:2026-10-02;hipo:2026-10-03;hipo:2026-10-04;hipo:2026-10-05;hipo:2026-10-06;hipo:2026-10-07;hipo:2026-10-08;hipo:2026-10-09;hipo:2026-10-10,,0,fetch-error:ConnectionError,fjnu.edu.cn,
Fujian University of Traditional Chinese Medicine,fjtcm.edu.cn,university/college,2026-09-21,Inaccessible,hipo:2026-09-17;hipo:2026-09-18;hipo:2026-09-19;hipo:2026-09-20;hipo:2026-09-21;hipo:2026-09-22;hipo:2026-09-23;hipo:2026-09-24;hipo:2026-09-25;hipo:2026-09-26;hipo:2026-09-27;hipo:2026-09-28;hipo:2026-09-29;hipo:2026-09-30;hipo:2026-10-01;hipo:2026-10-02;hipo:2026-10-03;hipo:2026-10-04;hipo:2026-10-05;hipo:2026-10-06;hipo:2026-10-07;hipo:2026-10-08;hipo:2026-10-09;hipo:2026-10-10,,0,unreachable-dns,fjtcm.edu.cn,
4th Military Medical University,fmmu.edu.cn,university/college,2026-09-21,Inaccessible,hipo:2026-09-17;hipo:2026-09-18;hipo:2026-09-19;hipo:2026-09-20;hipo:2026-09-21;hipo:2026-09-22;openalex:page48;hipo:2026-09-23;hipo:2026-09-24;hipo:2026-09-25;hipo:2026-09-26;hipo:2026-09-27;hipo:2026-09-28;hipo:2026-09-29;hipo:2026-09-30;hipo:2026-10-01;hipo:2026-10-02;hipo:2026-10-03;hipo:2026-10-04;hipo:2026-10-05;hipo:2026-10-06;hipo:2026-10-07;hipo:2026-10-08;hipo:2026-10-09;hipo:2026-10-10,,0,unreachable-dns,fmmu.edu.cn,
Foshan University,fosu.edu.cn,university/college,2026-09-21,Inaccessible,hipo:2026-09-17;hipo:2026-09-18;hipo:2026-09-19;hipo:2026-09-20;hipo:2026-09-21;hipo:2026-09-22;hipo:2026-09-23;hipo:2026-09-24;hipo:2026-09-25;hipo:2026-09-26;hipo:2026-09-27;hipo:2026-09-28;hipo:2026-09-29;hipo:2026-09-30;hipo:2026-10-01;hipo:2026-10-02;hipo:2026-10-03;hipo:2026-10-04;hipo:2026-10-05;hipo:2026-10-06;hipo:2026-10-07;hipo:2026-10-08;openalex:page125;hipo:2026-10-09;hipo:2026-10-10,,0,unreachable-dns,fosu.edu.cn,
Fushun Petroleum University,fspu.edu.cn,university/college,2026-09-21,Inaccessible,hipo:2026-09-17;hipo:2026-09-18;hipo:2026-09-19;hipo:2026-09-20;hipo:2026-09-21;hipo:2026-09-22;hipo:2026-09-23;hipo:2026-09-24;hipo:2026-09-25;hipo:2026-09-26;hipo:2026-09-27;hipo:2026-09-28;hipo:2026-09-29;hipo:2026-09-30;hipo:2026-10-01;hipo:2026-10-02;hipo:2026-10-03;hipo:2026-10-04;hipo:2026-10-05;hipo:2026-10-06;hipo:2026-10-07;hipo:2026-10-08;hipo:2026-10-09;hipo:2026-10-10,,0,unreachable-dns,fspu.edu.cn,
Fudan University,fudan.edu.cn,university/college,2026-10-01,Active,openalex:page6;hipo:2026-09-17;hipo:2026-09-18;hipo:2026-09-19;hipo:2026-09-20;hipo:2026-09-21;hipo:2026-09-22;hipo:2026-09-23;hipo:2026-09-24;hipo:2026-09-25;hipo:2026-09-26;hipo:2026-09-27;hipo:2026-09-28;hipo:2026-09-29;hipo:2026-09-30;hipo:2026-10-01;hipo:2026-10-02;hipo:2026-10-03;hipo:2026-10-04;hipo:2026-10-05;hipo:2026-10-06;hipo:2026-10-07;hipo:2026-10-08;hipo:2026-10-09;hipo:2026-10-10,,90,http-2xx-html+multi-source+edu-keywords+trusted-suffix+substantial-content,fudan.edu.cn,
Fuzhou University,fzu.edu.cn,university/college,2026-09-21,Inaccessible,hipo:2026-09-17;hipo:2026-09-18;hipo:2026-09-19;hipo:2026-09-20;openalex:page38;hipo:2026-09-21;hipo:2026-09-22;hipo:2026-09-23;hipo:2026-09-24;hipo:2026-09-25;hipo:2026-09-26;hipo:2026-09-27;hipo:2026-09-28;hipo:2026-09-29;hipo:2026-09-30;hipo:2026-10-01;hipo:2026-10-02;hipo:2026-10-03;hipo:2026-10-04;hipo:2026-10-05;hipo:2026-10-06;hipo:2026-10-07;hipo:2026-10-08;hipo:2026-10-09;hipo:2026-10-10,,5,http-403,fzu.edu.cn,
Guangdong Polytechnic Normal University,gdin.edu.cn,university/college,2026-09-21,Inaccessible,hipo:2026-09-17;hipo:2026-09-18;hipo:2026-09-19;hipo:2026-09-20;hipo:2026-09-21;hipo:2026-09-22;hipo:2026-09-23;hipo:2026-09-24;hipo:2026-09-25;hipo:2026-09-26;hipo:2026-09-27;hipo:2026-09-28;hipo:2026-09-29;hipo:2026-09-30;hipo:2026-10-01;hipo:2026-10-02;hipo:2026-10-03;hipo:2026-10-04;hipo:2026-10-05;hipo:2026-10-06;hipo:2026-10-07;hipo:2026-10-08;hipo:2026-10-09;hipo:2026-10-10,,0,unreachable-dns,gdin.edu.cn,
Guangdong Radio & TV University,gdrtvu.edu.cn,university/college,2026-09-21,Inaccessible,hipo:2026-09-17;hipo:2026-09-18;hipo:2026-09-19;hipo:2026-09-20;hipo:2026-09-21;hipo:2026-09-22;hipo:2026-09-23;hipo:2026-09-24;hipo:2026-09-25;hipo:2026-09-26;hipo:2026-09-27;hipo:2026-09-28;hipo:2026-09-29;hipo:2026-09-30;hipo:2026-10-01;hipo:2026-10-02;hipo:2026-10-03;hipo:2026-10-04;hipo:2026-10-05;hipo:2026-10-06;hipo:2026-10-07;hipo:2026-10-08;hipo:2026-10-09;hipo:2026-10-10,,5,http-403,gdrtvu.edu.cn,
Guangdong University of Foreign Studies,gdufs.edu.cn,university/college,2026-09-21,Inaccessible,hipo:2026-09-17;hipo:2026-09-18;hipo:2026-09-19;hipo:2026-09-20;hipo:2026-09-21;hipo:2026-09-22;hipo:2026-09-23;hipo:2026-09-24;hipo:2026-09-25;hipo:2026-09-26;hipo:2026-09-27;hipo:2026-09-28;hipo:2026-09-29;hipo:2026-09-30;hipo:2026-10-01;hipo:2026-10-02;hipo:2026-10-03;hipo:2026-10-04;hipo:2026-10-05;hipo:2026-10-06;hipo:2026-10-07;hipo:2026-10-08;hipo:2026-10-09;hipo:2026-10-10,,0,unreachable-dns,gdufs.edu.cn,
Guangdong University of Technology,gdut.edu.cn,university/college,2026-09-21,Inaccessible,hipo:2026-09-17;hipo:2026-09-18;hipo:2026-09-19;hipo:2026-09-20;hipo:2026-09-21;hipo:2026-09-22;hipo:2026-09-23;hipo:2026-09-24;hipo:2026-09-25;hipo:2026-09-26;hipo:2026-09-27;hipo:2026-09-28;hipo:2026-09-29;hipo:2026-09-30;hipo:2026-10-01;hipo:2026-10-02;hipo:2026-10-03;hipo:2026-10-04;hipo:2026-10-05;hipo:2026-10-06;hipo:2026-10-07;hipo:2026-10-08;hipo:2026-10-09;hipo:2026-10-10,,0,unreachable-dns,gdut.edu.cn,
Logistics Engineering University of PLA,global.dyrsxm.cc,university/college,2026-09-21,Active,redirect:hqgc.net,,50,http-2xx-html+edu-keywords+substantial-content,global.dyrsxm.cc,zh-cn
Gansu Normal University for Nationalities,gnun.edu.cn,university/college,2026-10-09,Inaccessible,ror:api-p64,,0,unreachable-dns,gnun.edu.cn,
Gansu Agricultural University,gsau.edu.cn,university/college,2026-09-21,Inaccessible,hipo:2026-09-17;hipo:2026-09-18;hipo:2026-09-19;hipo:2026-09-20;hipo:2026-09-21;hipo:2026-09-22;hipo:2026-09-23;hipo:2026-09-24;hipo:2026-09-25;hipo:2026-09-26;hipo:2026-09-27;hipo:2026-09-28;hipo:2026-09-29;hipo:2026-09-30;hipo:2026-10-01;hipo:2026-10-02;hipo:2026-10-03;hipo:2026-10-04;hipo:2026-10-05;hipo:2026-10-06;hipo:2026-10-07;openalex:page123;hipo:2026-10-08;hipo:2026-10-09;hipo:2026-10-10,,0,unreachable-dns,gsau.edu.cn,
Gansu University of Technology,gsut.edu.cn,university/college,2026-09-21,Inaccessible,hipo:2026-09-17;hipo:2026-09-18;hipo:2026-09-19;hipo:2026-09-20;hipo:2026-09-21;hipo:2026-09-22;hipo:2026-09-23;hipo:2026-09-24;hipo:2026-09-25;hipo:2026-09-26;hipo:2026-09-27;hipo:2026-09-28;hipo:2026-09-29;hipo:2026-09-30;hipo:2026-10-01;hipo:2026-10-02;hipo:2026-10-03;hipo:2026-10-04;hipo:2026-10-05;hipo:2026-10-06;hipo:2026-10-07;hipo:2026-10-08;hipo:2026-10-09;hipo:2026-10-10,,0,unreachable-dns,gsut.edu.cn,
Guangzhou Railway Polytechnic,gtxy.cn,university/college,2026-10-09,Inaccessible,ror:api-p66,,0,fetch-error:ConnectTimeout,gtxy.cn,
Guangzhou Normal University,guangztc.edu.cn,university/college,2026-09-21,Inaccessible,hipo:2026-09-17;hipo:2026-09-18;hipo:2026-09-19;hipo:2026-09-20;hipo:2026-09-21;hipo:2026-09-22;hipo:2026-09-23;hipo:2026-09-24;hipo:2026-09-25;hipo:2026-09-26;hipo:2026-09-27;hipo:2026-09-28;hipo:2026-09-29;hipo:2026-09-30;hipo:2026-10-01;hipo:2026-10-02;hipo:2026-10-03;hipo:2026-10-04;hipo:2026-10-05;hipo:2026-10-06;hipo:2026-10-07;hipo:2026-10-08;hipo:2026-10-09;hipo:2026-10-10,,0,unreachable-dns,guangztc.edu.cn,
Guangxi Medical University,gxmu.edu.cn,university/college,2026-09-21,Inaccessible,hipo:2026-09-17;hipo:2026-09-18;hipo:2026-09-19;hipo:2026-09-20;hipo:2026-09-21;hipo:2026-09-22;hipo:2026-09-23;hipo:2026-09-24;hipo:2026-09-25;hipo:2026-09-26;hipo:2026-09-27;hipo:2026-09-28;openalex:page77;hipo:2026-09-29;hipo:2026-09-30;hipo:2026-10-01;hipo:2026-10-02;hipo:2026-10-03;hipo:2026-10-04;hipo:2026-10-05;hipo:2026-10-06;hipo:2026-10-07;hipo:2026-10-08;hipo:2026-10-09;hipo:2026-10-10,,0,unreachable-dns,gxmu.edu.cn,
Guangxi Normal University,gxnu.edu.cn,university/college,2026-09-21,Active,hipo:2026-09-17;hipo:2026-09-18;hipo:2026-09-19;hipo:2026-09-20;hipo:2026-09-21;hipo:2026-09-22;hipo:2026-09-23;hipo:2026-09-24;hipo:2026-09-25;hipo:2026-09-26;hipo:2026-09-27;hipo:2026-09-28;hipo:2026-09-29;hipo:2026-09-30;openalex:page85;hipo:2026-10-01;hipo:2026-10-02;hipo:2026-10-03;hipo:2026-10-04;hipo:2026-10-05;hipo:2026-10-06;hipo:2026-10-07;hipo:2026-10-08;hipo:2026-10-09;hipo:2026-10-10,,90,http-2xx-html+multi-source+edu-keywords+trusted-suffix+substantial-content,gxnu.edu.cn,
Guangxi Traditional Chinese Medical University,gxtcmu.edu.cn,university/college,2026-09-21,Inaccessible,hipo:2026-09-17;hipo:2026-09-18;hipo:2026-09-19;hipo:2026-09-20;hipo:2026-09-21;hipo:2026-09-22;hipo:2026-09-23;hipo:2026-09-24;hipo:2026-09-25;hipo:2026-09-26;hipo:2026-09-27;hipo:2026-09-28;hipo:2026-09-29;hipo:2026-09-30;hipo:2026-10-01;hipo:2026-10-02;hipo:2026-10-03;hipo:2026-10-04;hipo:2026-10-05;hipo:2026-10-06;hipo:2026-10-07;hipo:2026-10-08;hipo:2026-10-09;hipo:2026-10-10,,0,unreachable-dns,gxtcmu.edu.cn,
Guangxi University,gxu.edu.cn,university/college,2026-09-21,Inaccessible,hipo:2026-09-17;hipo:2026-09-18;hipo:2026-09-19;hipo:2026-09-20;hipo:2026-09-21;hipo:2026-09-22;hipo:2026-09-23;hipo:2026-09-24;hipo:2026-09-25;hipo:2026-09-26;hipo:2026-09-27;hipo:2026-09-28;hipo:2026-09-29;hipo:2026-09-30;hipo:2026-10-01;hipo:2026-10-02;hipo:2026-10-03;hipo:2026-10-04;hipo:2026-10-05;hipo:2026-10-06;hipo:2026-10-07;hipo:2026-10-08;hipo:2026-10-09;hipo:2026-10-10,,0,unreachable-dns,gxu.edu.cn,
Guangxi University of Finance and Economics,gxufe.edu.cn,university/college,2026-10-06,Inaccessible,ror:api-p48,,0,unreachable-dns,gxufe.edu.cn,
Guangxi University for Nationalities,gxun.edu.cn,university/college,2026-09-21,Inaccessible,hipo:2026-09-17;hipo:2026-09-18;hipo:2026-09-19;hipo:2026-09-20;hipo:2026-09-21;hipo:2026-09-22;hipo:2026-09-23;hipo:2026-09-24;hipo:2026-09-25;hipo:2026-09-26;hipo:2026-09-27;hipo:2026-09-28;hipo:2026-09-29;hipo:2026-09-30;hipo:2026-10-01;hipo:2026-10-02;hipo:2026-10-03;hipo:2026-10-04;hipo:2026-10-05;hipo:2026-10-06;hipo:2026-10-07;hipo:2026-10-08;hipo:2026-10-09;hipo:2026-10-10,,0,unreachable-dns,gxun.edu.cn,
Guangzhou Academy of Fine Art,gzarts.edu.cn,university/college,2026-09-21,Inaccessible,hipo:2026-09-17;hipo:2026-09-18;hipo:2026-09-19;hipo:2026-09-20;hipo:2026-09-21;hipo:2026-09-22;hipo:2026-09-23;hipo:2026-09-24;hipo:2026-09-25;hipo:2026-09-26;hipo:2026-09-27;hipo:2026-09-28;hipo:2026-09-29;hipo:2026-09-30;hipo:2026-10-01;hipo:2026-10-02;hipo:2026-10-03;hipo:2026-10-04;hipo:2026-10-05;hipo:2026-10-06;hipo:2026-10-07;hipo:2026-10-08;hipo:2026-10-09;hipo:2026-10-10,,0,unreachable-dns,gzarts.edu.cn,
Guangzhou University of Traditional Chinese Medicine,gzhtcm.edu.cn,university/college,2026-09-21,Inaccessible,hipo:2026-09-17;hipo:2026-09-18;hipo:2026-09-19;hipo:2026-09-20;hipo:2026-09-21;hipo:2026-09-22;hipo:2026-09-23;hipo:2026-09-24;hipo:2026-09-25;hipo:2026-09-26;hipo:2026-09-27;hipo:2026-09-28;hipo:2026-09-29;hipo:2026-09-30;hipo:2026-10-01;hipo:2026-10-02;hipo:2026-10-03;hipo:2026-10-04;hipo:2026-10-05;hipo:2026-10-06;hipo:2026-10-07;hipo:2026-10-08;hipo:2026-10-09;hipo:2026-10-10,,0,fetch-error:ConnectionError,gzhtcm.edu.cn,
Guangzhou University,gzhu.edu.cn,university/college,2026-09-21,Inaccessible,hipo:2026-09-17;hipo:2026-09-18;hipo:2026-09-19;hipo:2026-09-20;hipo:2026-09-21;hipo:2026-09-22;openalex:page50;hipo:2026-09-23;hipo:2026-09-24;hipo:2026-09-25;hipo:2026-09-26;hipo:2026-09-27;hipo:2026-09-28;hipo:2026-09-29;hipo:2026-09-30;hipo:2026-10-01;hipo:2026-10-02;hipo:2026-10-03;hipo:2026-10-04;hipo:2026-10-05;hipo:2026-10-06;hipo:2026-10-07;hipo:2026-10-08;hipo:2026-10-09;hipo:2026-10-10,,5,http-403,gzhu.edu.cn,
Guizhou Normal University,gznu.edu.cn,university/college,2026-09-21,Inaccessible,hipo:2026-09-17;hipo:2026-09-18;hipo:2026-09-19;hipo:2026-09-20;hipo:2026-09-21;hipo:2026-09-22;hipo:2026-09-23;hipo:2026-09-24;hipo:2026-09-25;hipo:2026-09-26;hipo:2026-09-27;hipo:2026-09-28;hipo:2026-09-29;hipo:2026-09-30;hipo:2026-10-01;hipo:2026-10-02;hipo:2026-10-03;hipo:2026-10-04;hipo:2026-10-05;hipo:2026-10-06;hipo:2026-10-07;hipo:2026-10-08;hipo:2026-10-09;hipo:2026-10-10,,40,low-confidence:http-2xx-html+multi-source+trusted-suffix+substantial-content+non-educational-content,gznu.edu.cn,zh-cn
Sun Yat-Sen University of Medical Sciences,gzsums.edu.cn,university/college,2026-09-21,Inaccessible,hipo:2026-09-17;hipo:2026-09-18;hipo:2026-09-19;hipo:2026-09-20;hipo:2026-09-21;hipo:2026-09-22;hipo:2026-09-23;hipo:2026-09-24;hipo:2026-09-25;hipo:2026-09-26;hipo:2026-09-27;hipo:2026-09-28;hipo:2026-09-29;hipo:2026-09-30;hipo:2026-10-01;hipo:2026-10-02;hipo:2026-10-03;hipo:2026-10-04;hipo:2026-10-05;hipo:2026-10-06;hipo:2026-10-07;hipo:2026-10-08;hipo:2026-10-09;hipo:2026-10-10,,0,fetch-error:ConnectionError,gzsums.edu.cn,
Guizhou University,gzu.edu.cn,university/college,2026-09-21,Inaccessible,hipo:2026-09-17;hipo:2026-09-18;hipo:2026-09-19;hipo:2026-09-20;hipo:2026-09-21;hipo:2026-09-22;hipo:2026-09-23;hipo:2026-09-24;hipo:2026-09-25;hipo:2026-09-26;hipo:2026-09-27;hipo:2026-09-28;hipo:2026-09-29;hipo:2026-09-30;hipo:2026-10-01;hipo:2026-10-02;hipo:2026-10-03;hipo:2026-10-04;hipo:2026-10-05;hipo:2026-10-06;hipo:2026-10-07;hipo:2026-10-08;hipo:2026-10-09;hipo:2026-10-10,,0,unreachable-dns,gzu.edu.cn,
Hainan University,hainanu.edu.cn,university/college,2026-10-08,Inaccessible,openalex:page54,,0,unreachable-dns,hainanu.edu.cn,
Hainan Normal University,hainnu.edu.cn,university/college,2026-09-21,Inaccessible,hipo:2026-09-17;hipo:2026-09-18;hipo:2026-09-19;hipo:2026-09-20;hipo:2026-09-21;hipo:2026-09-22;hipo:2026-09-23;hipo:2026-09-24;hipo:2026-09-25;hipo:2026-09-26;hipo:2026-09-27;hipo:2026-09-28;hipo:2026-09-29;hipo:2026-09-30;hipo:2026-10-01;hipo:2026-10-02;hipo:2026-10-03;hipo:2026-10-04;hipo:2026-10-05;hipo:2026-10-06;hipo:2026-10-07;hipo:2026-10-08;hipo:2026-10-09;hipo:2026-10-10,,0,unreachable-dns,hainnu.edu.cn,
Hainan University,hainu.edu.cn,university/college,2026-09-21,Inaccessible,hipo:2026-09-17;hipo:2026-09-18;hipo:2026-09-19;hipo:2026-09-20;hipo:2026-09-21;hipo:2026-09-22;hipo:2026-09-23;hipo:2026-09-24;hipo:2026-09-25;hipo:2026-09-26;hipo:2026-09-27;hipo:2026-09-28;hipo:2026-09-29;hipo:2026-09-30;hipo:2026-10-01;hipo:2026-10-02;hipo:2026-10-03;hipo:2026-10-04;hipo:2026-10-05;hipo:2026-10-06;hipo:2026-10-07;hipo:2026-10-08;hipo:2026-10-09;hipo:2026-10-10,,0,unreachable-dns,hainu.edu.cn,
Hebei Academy of Fine Art,hbafa.com,university/college,2026-09-21,Inaccessible,hipo:2026-09-17;hipo:2026-09-18;hipo:2026-09-19;hipo:2026-09-20;hipo:2026-09-21;hipo:2026-09-22;hipo:2026-09-23;hipo:2026-09-24;hipo:2026-09-25;hipo:2026-09-26;hipo:2026-09-27;hipo:2026-09-28;hipo:2026-09-29;hipo:2026-09-30;hipo:2026-10-01;hipo:2026-10-02;hipo:2026-10-03;hipo:2026-10-04;hipo:2026-10-05;hipo:2026-10-06;hipo:2026-10-07;hipo:2026-10-08;hipo:2026-10-09;hipo:2026-10-10,15,0,fetch-error:ConnectionError,hbafa.com,
Hubei Business College,hbc.edu.cn,university/college,2026-10-05,Inaccessible,hipo:2026-09-20;hipo:2026-09-21;hipo:2026-09-22;hipo:2026-09-23;hipo:2026-09-24;hipo:2026-09-25;hipo:2026-09-26;hipo:2026-09-27;hipo:2026-09-28;hipo:2026-09-29;hipo:2026-09-30;hipo:2026-10-01;hipo:2026-10-02;hipo:2026-10-03;hipo:2026-10-04;hipo:2026-10-05;hipo:2026-10-06;hipo:2026-10-07;hipo:2026-10-08;hipo:2026-10-09;hipo:2026-10-10,,0,unreachable-dns,hbc.edu.cn,
Hebei University,hbu.edu.cn,university/college,2026-09-21,Active,hipo:2026-09-17;hipo:2026-09-18;hipo:2026-09-19;hipo:2026-09-20;hipo:2026-09-21;hipo:2026-09-22;hipo:2026-09-23;hipo:2026-09-24;hipo:2026-09-25;openalex:page61;hipo:2026-09-26;hipo:2026-09-27;hipo:2026-09-28;hipo:2026-09-29;hipo:2026-09-30;hipo:2026-10-01;hipo:2026-10-02;hipo:2026-10-03;hipo:2026-10-04;hipo:2026-10-05;hipo:2026-10-06;hipo:2026-10-07;hipo:2026-10-08;hipo:2026-10-09;hipo:2026-10-10,,90,http-2xx-html+multi-source+edu-keywords+trusted-suffix+substantial-content,hbu.edu.cn,zh-cn
University of Petroleum (East China),hdpu.edu.cn,university/college,2026-09-21,Inaccessible,hipo:2026-09-17;hipo:2026-09-18;hipo:2026-09-19;hipo:2026-09-20;hipo:2026-09-21;hipo:2026-09-22;hipo:2026-09-23;hipo:2026-09-24;hipo:2026-09-25;hipo:2026-09-26;hipo:2026-09-27;hipo:2026-09-28;hipo:2026-09-29;hipo:2026-09-30;hipo:2026-10-01;hipo:2026-10-02;hipo:2026-10-03;hipo:2026-10-04;hipo:2026-10-05;hipo:2026-10-06;hipo:2026-10-07;hipo:2026-10-08;hipo:2026-10-09;hipo:2026-10-10,,0,unreachable-dns,hdpu.edu.cn,
Hangzhou Dianzi University,hdu.edu.cn,university/college,2026-10-09,Inaccessible,openalex:page64,,0,fetch-error:ConnectTimeout,hdu.edu.cn,
Hebei Agricultural University,hebau.edu.cn,university/college,2026-09-21,Inaccessible,hipo:2026-09-17;hipo:2026-09-18;hipo:2026-09-19;hipo:2026-09-20;hipo:2026-09-21;hipo:2026-09-22;hipo:2026-09-23;hipo:2026-09-24;hipo:2026-09-25;hipo:2026-09-26;hipo:2026-09-27;hipo:2026-09-28;hipo:2026-09-29;hipo:2026-09-30;hipo:2026-10-01;hipo:2026-10-02;hipo:2026-10-03;hipo:2026-10-04;openalex:page105;hipo:2026-10-05;hipo:2026-10-06;hipo:2026-10-07;hipo:2026-10-08;hipo:2026-10-09;hipo:2026-10-10,,0,unreachable-dns,hebau.edu.cn,
Hebei United University,hebeiuniteduniversity.com,university/college,2026-09-21,Inaccessible,hipo:2026-09-17;hipo:2026-09-18;hipo:2026-09-19;hipo:2026-09-20;hipo:2026-09-21;hipo:2026-09-22;hipo:2026-09-23;hipo:2026-09-24;hipo:2026-09-25;hipo:2026-09-26;hipo:2026-09-27;hipo:2026-09-28;hipo:2026-09-29;hipo:2026-09-30;hipo:2026-10-01;hipo:2026-10-02;hipo:2026-10-03;hipo:2026-10-04;hipo:2026-10-05;hipo:2026-10-06;hipo:2026-10-07;hipo:2026-10-08;hipo:2026-10-09;hipo:2026-10-10,0,0,fetch-error:ConnectionError,hebeiuniteduniversity.com,
Hebei Medical University,hebmu.edu.cn,university/college,2026-09-21,Inaccessible,hipo:2026-09-17;hipo:2026-09-18;hipo:2026-09-19;hipo:2026-09-20;hipo:2026-09-21;hipo:2026-09-22;hipo:2026-09-23;hipo:2026-09-24;openalex:page56;hipo:2026-09-25;hipo:2026-09-26;hipo:2026-09-27;hipo:2026-09-28;hipo:2026-09-29;hipo:2026-09-30;hipo:2026-10-01;hipo:2026-10-02;hipo:2026-10-03;hipo:2026-10-04;hipo:2026-10-05;hipo:2026-10-06;hipo:2026-10-07;hipo:2026-10-08;hipo:2026-10-09;hipo:2026-10-10,,0,unreachable-dns,hebmu.edu.cn,
Hebei Normal University,hebnu.edu.cn,university/college,2026-09-21,Inaccessible,hipo:2026-09-17;hipo:2026-09-18;hipo:2026-09-19;hipo:2026-09-20;hipo:2026-09-21;hipo:2026-09-22;hipo:2026-09-23;hipo:2026-09-24;hipo:2026-09-25;hipo:2026-09-26;hipo:2026-09-27;hipo:2026-09-28;hipo:2026-09-29;hipo:2026-09-30;hipo:2026-10-01;hipo:2026-10-02;hipo:2026-10-03;hipo:2026-10-04;hipo:2026-10-05;hipo:2026-10-06;hipo:2026-10-07;hipo:2026-10-08;hipo:2026-10-09;hipo:2026-10-10,,0,unreachable-dns,hebnu.edu.cn,
Hebei University of Science and Technology,hebust.edu.cn,university/college,2026-09-21,Inaccessible,hipo:2026-09-17;hipo:2026-09-18;hipo:2026-09-19;hipo:2026-09-20;hipo:2026-09-21;hipo:2026-09-22;hipo:2026-09-23;hipo:2026-09-24;hipo:2026-09-25;hipo:2026-09-26;hipo:2026-09-27;hipo:2026-09-28;hipo:2026-09-29;hipo:2026-09-30;hipo:2026-10-01;hipo:2026-10-02;hipo:2026-10-03;hipo:2026-10-04;hipo:2026-10-05;hipo:2026-10-06;hipo:2026-10-07;hipo:2026-10-08;hipo:2026-10-09;hipo:2026-10-10,,0,fetch-error:SSLError,hebust.edu.cn,
Hebei University of Technology,hebut.edu.cn,university/college,2026-09-21,Inaccessible,hipo:2026-09-17;hipo:2026-09-18;hipo:2026-09-19;hipo:2026-09-20;hipo:2026-09-21;hipo:2026-09-22;hipo:2026-09-23;hipo:2026-09-24;openalex:page59;hipo:2026-09-25;hipo:2026-09-26;hipo:2026-09-27;hipo:2026-09-28;hipo:2026-09-29;hipo:2026-09-30;hipo:2026-10-01;hipo:2026-10-02;hipo:2026-10-03;hipo:2026-10-04;hipo:2026-10-05;hipo:2026-10-06;hipo:2026-10-07;hipo:2026-10-08;hipo:2026-10-09;hipo:2026-10-10,,40,low-confidence:http-2xx-html+multi-source+trusted-suffix+substantial-content+non-educational-content,hebut.edu.cn,
Henan Normal University,henannu.edu.cn,university/college,2026-09-21,Inaccessible,hipo:2026-09-17;hipo:2026-09-18;hipo:2026-09-19;hipo:2026-09-20;hipo:2026-09-21;hipo:2026-09-22;hipo:2026-09-23;hipo:2026-09-24;hipo:2026-09-25;hipo:2026-09-26;hipo:2026-09-27;hipo:2026-09-28;hipo:2026-09-29;hipo:2026-09-30;hipo:2026-10-01;hipo:2026-10-02;hipo:2026-10-03;hipo:2026-10-04;hipo:2026-10-05;hipo:2026-10-06;hipo:2026-10-07;hipo:2026-10-08;hipo:2026-10-09;hipo:2026-10-10,,0,unreachable-dns,henannu.edu.cn,
Henan Agriculture University,henau.edu.cn,university/college,2026-09-21,Inaccessible,hipo:2026-09-17;hipo:2026-09-18;hipo:2026-09-19;hipo:2026-09-20;hipo:2026-09-21;hipo:2026-09-22;hipo:2026-09-23;hipo:2026-09-24;hipo:2026-09-25;hipo:2026-09-26;hipo:2026-09-27;hipo:2026-09-28;hipo:2026-09-29;hipo:2026-09-30;hipo:2026-10-01;openalex:page92;hipo:2026-10-02;hipo:2026-10-03;hipo:2026-10-04;hipo:2026-10-05;hipo:2026-10-06;hipo:2026-10-07;hipo:2026-10-08;hipo:2026-10-09;hipo:2026-10-10,,5,empty-body,henau.edu.cn,
Henan Univeristy,henu.edu.cn,university/college,2026-09-21,Inaccessible,hipo:2026-09-17;hipo:2026-09-18;hipo:2026-09-19;hipo:2026-09-20;hipo:2026-09-21;hipo:2026-09-22;hipo:2026-09-23;openalex:page51;hipo:2026-09-24;hipo:2026-09-25;hipo:2026-09-26;hipo:2026-09-27;hipo:2026-09-28;hipo:2026-09-29;hipo:2026-09-30;hipo:2026-10-01;hipo:2026-10-02;hipo:2026-10-03;hipo:2026-10-04;hipo:2026-10-05;hipo:2026-10-06;hipo:2026-10-07;hipo:2026-10-08;hipo:2026-10-09;hipo:2026-10-10,,0,unreachable-dns,henu.edu.cn,
Hetao College,hetaodaxue.com,university/college,2026-09-17,Inaccessible,ror:api-p17,21,0,unreachable-dns,,
Hebei University of Economics and Trade,heuet.edu.cn,university/college,2026-09-21,Inaccessible,hipo:2026-09-17;hipo:2026-09-18;hipo:2026-09-19;hipo:2026-09-20;hipo:2026-09-21;hipo:2026-09-22;hipo:2026-09-23;hipo:2026-09-24;hipo:2026-09-25;hipo:2026-09-26;hipo:2026-09-27;hipo:2026-09-28;hipo:2026-09-29;hipo:2026-09-30;hipo:2026-10-01;hipo:2026-10-02;hipo:2026-10-03;hipo:2026-10-04;hipo:2026-10-05;hipo:2026-10-06;hipo:2026-10-07;hipo:2026-10-08;hipo:2026-10-09;hipo:2026-10-10,,0,unreachable-dns,heuet.edu.cn,
Hefei University of Technology,hfut.edu.cn,university/college,2026-09-21,Inaccessible,hipo:2026-09-17;hipo:2026-09-18;hipo:2026-09-19;hipo:2026-09-20;hipo:2026-09-21;hipo:2026-09-22;hipo:2026-09-23;hipo:2026-09-24;hipo:2026-09-25;hipo:2026-09-26;hipo:2026-09-27;hipo:2026-09-28;hipo:2026-09-29;hipo:2026-09-30;hipo:2026-10-01;hipo:2026-10-02;hipo:2026-10-03;hipo:2026-10-04;hipo:2026-10-05;hipo:2026-10-06;hipo:2026-10-07;hipo:2026-10-08;hipo:2026-10-09;hipo:2026-10-10,,0,unreachable-dns,hfut.edu.cn,
Heihe University,hhhxy.cn,university/college,2026-10-09,Inaccessible,ror:api-p64,,0,unreachable-dns,hhhxy.cn,
Huaihai Institute of Technology,hhit.edu.cn,university/college,2026-09-21,Inaccessible,hipo:2026-09-17;hipo:2026-09-18;hipo:2026-09-19;hipo:2026-09-20;hipo:2026-09-21;hipo:2026-09-22;hipo:2026-09-23;hipo:2026-09-24;hipo:2026-09-25;hipo:2026-09-26;hipo:2026-09-27;hipo:2026-09-28;hipo:2026-09-29;hipo:2026-09-30;hipo:2026-10-01;hipo:2026-10-02;hipo:2026-10-03;hipo:2026-10-04;hipo:2026-10-05;hipo:2026-10-06;hipo:2026-10-07;hipo:2026-10-08;hipo:2026-10-09;hipo:2026-10-10,,0,unreachable-dns,hhit.edu.cn,
Huaihua Radio and Television University,hhrtu.com,university/college,2026-09-21,Inaccessible,hipo:2026-09-17;hipo:2026-09-18;hipo:2026-09-19;hipo:2026-09-20;hipo:2026-09-21;hipo:2026-09-22;hipo:2026-09-23;hipo:2026-09-24;hipo:2026-09-25;hipo:2026-09-26;hipo:2026-09-27;hipo:2026-09-28;hipo:2026-09-29;hipo:2026-09-30;hipo:2026-10-01;hipo:2026-10-02;hipo:2026-10-03;hipo:2026-10-04;hipo:2026-10-05;hipo:2026-10-06;hipo:2026-10-07;hipo:2026-10-08;hipo:2026-10-09;hipo:2026-10-10,3,0,fetch-error:ConnectionError,hhrtu.com,
Huanghe Science & Technology University,hhstu.edu.cn,university/college,2026-09-21,Inaccessible,hipo:2026-09-17;hipo:2026-09-18;hipo:2026-09-19;hipo:2026-09-20;hipo:2026-09-21;hipo:2026-09-22;hipo:2026-09-23;hipo:2026-09-24;hipo:2026-09-25;hipo:2026-09-26;ror:api-p73;hipo:2026-09-27;hipo:2026-09-28;hipo:2026-09-29;hipo:2026-09-30;hipo:2026-10-01;hipo:2026-10-02;hipo:2026-10-03;hipo:2026-10-04;hipo:2026-10-05;hipo:2026-10-06;hipo:2026-10-07;hipo:2026-10-08;hipo:2026-10-09;hipo:2026-10-10,,0,unreachable-dns,hhstu.edu.cn,
Hehai University,hhu.edu.cn,university/college,2026-09-21,Inaccessible,hipo:2026-09-17;hipo:2026-09-18;hipo:2026-09-19;openalex:page34;hipo:2026-09-20;hipo:2026-09-21;hipo:2026-09-22;hipo:2026-09-23;hipo:2026-09-24;hipo:2026-09-25;hipo:2026-09-26;hipo:2026-09-27;hipo:2026-09-28;hipo:2026-09-29;hipo:2026-09-30;hipo:2026-10-01;hipo:2026-10-02;hipo:2026-10-03;hipo:2026-10-04;hipo:2026-10-05;hipo:2026-10-06;hipo:2026-10-07;hipo:2026-10-08;hipo:2026-10-09;hipo:2026-10-10,,0,unreachable-dns,hhu.edu.cn,
Hohai University Changzhou,hhuc.edu.cn,university/college,2026-09-21,Inaccessible,hipo:2026-09-17;hipo:2026-09-18;hipo:2026-09-19;hipo:2026-09-20;hipo:2026-09-21;hipo:2026-09-22;hipo:2026-09-23;hipo:2026-09-24;hipo:2026-09-25;hipo:2026-09-26;hipo:2026-09-27;hipo:2026-09-28;hipo:2026-09-29;hipo:2026-09-30;hipo:2026-10-01;hipo:2026-10-02;hipo:2026-10-03;hipo:2026-10-04;hipo:2026-10-05;hipo:2026-10-06;hipo:2026-10-07;hipo:2026-10-08;hipo:2026-10-09;hipo:2026-10-10,,0,unreachable-dns,hhuc.edu.cn,
Harbin Institute of Petroleum,hip.edu.cn,university/college,2026-10-09,Inaccessible,ror:api-p66,,0,unreachable-dns,hip.edu.cn,
Harbin Institute of Technology,hit.edu.cn,university/college,2026-10-01,Inaccessible,openalex:page7;hipo:2026-09-17;hipo:2026-09-18;hipo:2026-09-19;hipo:2026-09-20;hipo:2026-09-21;hipo:2026-09-22;hipo:2026-09-23;hipo:2026-09-24;hipo:2026-09-25;hipo:2026-09-26;hipo:2026-09-27;hipo:2026-09-28;hipo:2026-09-29;hipo:2026-09-30;hipo:2026-10-01;hipo:2026-10-02;hipo:2026-10-03;hipo:2026-10-04;hipo:2026-10-05;hipo:2026-10-06;hipo:2026-10-07;hipo:2026-10-08;hipo:2026-10-09;hipo:2026-10-10,,5,http-403,hit.edu.cn,
Heilongjiang August 1st Reclamation University,hlaflru.edu.cn,university/college,2026-09-21,Inaccessible,hipo:2026-09-17;hipo:2026-09-18;hipo:2026-09-19;hipo:2026-09-20;hipo:2026-09-21;hipo:2026-09-22;hipo:2026-09-23;hipo:2026-09-24;hipo:2026-09-25;hipo:2026-09-26;hipo:2026-09-27;hipo:2026-09-28;hipo:2026-09-29;hipo:2026-09-30;hipo:2026-10-01;hipo:2026-10-02;hipo:2026-10-03;hipo:2026-10-04;hipo:2026-10-05;hipo:2026-10-06;hipo:2026-10-07;hipo:2026-10-08;hipo:2026-10-09;hipo:2026-10-10,,0,unreachable-dns,hlaflru.edu.cn,
Heilongjiang Electric Power Workers University,hldledu.com,university/college,2026-10-09,Inaccessible,ror:api-p64,1,10,parking,hldledu.com,en
Heilongjiang Commercial University,hljcu.edu.cn,university/college,2026-09-21,Inaccessible,hipo:2026-09-17;hipo:2026-09-18;hipo:2026-09-19;hipo:2026-09-20;hipo:2026-09-21;hipo:2026-09-22;hipo:2026-09-23;hipo:2026-09-24;hipo:2026-09-25;hipo:2026-09-26;hipo:2026-09-27;hipo:2026-09-28;hipo:2026-09-29;hipo:2026-09-30;hipo:2026-10-01;hipo:2026-10-02;hipo:2026-10-03;hipo:2026-10-04;hipo:2026-10-05;hipo:2026-10-06;hipo:2026-10-07;hipo:2026-10-08;hipo:2026-10-09;hipo:2026-10-10,,0,fetch-error:ConnectionError,hljcu.edu.cn,
Heilongjiang University,hlju.edu.cn,university/college,2026-09-21,Inaccessible,hipo:2026-09-17;hipo:2026-09-18;hipo:2026-09-19;hipo:2026-09-20;hipo:2026-09-21;hipo:2026-09-22;hipo:2026-09-23;hipo:2026-09-24;hipo:2026-09-25;hipo:2026-09-26;wikidata:P856;hipo:2026-09-27;hipo:2026-09-28;hipo:2026-09-29;hipo:2026-09-30;hipo:2026-10-01;hipo:2026-10-02;hipo:2026-10-03;hipo:2026-10-04;openalex:page107;hipo:2026-10-05;hipo:2026-10-06;hipo:2026-10-07;hipo:2026-10-08;hipo:2026-10-09;hipo:2026-10-10,,5,http-403,hlju.edu.cn,
Heilongjiang Vocational College of Art,hljyzy.org.cn,university/college,2026-09-17,Inaccessible,ror:api-p16,,,,,
Henan Buddhist College,hnfjxy.cn,university/college,2026-09-21,Inaccessible,hipo:2026-09-17;hipo:2026-09-18;hipo:2026-09-19;hipo:2026-09-20;hipo:2026-09-21;hipo:2026-09-22;hipo:2026-09-23;hipo:2026-09-24;hipo:2026-09-25;hipo:2026-09-26;hipo:2026-09-27;hipo:2026-09-28;hipo:2026-09-29;hipo:2026-09-30;hipo:2026-10-01;hipo:2026-10-02;hipo:2026-10-03;hipo:2026-10-04;hipo:2026-10-05;hipo:2026-10-06;hipo:2026-10-07;hipo:2026-10-08;hipo:2026-10-09;hipo:2026-10-10,,0,fetch-error:ConnectionError,hnfjxy.cn,
Hunan Radio and Television University,hnrtu.edu.cn,university/college,2026-10-09,Inaccessible,ror:api-p64,,0,unreachable-dns,hnrtu.edu.cn,
Hunan Software Vocational Institute,hnsoftedu.com,university/college,2026-10-09,Inaccessible,ror:api-p66,21,0,unreachable-dns,hnsoftedu.com,
Hunan University,hnu.edu.cn,university/college,2026-09-17,Inaccessible,hipo:2026-09-11;hipo:2026-09-13;hipo:2026-09-17;openalex:page23;hipo:2026-09-18;hipo:2026-09-19;hipo:2026-09-20;hipo:2026-09-21;hipo:2026-09-22;hipo:2026-09-23;hipo:2026-09-24;hipo:2026-09-25;hipo:2026-09-26;hipo:2026-09-27;hipo:2026-09-28;hipo:2026-09-29;hipo:2026-09-30;hipo:2026-10-01;hipo:2026-10-02;hipo:2026-10-03;hipo:2026-10-04;hipo:2026-10-05;hipo:2026-10-06;hipo:2026-10-07;hipo:2026-10-08;hipo:2026-10-09;hipo:2026-10-10,,0,unreachable-dns,,
Logistics Engineering University of PLA,hqgc.net,university/college,2026-09-21,Inaccessible,hipo:2026-09-17;hipo:2026-09-18;hipo:2026-09-19;hipo:2026-09-20;hipo:2026-09-21;hipo:2026-09-22;hipo:2026-09-23;hipo:2026-09-24;hipo:2026-09-25;hipo:2026-09-26;hipo:2026-09-27;hipo:2026-09-28;hipo:2026-09-29;hipo:2026-09-30;hipo:2026-10-01;hipo:2026-10-02;hipo:2026-10-03;hipo:2026-10-04;hipo:2026-10-05;hipo:2026-10-06;hipo:2026-10-07;hipo:2026-10-08;hipo:2026-10-09;hipo:2026-10-10,24,40,moved-to:global.dyrsxm.cc,global.dyrsxm.cc,zh-cn
Huaqiao University Quanzhuo,hqu.edu.cn,university/college,2026-09-21,Active,hipo:2026-09-17;hipo:2026-09-18;hipo:2026-09-19;hipo:2026-09-20;hipo:2026-09-21;hipo:2026-09-22;hipo:2026-09-23;hipo:2026-09-24;hipo:2026-09-25;hipo:2026-09-26;hipo:2026-09-27;hipo:2026-09-28;hipo:2026-09-29;hipo:2026-09-30;hipo:2026-10-01;openalex:page90;hipo:2026-10-02;hipo:2026-10-03;hipo:2026-10-04;hipo:2026-10-05;hipo:2026-10-06;hipo:2026-10-07;hipo:2026-10-08;hipo:2026-10-09;hipo:2026-10-10,,80,http-2xx-html+multi-source+edu-keywords+trusted-suffix,hqu.edu.cn,
Harbin Engineering University,hrbeu.edu.cn,university/college,2026-09-21,Inaccessible,hipo:2026-09-17;hipo:2026-09-18;hipo:2026-09-19;hipo:2026-09-20;hipo:2026-09-21;hipo:2026-09-22;hipo:2026-09-23;hipo:2026-09-24;hipo:2026-09-25;hipo:2026-09-26;hipo:2026-09-27;hipo:2026-09-28;hipo:2026-09-29;hipo:2026-09-30;hipo:2026-10-01;hipo:2026-10-02;hipo:2026-10-03;hipo:2026-10-04;hipo:2026-10-05;hipo:2026-10-06;hipo:2026-10-07;hipo:2026-10-08;hipo:2026-10-09;hipo:2026-10-10,,0,fetch-error:ConnectTimeout,hrbeu.edu.cn,
Harbin Medical University,hrbmu.edu.cn,university/college,2026-09-21,Inaccessible,hipo:2026-09-17;hipo:2026-09-18;hipo:2026-09-19;hipo:2026-09-20;hipo:2026-09-21;hipo:2026-09-22;hipo:2026-09-23;hipo:2026-09-24;hipo:2026-09-25;hipo:2026-09-26;hipo:2026-09-27;hipo:2026-09-28;hipo:2026-09-29;hipo:2026-09-30;hipo:2026-10-01;hipo:2026-10-02;hipo:2026-10-03;hipo:2026-10-04;hipo:2026-10-05;hipo:2026-10-06;wikidata:P856;hipo:2026-10-07;hipo:2026-10-08;hipo:2026-10-09;hipo:2026-10-10,,0,fetch-error:ConnectionError,hrbmu.edu.cn,
Harbin Normal University,hrbnu.edu.cn,university/college,2026-09-21,Inaccessible,hipo:2026-09-17;hipo:2026-09-18;hipo:2026-09-19;hipo:2026-09-20;hipo:2026-09-21;hipo:2026-09-22;hipo:2026-09-23;hipo:2026-09-24;hipo:2026-09-25;hipo:2026-09-26;hipo:2026-09-27;hipo:2026-09-28;hipo:2026-09-29;hipo:2026-09-30;hipo:2026-10-01;hipo:2026-10-02;hipo:2026-10-03;hipo:2026-10-04;hipo:2026-10-05;hipo:2026-10-06;hipo:2026-10-07;hipo:2026-10-08;hipo:2026-10-09;hipo:2026-10-10,,0,fetch-error:ConnectTimeout,hrbnu.edu.cn,
Harbin University of Civil Engineering & Architecture,hrbucea.edu.cn,university/college,2026-09-21,Inaccessible,hipo:2026-09-17;hipo:2026-09-18;hipo:2026-09-19;hipo:2026-09-20;hipo:2026-09-21;hipo:2026-09-22;hipo:2026-09-23;hipo:2026-09-24;hipo:2026-09-25;hipo:2026-09-26;hipo:2026-09-27;hipo:2026-09-28;hipo:2026-09-29;hipo:2026-09-30;hipo:2026-10-01;hipo:2026-10-02;hipo:2026-10-03;hipo:2026-10-04;hipo:2026-10-05;hipo:2026-10-06;hipo:2026-10-07;hipo:2026-10-08;hipo:2026-10-09;hipo:2026-10-10,,0,unreachable-dns,hrbucea.edu.cn,
Harbin University of Science and Technology,hrbust.edu.cn,university/college,2026-09-21,Active,hipo:2026-09-17;hipo:2026-09-18;hipo:2026-09-19;hipo:2026-09-20;hipo:2026-09-21;hipo:2026-09-22;hipo:2026-09-23;hipo:2026-09-24;hipo:2026-09-25;hipo:2026-09-26;hipo:2026-09-27;hipo:2026-09-28;hipo:2026-09-29;hipo:2026-09-30;hipo:2026-10-01;hipo:2026-10-02;openalex:page95;hipo:2026-10-03;hipo:2026-10-04;hipo:2026-10-05;hipo:2026-10-06;hipo:2026-10-07;hipo:2026-10-08;hipo:2026-10-09;hipo:2026-10-10,,90,http-2xx-html+multi-source+edu-keywords+structure+substantial-content,hrbust.edu.cn,
Hubei University,hubu.edu.cn,university/college,2026-10-01,Inaccessible,wikidata:P856;hipo:2026-09-17;hipo:2026-09-18;hipo:2026-09-19;hipo:2026-09-20;hipo:2026-09-21;hipo:2026-09-22;hipo:2026-09-23;hipo:2026-09-24;hipo:2026-09-25;hipo:2026-09-26;openalex:page71;hipo:2026-09-27;hipo:2026-09-28;hipo:2026-09-29;hipo:2026-09-30;openalex:page88;hipo:2026-10-01;hipo:2026-10-02;hipo:2026-10-03;hipo:2026-10-04;hipo:2026-10-05;hipo:2026-10-06;hipo:2026-10-07;hipo:2026-10-08;hipo:2026-10-09;hipo:2026-10-10,,0,fetch-error:ConnectTimeout,hubu.edu.cn,
Hunan Agricultural University,hunau.net,university/college,2026-09-21,Inaccessible,hipo:2026-09-17;hipo:2026-09-18;hipo:2026-09-19;hipo:2026-09-20;hipo:2026-09-21;hipo:2026-09-22;hipo:2026-09-23;hipo:2026-09-24;hipo:2026-09-25;hipo:2026-09-26;hipo:2026-09-27;hipo:2026-09-28;hipo:2026-09-29;hipo:2026-09-30;hipo:2026-10-01;hipo:2026-10-02;hipo:2026-10-03;hipo:2026-10-04;hipo:2026-10-05;hipo:2026-10-06;hipo:2026-10-07;hipo:2026-10-08;hipo:2026-10-09;hipo:2026-10-10,25,0,unreachable-dns,hunau.net,
Hunan Normal University,hunnu.edu.cn,university/college,2026-09-21,Inaccessible,hipo:2026-09-17;hipo:2026-09-18;hipo:2026-09-19;hipo:2026-09-20;hipo:2026-09-21;hipo:2026-09-22;hipo:2026-09-23;openalex:page54;hipo:2026-09-24;hipo:2026-09-25;hipo:2026-09-26;hipo:2026-09-27;hipo:2026-09-28;hipo:2026-09-29;hipo:2026-09-30;hipo:2026-10-01;hipo:2026-10-02;hipo:2026-10-03;hipo:2026-10-04;hipo:2026-10-05;hipo:2026-10-06;hipo:2026-10-07;hipo:2026-10-08;hipo:2026-10-09;hipo:2026-10-10,,0,unreachable-dns,hunnu.edu.cn,
Huazhong University of Science and Technology,hust.edu.cn,university/college,2026-09-21,Active,hipo:2026-09-17;hipo:2026-09-18;hipo:2026-09-19;hipo:2026-09-20;hipo:2026-09-21;hipo:2026-09-22;hipo:2026-09-23;hipo:2026-09-24;hipo:2026-09-25;hipo:2026-09-26;hipo:2026-09-27;hipo:2026-09-28;hipo:2026-09-29;hipo:2026-09-30;hipo:2026-10-01;hipo:2026-10-02;hipo:2026-10-03;hipo:2026-10-04;hipo:2026-10-05;hipo:2026-10-06;hipo:2026-10-07;hipo:2026-10-08;hipo:2026-10-09;hipo:2026-10-10,,90,http-2xx-html+multi-source+edu-keywords+trusted-suffix+substantial-content,hust.edu.cn,zh-cn
Huazhong Agricultural University,hzau.edu.cn,university/college,2026-09-21,Inaccessible,hipo:2026-09-17;hipo:2026-09-18;hipo:2026-09-19;hipo:2026-09-20;hipo:2026-09-21;hipo:2026-09-22;hipo:2026-09-23;hipo:2026-09-24;hipo:2026-09-25;hipo:2026-09-26;hipo:2026-09-27;hipo:2026-09-28;hipo:2026-09-29;hipo:2026-09-30;hipo:2026-10-01;hipo:2026-10-02;hipo:2026-10-03;hipo:2026-10-04;hipo:2026-10-05;hipo:2026-10-06;hipo:2026-10-07;hipo:2026-10-08;hipo:2026-10-09;hipo:2026-10-10,,0,unreachable-dns,hzau.edu.cn,
Huizhou University,hzu.edu.cn,university/college,2026-09-21,Inaccessible,hipo:2026-09-17;hipo:2026-09-18;hipo:2026-09-19;hipo:2026-09-20;hipo:2026-09-21;hipo:2026-09-22;hipo:2026-09-23;hipo:2026-09-24;hipo:2026-09-25;hipo:2026-09-26;hipo:2026-09-27;hipo:2026-09-28;hipo:2026-09-29;hipo:2026-09-30;hipo:2026-10-01;hipo:2026-10-02;hipo:2026-10-03;hipo:2026-10-04;hipo:2026-10-05;hipo:2026-10-06;hipo:2026-10-07;hipo:2026-10-08;hipo:2026-10-09;hipo:2026-10-10,,0,unreachable-dns,hzu.edu.cn,
International Business University of Beijing,ibub.edu.cn,university/college,2026-09-21,Inaccessible,hipo:2026-09-17;hipo:2026-09-18;hipo:2026-09-19;hipo:2026-09-20;hipo:2026-09-21;hipo:2026-09-22;hipo:2026-09-23;hipo:2026-09-24;hipo:2026-09-25;hipo:2026-09-26;hipo:2026-09-27;hipo:2026-09-28;hipo:2026-09-29;hipo:2026-09-30;hipo:2026-10-01;hipo:2026-10-02;hipo:2026-10-03;hipo:2026-10-04;hipo:2026-10-05;hipo:2026-10-06;hipo:2026-10-07;hipo:2026-10-08;hipo:2026-10-09;hipo:2026-10-10,,0,unreachable-dns,ibub.edu.cn,
Changchun University of Science and Technology,ieec.cust.edu.cn,university/college,2026-10-05,Inaccessible,hipo:2026-09-20;hipo:2026-09-21;hipo:2026-09-22;hipo:2026-09-23;hipo:2026-09-24;hipo:2026-09-25;hipo:2026-09-26;hipo:2026-09-27;hipo:2026-09-28;hipo:2026-09-29;hipo:2026-09-30;hipo:2026-10-01;hipo:2026-10-02;hipo:2026-10-03;hipo:2026-10-04;hipo:2026-10-05;hipo:2026-10-06;hipo:2026-10-07;hipo:2026-10-08;hipo:2026-10-09;hipo:2026-10-10,,5,http-403,ieec.cust.edu.cn,
Inner Mongolia Agricultural University,imau.edu.cn,university/college,2026-09-21,Inaccessible,hipo:2026-09-17;hipo:2026-09-18;hipo:2026-09-19;hipo:2026-09-20;hipo:2026-09-21;hipo:2026-09-22;hipo:2026-09-23;hipo:2026-09-24;hipo:2026-09-25;hipo:2026-09-26;hipo:2026-09-27;hipo:2026-09-28;hipo:2026-09-29;hipo:2026-09-30;hipo:2026-10-01;hipo:2026-10-02;hipo:2026-10-03;hipo:2026-10-04;hipo:2026-10-05;hipo:2026-10-06;hipo:2026-10-07;hipo:2026-10-08;openalex:page124;hipo:2026-10-09;hipo:2026-10-10,,0,fetch-error:ConnectionError,imau.edu.cn,
Inner Mongolia Normal University,imnu.edu.cn,university/college,2026-09-21,Inaccessible,hipo:2026-09-17;hipo:2026-09-18;hipo:2026-09-19;hipo:2026-09-20;hipo:2026-09-21;hipo:2026-09-22;hipo:2026-09-23;hipo:2026-09-24;hipo:2026-09-25;hipo:2026-09-26;hipo:2026-09-27;hipo:2026-09-28;hipo:2026-09-29;hipo:2026-09-30;hipo:2026-10-01;hipo:2026-10-02;hipo:2026-10-03;hipo:2026-10-04;wikidata:P856;hipo:2026-10-05;hipo:2026-10-06;hipo:2026-10-07;hipo:2026-10-08;hipo:2026-10-09;hipo:2026-10-10,,0,unreachable-dns,imnu.edu.cn,
Inner Mongolia Polytechnic University,impu.edu.cn,university/college,2026-09-21,Inaccessible,hipo:2026-09-17;hipo:2026-09-18;hipo:2026-09-19;hipo:2026-09-20;hipo:2026-09-21;hipo:2026-09-22;hipo:2026-09-23;hipo:2026-09-24;hipo:2026-09-25;hipo:2026-09-26;hipo:2026-09-27;hipo:2026-09-28;hipo:2026-09-29;hipo:2026-09-30;hipo:2026-10-01;hipo:2026-10-02;hipo:2026-10-03;hipo:2026-10-04;hipo:2026-10-05;hipo:2026-10-06;hipo:2026-10-07;hipo:2026-10-08;hipo:2026-10-09;hipo:2026-10-10,,0,unreachable-dns,impu.edu.cn,
Inner Mongolia University,imu.edu.cn,university/college,2026-09-21,Inaccessible,hipo:2026-09-17;hipo:2026-09-18;hipo:2026-09-19;hipo:2026-09-20;hipo:2026-09-21;hipo:2026-09-22;hipo:2026-09-23;hipo:2026-09-24;hipo:2026-09-25;hipo:2026-09-26;hipo:2026-09-27;hipo:2026-09-28;hipo:2026-09-29;hipo:2026-09-30;hipo:2026-10-01;hipo:2026-10-02;hipo:2026-10-03;openalex:page100;hipo:2026-10-04;hipo:2026-10-05;hipo:2026-10-06;hipo:2026-10-07;hipo:2026-10-08;hipo:2026-10-09;hipo:2026-10-10,,0,unreachable-dns,imu.edu.cn,
Beijing Union University,ipdbuu.com.cn,university/college,2026-09-21,Active,hipo:2026-09-17;hipo:2026-09-18;hipo:2026-09-19;hipo:2026-09-20;hipo:2026-09-21;hipo:2026-09-22;hipo:2026-09-23;hipo:2026-09-24;hipo:2026-09-25;hipo:2026-09-26;hipo:2026-09-27;hipo:2026-09-28;hipo:2026-09-29;hipo:2026-09-30;hipo:2026-10-01;hipo:2026-10-02;hipo:2026-10-03;hipo:2026-10-04;hipo:2026-10-05;hipo:2026-10-06;hipo:2026-10-07;hipo:2026-10-08;hipo:2026-10-09;hipo:2026-10-10,,50,http-2xx-html+multi-source,ipdbuu.com.cn,zh
Jingdezhen China Institute,jci.edu.cn,university/college,2026-09-21,Inaccessible,hipo:2026-09-17;hipo:2026-09-18;hipo:2026-09-19;hipo:2026-09-20;hipo:2026-09-21;hipo:2026-09-22;hipo:2026-09-23;hipo:2026-09-24;hipo:2026-09-25;hipo:2026-09-26;hipo:2026-09-27;hipo:2026-09-28;hipo:2026-09-29;hipo:2026-09-30;hipo:2026-10-01;hipo:2026-10-02;hipo:2026-10-03;hipo:2026-10-04;hipo:2026-10-05;hipo:2026-10-06;hipo:2026-10-07;hipo:2026-10-08;hipo:2026-10-09;hipo:2026-10-10,,0,unreachable-dns,jci.edu.cn,
Jingdezhen University,jdzu.jx.cn,university/college,2026-10-09,Inaccessible,ror:api-p64,,0,unreachable-dns,jdzu.jx.cn,
Xi'an University of Science and Education Foundation,jijinhui.xust.edu.cn,university/college,2026-10-07,Inaccessible,ror:api-p55,,0,fetch-error:SSLError,jijinhui.xust.edu.cn,
Jiujiang Vocational University,jjvu.jx.cn,university/college,2026-10-09,Inaccessible,ror:api-p64,,0,unreachable-dns,jjvu.jx.cn,
Jilin Agricultural University,jlau.edu.cn,university/college,2026-09-21,Inaccessible,hipo:2026-09-17;hipo:2026-09-18;hipo:2026-09-19;hipo:2026-09-20;hipo:2026-09-21;hipo:2026-09-22;hipo:2026-09-23;hipo:2026-09-24;hipo:2026-09-25;hipo:2026-09-26;hipo:2026-09-27;hipo:2026-09-28;hipo:2026-09-29;hipo:2026-09-30;hipo:2026-10-01;hipo:2026-10-02;hipo:2026-10-03;hipo:2026-10-04;openalex:page105;hipo:2026-10-05;hipo:2026-10-06;wikidata:P856;hipo:2026-10-07;hipo:2026-10-08;hipo:2026-10-09;hipo:2026-10-10,,0,fetch-error:ConnectionError,jlau.edu.cn,
Jilin University,jlu.edu.cn,university/college,2026-10-09,Inaccessible,openalex:page10;hipo:2026-09-17;hipo:2026-09-18;hipo:2026-09-19;hipo:2026-09-20;hipo:2026-09-21;hipo:2026-09-22;hipo:2026-09-23;hipo:2026-09-24;hipo:2026-09-25;hipo:2026-09-26;hipo:2026-09-27;hipo:2026-09-28;hipo:2026-09-29;hipo:2026-09-30;hipo:2026-10-01;hipo:2026-10-02;hipo:2026-10-03;hipo:2026-10-04;hipo:2026-10-05;hipo:2026-10-06;hipo:2026-10-07;hipo:2026-10-08;hipo:2026-10-09;hipo:2026-10-10,,5,http-403,jlu.edu.cn,
Jiangmen Polytechnic,jmpt.cn,university/college,2026-09-17,Inaccessible,ror:api-p17,,0,unreachable-dns,,
Jimei University,jmu.edu.cn,university/college,2026-09-21,Active,hipo:2026-09-17;hipo:2026-09-18;hipo:2026-09-19;hipo:2026-09-20;hipo:2026-09-21;hipo:2026-09-22;hipo:2026-09-23;hipo:2026-09-24;hipo:2026-09-25;hipo:2026-09-26;hipo:2026-09-27;hipo:2026-09-28;hipo:2026-09-29;hipo:2026-09-30;hipo:2026-10-01;hipo:2026-10-02;hipo:2026-10-03;hipo:2026-10-04;hipo:2026-10-05;hipo:2026-10-06;hipo:2026-10-07;openalex:page121;hipo:2026-10-08;hipo:2026-10-09;hipo:2026-10-10,,90,http-2xx-html+multi-source+edu-keywords+trusted-suffix+substantial-content,jmu.edu.cn,
Jinan University,jnu.edu.cn,university/college,2026-09-21,Active,hipo:2026-09-17;hipo:2026-09-18;hipo:2026-09-19;hipo:2026-09-20;hipo:2026-09-21;hipo:2026-09-22;hipo:2026-09-23;hipo:2026-09-24;hipo:2026-09-25;hipo:2026-09-26;hipo:2026-09-27;hipo:2026-09-28;hipo:2026-09-29;hipo:2026-09-30;hipo:2026-10-01;hipo:2026-10-02;hipo:2026-10-03;hipo:2026-10-04;hipo:2026-10-05;hipo:2026-10-06;hipo:2026-10-07;hipo:2026-10-08;hipo:2026-10-09;hipo:2026-10-10,,90,http-2xx-html+multi-source+edu-keywords+structure+substantial-content,jnu.edu.cn,zh-cn
Jiangsu Vocational Institute of Architectural Technology,jsjzi.edu.cn,university/college,2026-10-09,Inaccessible,ror:api-p66,,0,fetch-error:ConnectTimeout,jsjzi.edu.cn,
Jishou University,jsu.edu.cn,university/college,2026-09-21,Inaccessible,hipo:2026-09-17;hipo:2026-09-18;hipo:2026-09-19;hipo:2026-09-20;hipo:2026-09-21;hipo:2026-09-22;hipo:2026-09-23;hipo:2026-09-24;hipo:2026-09-25;hipo:2026-09-26;hipo:2026-09-27;hipo:2026-09-28;hipo:2026-09-29;hipo:2026-09-30;hipo:2026-10-01;hipo:2026-10-02;hipo:2026-10-03;hipo:2026-10-04;hipo:2026-10-05;hipo:2026-10-06;wikidata:P856;hipo:2026-10-07;hipo:2026-10-08;hipo:2026-10-09;hipo:2026-10-10,,0,unreachable-dns,jsu.edu.cn,
Jiangsu University of Science and Technology,jsust.edu.cn,university/college,2026-09-21,Inaccessible,hipo:2026-09-17;hipo:2026-09-18;hipo:2026-09-19;hipo:2026-09-20;hipo:2026-09-21;hipo:2026-09-22;hipo:2026-09-23;hipo:2026-09-24;hipo:2026-09-25;hipo:2026-09-26;hipo:2026-09-27;hipo:2026-09-28;hipo:2026-09-29;hipo:2026-09-30;hipo:2026-10-01;hipo:2026-10-02;hipo:2026-10-03;hipo:2026-10-04;hipo:2026-10-05;hipo:2026-10-06;hipo:2026-10-07;hipo:2026-10-08;hipo:2026-10-09;hipo:2026-10-10,,0,fetch-error:ConnectionError,jsust.edu.cn,
Jilin University of Technology,jut.edu.cn,university/college,2026-09-21,Inaccessible,hipo:2026-09-17;hipo:2026-09-18;hipo:2026-09-19;hipo:2026-09-20;hipo:2026-09-21;hipo:2026-09-22;hipo:2026-09-23;hipo:2026-09-24;hipo:2026-09-25;hipo:2026-09-26;hipo:2026-09-27;hipo:2026-09-28;hipo:2026-09-29;hipo:2026-09-30;hipo:2026-10-01;hipo:2026-10-02;hipo:2026-10-03;hipo:2026-10-04;hipo:2026-10-05;hipo:2026-10-06;hipo:2026-10-07;hipo:2026-10-08;hipo:2026-10-09;hipo:2026-10-10,,0,unreachable-dns,jut.edu.cn,
Jiangxi University of Traditional Chinese Medicine,jutcm.com,university/college,2026-09-21,Inaccessible,hipo:2026-09-17;hipo:2026-09-18;hipo:2026-09-19;hipo:2026-09-20;hipo:2026-09-21;hipo:2026-09-22;hipo:2026-09-23;hipo:2026-09-24;hipo:2026-09-25;hipo:2026-09-26;hipo:2026-09-27;hipo:2026-09-28;hipo:2026-09-29;hipo:2026-09-30;hipo:2026-10-01;hipo:2026-10-02;hipo:2026-10-03;hipo:2026-10-04;hipo:2026-10-05;hipo:2026-10-06;hipo:2026-10-07;hipo:2026-10-08;hipo:2026-10-09;hipo:2026-10-10,,0,unreachable-dns,jutcm.com,
Jiangxi Agricultural University,jxau.edu.cn,university/college,2026-09-21,Inaccessible,hipo:2026-09-17;hipo:2026-09-18;hipo:2026-09-19;hipo:2026-09-20;hipo:2026-09-21;hipo:2026-09-22;hipo:2026-09-23;hipo:2026-09-24;hipo:2026-09-25;hipo:2026-09-26;hipo:2026-09-27;hipo:2026-09-28;hipo:2026-09-29;hipo:2026-09-30;hipo:2026-10-01;hipo:2026-10-02;hipo:2026-10-03;hipo:2026-10-04;hipo:2026-10-05;hipo:2026-10-06;hipo:2026-10-07;hipo:2026-10-08;hipo:2026-10-09;hipo:2026-10-10,,0,unreachable-dns,jxau.edu.cn,
Jiangxi Normal University,jxnu.edu.cn,university/college,2026-09-21,Inaccessible,hipo:2026-09-17;hipo:2026-09-18;hipo:2026-09-19;hipo:2026-09-20;hipo:2026-09-21;hipo:2026-09-22;hipo:2026-09-23;hipo:2026-09-24;hipo:2026-09-25;hipo:2026-09-26;hipo:2026-09-27;hipo:2026-09-28;hipo:2026-09-29;hipo:2026-09-30;hipo:2026-10-01;hipo:2026-10-02;hipo:2026-10-03;openalex:page101;hipo:2026-10-04;hipo:2026-10-05;hipo:2026-10-06;hipo:2026-10-07;hipo:2026-10-08;hipo:2026-10-09;hipo:2026-10-10,,0,unreachable-dns,jxnu.edu.cn,
Jiangxi University of Finance and Economics,jxufe.edu.cn,university/college,2026-09-21,Inaccessible,hipo:2026-09-17;hipo:2026-09-18;hipo:2026-09-19;hipo:2026-09-20;hipo:2026-09-21;hipo:2026-09-22;hipo:2026-09-23;hipo:2026-09-24;hipo:2026-09-25;hipo:2026-09-26;hipo:2026-09-27;hipo:2026-09-28;hipo:2026-09-29;hipo:2026-09-30;hipo:2026-10-01;hipo:2026-10-02;hipo:2026-10-03;hipo:2026-10-04;hipo:2026-10-05;hipo:2026-10-06;hipo:2026-10-07;hipo:2026-10-08;hipo:2026-10-09;hipo:2026-10-10,,0,fetch-error:ConnectTimeout,jxufe.edu.cn,
Jiangxi College of Applied Technology,jxyyxy.com,university/college,2026-09-17,Inaccessible,ror:api-p17,22,,,,
Ordnance Engineering College,jxzs.net.cn,university/college,2026-09-16,Inaccessible,ror:api-p11;wikidata:P856,,0,unreachable-dns,,
Jiaying University,jyu.edu.cn,university/college,2026-09-21,Inaccessible,hipo:2026-09-17;hipo:2026-09-18;hipo:2026-09-19;hipo:2026-09-20;hipo:2026-09-21;hipo:2026-09-22;hipo:2026-09-23;hipo:2026-09-24;hipo:2026-09-25;hipo:2026-09-26;hipo:2026-09-27;hipo:2026-09-28;hipo:2026-09-29;hipo:2026-09-30;hipo:2026-10-01;hipo:2026-10-02;hipo:2026-10-03;hipo:2026-10-04;hipo:2026-10-05;hipo:2026-10-06;hipo:2026-10-07;hipo:2026-10-08;hipo:2026-10-09;hipo:2026-10-10,,0,unreachable-dns,jyu.edu.cn,
Kunmimg University of Science and Technology,kmust.edu.cn,university/college,2026-09-21,Inaccessible,hipo:2026-09-17;hipo:2026-09-18;hipo:2026-09-19;hipo:2026-09-20;hipo:2026-09-21;hipo:2026-09-22;hipo:2026-09-23;hipo:2026-09-24;hipo:2026-09-25;hipo:2026-09-26;hipo:2026-09-27;hipo:2026-09-28;hipo:2026-09-29;hipo:2026-09-30;hipo:2026-10-01;hipo:2026-10-02;hipo:2026-10-03;hipo:2026-10-04;hipo:2026-10-05;hipo:2026-10-06;hipo:2026-10-07;hipo:2026-10-08;hipo:2026-10-09;hipo:2026-10-10,,0,fetch-error:ConnectionError,kmust.edu.cn,
Liaocheng Teachers University,lctu.edu.cn,university/college,2026-09-21,Inaccessible,hipo:2026-09-17;hipo:2026-09-18;hipo:2026-09-19;hipo:2026-09-20;hipo:2026-09-21;hipo:2026-09-22;hipo:2026-09-23;hipo:2026-09-24;hipo:2026-09-25;hipo:2026-09-26;hipo:2026-09-27;hipo:2026-09-28;hipo:2026-09-29;hipo:2026-09-30;hipo:2026-10-01;hipo:2026-10-02;hipo:2026-10-03;hipo:2026-10-04;hipo:2026-10-05;hipo:2026-10-06;hipo:2026-10-07;hipo:2026-10-08;hipo:2026-10-09;hipo:2026-10-10,,0,unreachable-dns,lctu.edu.cn,
Eastern Liaoning University,ldxy.cn,university/college,2026-10-09,Inaccessible,ror:api-p67,,0,unreachable-dns,ldxy.cn,
Shanghai Lida Polytechnic Institute,lidapoly.com,university/college,2026-09-21,Inaccessible,hipo:2026-09-17;hipo:2026-09-18;hipo:2026-09-19;hipo:2026-09-20;hipo:2026-09-21;hipo:2026-09-22;hipo:2026-09-23;hipo:2026-09-24;hipo:2026-09-25;hipo:2026-09-26;hipo:2026-09-27;hipo:2026-09-28;hipo:2026-09-29;hipo:2026-09-30;hipo:2026-10-01;hipo:2026-10-02;hipo:2026-10-03;hipo:2026-10-04;hipo:2026-10-05;hipo:2026-10-06;hipo:2026-10-07;hipo:2026-10-08;hipo:2026-10-09;hipo:2026-10-10,23,0,fetch-error:SSLError,lidapoly.com,
Shanghai Lixin University of Commerce,lixin.edu.cn,university/college,2026-09-21,Inaccessible,hipo:2026-09-17;hipo:2026-09-18;hipo:2026-09-19;hipo:2026-09-20;hipo:2026-09-21;hipo:2026-09-22;hipo:2026-09-23;hipo:2026-09-24;hipo:2026-09-25;hipo:2026-09-26;hipo:2026-09-27;hipo:2026-09-28;hipo:2026-09-29;hipo:2026-09-30;hipo:2026-10-01;hipo:2026-10-02;hipo:2026-10-03;hipo:2026-10-04;hipo:2026-10-05;hipo:2026-10-06;hipo:2026-10-07;hipo:2026-10-08;hipo:2026-10-09;hipo:2026-10-10,,0,unreachable-dns,lixin.edu.cn,
Luliang University,llhc.edu.cn,university/college,2026-10-09,Inaccessible,ror:api-p64,,0,unreachable-dns,llhc.edu.cn,
Liming Vocational University,lmu.edu.cn,university/college,2026-10-09,Inaccessible,ror:api-p64,,0,fetch-error:ConnectionError,lmu.edu.cn,
Liaoning Normal University,lnnu.edu.cn,university/college,2026-09-21,Inaccessible,hipo:2026-09-17;hipo:2026-09-18;hipo:2026-09-19;hipo:2026-09-20;hipo:2026-09-21;hipo:2026-09-22;hipo:2026-09-23;hipo:2026-09-24;hipo:2026-09-25;hipo:2026-09-26;hipo:2026-09-27;hipo:2026-09-28;hipo:2026-09-29;hipo:2026-09-30;hipo:2026-10-01;hipo:2026-10-02;hipo:2026-10-03;hipo:2026-10-04;hipo:2026-10-05;hipo:2026-10-06;hipo:2026-10-07;hipo:2026-10-08;hipo:2026-10-09;openalex:page128;hipo:2026-10-10,,0,unreachable-dns,lnnu.edu.cn,
Liaoning Technical University,lntu.edu.cn,university/college,2026-09-21,Inaccessible,hipo:2026-09-17;hipo:2026-09-18;hipo:2026-09-19;hipo:2026-09-20;hipo:2026-09-21;hipo:2026-09-22;hipo:2026-09-23;hipo:2026-09-24;hipo:2026-09-25;hipo:2026-09-26;hipo:2026-09-27;hipo:2026-09-28;hipo:2026-09-29;hipo:2026-09-30;hipo:2026-10-01;hipo:2026-10-02;hipo:2026-10-03;hipo:2026-10-04;hipo:2026-10-05;hipo:2026-10-06;hipo:2026-10-07;hipo:2026-10-08;hipo:2026-10-09;hipo:2026-10-10,,0,unreachable-dns,lntu.edu.cn,
Liaoning University,lnu.edu.cn,university/college,2026-09-21,Inaccessible,hipo:2026-09-17;hipo:2026-09-18;hipo:2026-09-19;hipo:2026-09-20;hipo:2026-09-21;hipo:2026-09-22;hipo:2026-09-23;hipo:2026-09-24;hipo:2026-09-25;hipo:2026-09-26;hipo:2026-09-27;hipo:2026-09-28;hipo:2026-09-29;hipo:2026-09-30;hipo:2026-10-01;hipo:2026-10-02;hipo:2026-10-03;hipo:2026-10-04;hipo:2026-10-05;hipo:2026-10-06;hipo:2026-10-07;hipo:2026-10-08;hipo:2026-10-09;hipo:2026-10-10,,40,low-confidence:http-2xx-html+multi-source+trusted-suffix+non-educational-content,lnu.edu.cn,
Luxun Academy of Fine Art,lumei.edu.cn,university/college,2026-09-21,Inaccessible,hipo:2026-09-17;hipo:2026-09-18;hipo:2026-09-19;hipo:2026-09-20;hipo:2026-09-21;hipo:2026-09-22;hipo:2026-09-23;hipo:2026-09-24;hipo:2026-09-25;hipo:2026-09-26;hipo:2026-09-27;hipo:2026-09-28;hipo:2026-09-29;hipo:2026-09-30;hipo:2026-10-01;hipo:2026-10-02;hipo:2026-10-03;hipo:2026-10-04;hipo:2026-10-05;hipo:2026-10-06;hipo:2026-10-07;hipo:2026-10-08;hipo:2026-10-09;hipo:2026-10-10,,0,unreachable-dns,lumei.edu.cn,
Luoyang Normal University,lynu.edu.cn,university/college,2026-10-05,Inaccessible,hipo:2026-09-20;hipo:2026-09-21;hipo:2026-09-22;hipo:2026-09-23;hipo:2026-09-24;hipo:2026-09-25;hipo:2026-09-26;hipo:2026-09-27;hipo:2026-09-28;hipo:2026-09-29;hipo:2026-09-30;hipo:2026-10-01;hipo:2026-10-02;hipo:2026-10-03;hipo:2026-10-04;hipo:2026-10-05;hipo:2026-10-06;hipo:2026-10-07;hipo:2026-10-08;hipo:2026-10-09;hipo:2026-10-10,,0,unreachable-dns,lynu.edu.cn,
Luzhou Medical College,lzmc.edu.cn,university/college,2026-09-21,Inaccessible,hipo:2026-09-17;hipo:2026-09-18;hipo:2026-09-19;hipo:2026-09-20;hipo:2026-09-21;hipo:2026-09-22;hipo:2026-09-23;hipo:2026-09-24;hipo:2026-09-25;hipo:2026-09-26;hipo:2026-09-27;hipo:2026-09-28;hipo:2026-09-29;hipo:2026-09-30;hipo:2026-10-01;hipo:2026-10-02;hipo:2026-10-03;hipo:2026-10-04;hipo:2026-10-05;hipo:2026-10-06;hipo:2026-10-07;hipo:2026-10-08;hipo:2026-10-09;hipo:2026-10-10,,0,unreachable-dns,lzmc.edu.cn,
Lanzhou University,lzu.edu.cn,university/college,2026-09-18,Inaccessible,openalex:page21;hipo:2026-09-17;hipo:2026-09-18;hipo:2026-09-19;hipo:2026-09-20;hipo:2026-09-21;hipo:2026-09-22;hipo:2026-09-23;hipo:2026-09-24;hipo:2026-09-25;hipo:2026-09-26;hipo:2026-09-27;hipo:2026-09-28;hipo:2026-09-29;hipo:2026-09-30;hipo:2026-10-01;hipo:2026-10-02;hipo:2026-10-03;hipo:2026-10-04;hipo:2026-10-05;hipo:2026-10-06;hipo:2026-10-07;hipo:2026-10-08;hipo:2026-10-09;hipo:2026-10-10,,0,unreachable-dns,,
Luzhou Vocational and Technical College,lzy.edu.cn,university/college,2026-10-07,Inaccessible,wikidata:P856,,40,low-confidence:http-2xx-html+trusted-suffix+substantial-content+non-educational-content,lzy.edu.cn,zh-cn
Minnan University of Science and Technology,mnust.cn,university/college,2026-10-09,Inaccessible,ror:api-p64,,0,unreachable-dns,mnust.cn,
Nankai University,nankai.edu.cn,university/college,2026-09-18,Inaccessible,openalex:page19,,,,,
Ningbo College of Health Sciences,nbchs.net,university/college,2026-09-17,Inaccessible,ror:api-p17,21,0,unreachable-dns,,
New Huadu Business School,nbs.edu.cn,university/college,2026-10-08,Inaccessible,ror:api-p2,,0,fetch-error:ConnectionError,nbs.edu.cn,
Ningbo University,nbu.edu.cn,university/college,2026-09-21,Inaccessible,hipo:2026-09-17;hipo:2026-09-18;hipo:2026-09-19;hipo:2026-09-20;hipo:2026-09-21;hipo:2026-09-22;hipo:2026-09-23;hipo:2026-09-24;hipo:2026-09-25;hipo:2026-09-26;hipo:2026-09-27;hipo:2026-09-28;hipo:2026-09-29;hipo:2026-09-30;hipo:2026-10-01;hipo:2026-10-02;hipo:2026-10-03;hipo:2026-10-04;hipo:2026-10-05;hipo:2026-10-06;hipo:2026-10-07;hipo:2026-10-08;hipo:2026-10-09;hipo:2026-10-10,,0,unreachable-dns,nbu.edu.cn,
Ningbo University of Technology,nbut.edu.cn,university/college,2026-09-21,Inaccessible,hipo:2026-09-17;hipo:2026-09-18;hipo:2026-09-19;hipo:2026-09-20;hipo:2026-09-21;hipo:2026-09-22;hipo:2026-09-23;hipo:2026-09-24;hipo:2026-09-25;hipo:2026-09-26;hipo:2026-09-27;hipo:2026-09-28;hipo:2026-09-29;hipo:2026-09-30;hipo:2026-10-01;hipo:2026-10-02;hipo:2026-10-03;hipo:2026-10-04;hipo:2026-10-05;hipo:2026-10-06;hipo:2026-10-07;hipo:2026-10-08;hipo:2026-10-09;hipo:2026-10-10,,0,unreachable-dns,nbut.edu.cn,
North China Electric Power University,ncepubj.edu.cn,university/college,2026-09-21,Inaccessible,hipo:2026-09-17;hipo:2026-09-18;hipo:2026-09-19;hipo:2026-09-20;hipo:2026-09-21;hipo:2026-09-22;hipo:2026-09-23;hipo:2026-09-24;hipo:2026-09-25;hipo:2026-09-26;hipo:2026-09-27;hipo:2026-09-28;hipo:2026-09-29;hipo:2026-09-30;hipo:2026-10-01;hipo:2026-10-02;hipo:2026-10-03;hipo:2026-10-04;hipo:2026-10-05;hipo:2026-10-06;hipo:2026-10-07;hipo:2026-10-08;hipo:2026-10-09;hipo:2026-10-10,,0,unreachable-dns,ncepubj.edu.cn,
Nanchang Institute of Science & Technology,ncgxy.com,university/college,2026-10-09,Inaccessible,ror:api-p66,15,0,unreachable-dns,ncgxy.com,
Nanchang University,ncu.edu.cn,university/college,2026-09-21,Inaccessible,hipo:2026-09-17;hipo:2026-09-18;hipo:2026-09-19;openalex:page32;hipo:2026-09-20;hipo:2026-09-21;hipo:2026-09-22;hipo:2026-09-23;hipo:2026-09-24;hipo:2026-09-25;hipo:2026-09-26;hipo:2026-09-27;hipo:2026-09-28;hipo:2026-09-29;hipo:2026-09-30;hipo:2026-10-01;hipo:2026-10-02;hipo:2026-10-03;hipo:2026-10-04;hipo:2026-10-05;hipo:2026-10-06;hipo:2026-10-07;hipo:2026-10-08;hipo:2026-10-09;hipo:2026-10-10,,0,unreachable-dns,ncu.edu.cn,
North China University of Technology,ncut.edu.cn,university/college,2026-09-21,Active,hipo:2026-09-17;hipo:2026-09-18;hipo:2026-09-19;hipo:2026-09-20;hipo:2026-09-21;hipo:2026-09-22;hipo:2026-09-23;hipo:2026-09-24;hipo:2026-09-25;hipo:2026-09-26;hipo:2026-09-27;hipo:2026-09-28;hipo:2026-09-29;hipo:2026-09-30;hipo:2026-10-01;hipo:2026-10-02;hipo:2026-10-03;hipo:2026-10-04;hipo:2026-10-05;hipo:2026-10-06;hipo:2026-10-07;hipo:2026-10-08;hipo:2026-10-09;hipo:2026-10-10,,80,http-2xx-html+multi-source+edu-keywords+trusted-suffix,ncut.edu.cn,
Northeast Agricultural University,neau.edu.cn,university/college,2026-09-21,Inaccessible,hipo:2026-09-17;hipo:2026-09-18;hipo:2026-09-19;hipo:2026-09-20;hipo:2026-09-21;hipo:2026-09-22;hipo:2026-09-23;hipo:2026-09-24;hipo:2026-09-25;hipo:2026-09-26;hipo:2026-09-27;openalex:page75;hipo:2026-09-28;hipo:2026-09-29;hipo:2026-09-30;hipo:2026-10-01;hipo:2026-10-02;hipo:2026-10-03;hipo:2026-10-04;hipo:2026-10-05;hipo:2026-10-06;hipo:2026-10-07;hipo:2026-10-08;hipo:2026-10-09;hipo:2026-10-10,,0,unreachable-dns,neau.edu.cn,
Northeast Forest University,nefu.edu.cn,university/college,2026-09-21,Inaccessible,hipo:2026-09-17;hipo:2026-09-18;hipo:2026-09-19;hipo:2026-09-20;hipo:2026-09-21;hipo:2026-09-22;hipo:2026-09-23;hipo:2026-09-24;hipo:2026-09-25;openalex:page64;hipo:2026-09-26;hipo:2026-09-27;hipo:2026-09-28;hipo:2026-09-29;hipo:2026-09-30;hipo:2026-10-01;hipo:2026-10-02;hipo:2026-10-03;wikidata:P856;hipo:2026-10-04;hipo:2026-10-05;hipo:2026-10-06;hipo:2026-10-07;hipo:2026-10-08;hipo:2026-10-09;hipo:2026-10-10,,0,unreachable-dns,nefu.edu.cn,
Neijiang Teacher University,neijtc.edu.cn,university/college,2026-09-21,Inaccessible,hipo:2026-09-17;hipo:2026-09-18;hipo:2026-09-19;hipo:2026-09-20;hipo:2026-09-21;hipo:2026-09-22;hipo:2026-09-23;hipo:2026-09-24;hipo:2026-09-25;hipo:2026-09-26;hipo:2026-09-27;hipo:2026-09-28;hipo:2026-09-29;hipo:2026-09-30;hipo:2026-10-01;hipo:2026-10-02;hipo:2026-10-03;hipo:2026-10-04;hipo:2026-10-05;hipo:2026-10-06;hipo:2026-10-07;hipo:2026-10-08;hipo:2026-10-09;hipo:2026-10-10,,0,unreachable-dns,neijtc.edu.cn,
Northeast Normal University,nenu.edu.cn,university/college,2026-09-21,Inaccessible,hipo:2026-09-17;hipo:2026-09-18;hipo:2026-09-19;hipo:2026-09-20;hipo:2026-09-21;hipo:2026-09-22;hipo:2026-09-23;hipo:2026-09-24;hipo:2026-09-25;openalex:page63;hipo:2026-09-26;hipo:2026-09-27;hipo:2026-09-28;hipo:2026-09-29;hipo:2026-09-30;hipo:2026-10-01;hipo:2026-10-02;hipo:2026-10-03;hipo:2026-10-04;hipo:2026-10-05;hipo:2026-10-06;hipo:2026-10-07;hipo:2026-10-08;hipo:2026-10-09;hipo:2026-10-10,,0,unreachable-dns,nenu.edu.cn,
Northeastern University,neu.edu.cn,university/college,2026-09-21,Active,hipo:2026-09-17;hipo:2026-09-18;openalex:page25;hipo:2026-09-19;hipo:2026-09-20;hipo:2026-09-21;hipo:2026-09-22;hipo:2026-09-23;hipo:2026-09-24;hipo:2026-09-25;hipo:2026-09-26;hipo:2026-09-27;hipo:2026-09-28;hipo:2026-09-29;hipo:2026-09-30;hipo:2026-10-01;hipo:2026-10-02;hipo:2026-10-03;hipo:2026-10-04;hipo:2026-10-05;hipo:2026-10-06;hipo:2026-10-07;hipo:2026-10-08;hipo:2026-10-09;hipo:2026-10-10,,90,http-2xx-html+multi-source+edu-keywords+structure+substantial-content,neu.edu.cn,
Northeast University at Qinhuangdao Campus,neuq.edu.cn,university/college,2026-09-21,Inaccessible,hipo:2026-09-17;hipo:2026-09-18;hipo:2026-09-19;hipo:2026-09-20;hipo:2026-09-21;hipo:2026-09-22;hipo:2026-09-23;hipo:2026-09-24;hipo:2026-09-25;hipo:2026-09-26;hipo:2026-09-27;hipo:2026-09-28;hipo:2026-09-29;hipo:2026-09-30;hipo:2026-10-01;hipo:2026-10-02;hipo:2026-10-03;hipo:2026-10-04;hipo:2026-10-05;hipo:2026-10-06;hipo:2026-10-07;hipo:2026-10-08;hipo:2026-10-09;hipo:2026-10-10,,5,http-403,neuq.edu.cn,
Dalian Neusoft University of Information,neusoft.edu.cn,university/college,2026-10-05,Inaccessible,hipo:2026-09-20;hipo:2026-09-21;hipo:2026-09-22;hipo:2026-09-23;hipo:2026-09-24;hipo:2026-09-25;hipo:2026-09-26;hipo:2026-09-27;hipo:2026-09-28;hipo:2026-09-29;hipo:2026-09-30;hipo:2026-10-01;hipo:2026-10-02;hipo:2026-10-03;hipo:2026-10-04;hipo:2026-10-05;hipo:2026-10-06;hipo:2026-10-07;hipo:2026-10-08;hipo:2026-10-09;hipo:2026-10-10,,0,fetch-error:ConnectTimeout,neusoft.edu.cn,
Beijing New Asia University,newasia.bj.edu.cn,university/college,2026-09-21,Inaccessible,hipo:2026-09-17;hipo:2026-09-18;hipo:2026-09-19;hipo:2026-09-20;hipo:2026-09-21;hipo:2026-09-22;hipo:2026-09-23;hipo:2026-09-24;hipo:2026-09-25;hipo:2026-09-26;hipo:2026-09-27;hipo:2026-09-28;hipo:2026-09-29;hipo:2026-09-30;hipo:2026-10-01;hipo:2026-10-02;hipo:2026-10-03;hipo:2026-10-04;hipo:2026-10-05;hipo:2026-10-06;hipo:2026-10-07;hipo:2026-10-08;hipo:2026-10-09;hipo:2026-10-10,,0,unreachable-dns,newasia.bj.edu.cn,
Nanjing Institute of Mechatronic Technology,nimt.cn,university/college,2026-10-09,Inaccessible,ror:api-p66,,0,fetch-error:ConnectTimeout,nimt.cn,
Nanjing Agricultural University,njau.edu.cn,university/college,2026-09-21,Inaccessible,hipo:2026-09-17;hipo:2026-09-18;hipo:2026-09-19;hipo:2026-09-20;hipo:2026-09-21;hipo:2026-09-22;hipo:2026-09-23;hipo:2026-09-24;hipo:2026-09-25;hipo:2026-09-26;hipo:2026-09-27;hipo:2026-09-28;hipo:2026-09-29;hipo:2026-09-30;hipo:2026-10-01;hipo:2026-10-02;hipo:2026-10-03;hipo:2026-10-04;hipo:2026-10-05;hipo:2026-10-06;hipo:2026-10-07;hipo:2026-10-08;hipo:2026-10-09;hipo:2026-10-10,,5,http-502,njau.edu.cn,
Nanjing Forestry University,njfu.edu.cn,university/college,2026-09-21,Inaccessible,hipo:2026-09-17;hipo:2026-09-18;hipo:2026-09-19;hipo:2026-09-20;hipo:2026-09-21;hipo:2026-09-22;openalex:page50;hipo:2026-09-23;hipo:2026-09-24;hipo:2026-09-25;hipo:2026-09-26;hipo:2026-09-27;hipo:2026-09-28;hipo:2026-09-29;hipo:2026-09-30;hipo:2026-10-01;hipo:2026-10-02;hipo:2026-10-03;hipo:2026-10-04;hipo:2026-10-05;hipo:2026-10-06;hipo:2026-10-07;hipo:2026-10-08;hipo:2026-10-09;hipo:2026-10-10,,0,fetch-error:ConnectTimeout,njfu.edu.cn,
Nanjing Institute of Meteorology,njim.edu.cn,university/college,2026-09-21,Inaccessible,hipo:2026-09-17;hipo:2026-09-18;hipo:2026-09-19;hipo:2026-09-20;hipo:2026-09-21;hipo:2026-09-22;hipo:2026-09-23;hipo:2026-09-24;hipo:2026-09-25;hipo:2026-09-26;hipo:2026-09-27;hipo:2026-09-28;hipo:2026-09-29;hipo:2026-09-30;hipo:2026-10-01;hipo:2026-10-02;hipo:2026-10-03;hipo:2026-10-04;hipo:2026-10-05;hipo:2026-10-06;hipo:2026-10-07;hipo:2026-10-08;hipo:2026-10-09;hipo:2026-10-10,,0,unreachable-dns,njim.edu.cn,
Nanjing Medical University,njmu.edu.cn,university/college,2026-09-18,Inaccessible,openalex:page21;hipo:2026-09-17;hipo:2026-09-18;hipo:2026-09-19;hipo:2026-09-20;hipo:2026-09-21;hipo:2026-09-22;hipo:2026-09-23;hipo:2026-09-24;hipo:2026-09-25;hipo:2026-09-26;hipo:2026-09-27;hipo:2026-09-28;hipo:2026-09-29;hipo:2026-09-30;hipo:2026-10-01;hipo:2026-10-02;hipo:2026-10-03;hipo:2026-10-04;hipo:2026-10-05;hipo:2026-10-06;hipo:2026-10-07;hipo:2026-10-08;hipo:2026-10-09;hipo:2026-10-10,,0,unreachable-dns,,
Nanjing Normal University,njnu.edu.cn,university/college,2026-09-21,Inaccessible,hipo:2026-09-17;hipo:2026-09-18;hipo:2026-09-19;hipo:2026-09-20;hipo:2026-09-21;openalex:page45;hipo:2026-09-22;hipo:2026-09-23;hipo:2026-09-24;hipo:2026-09-25;hipo:2026-09-26;hipo:2026-09-27;hipo:2026-09-28;hipo:2026-09-29;hipo:2026-09-30;hipo:2026-10-01;hipo:2026-10-02;hipo:2026-10-03;hipo:2026-10-04;hipo:2026-10-05;hipo:2026-10-06;hipo:2026-10-07;hipo:2026-10-08;hipo:2026-10-09;hipo:2026-10-10,,0,unreachable-dns,njnu.edu.cn,
Northern Jiaotong University,njtu.edu.cn,university/college,2026-09-21,Inaccessible,hipo:2026-09-17;hipo:2026-09-18;hipo:2026-09-19;hipo:2026-09-20;hipo:2026-09-21;hipo:2026-09-22;hipo:2026-09-23;hipo:2026-09-24;hipo:2026-09-25;hipo:2026-09-26;hipo:2026-09-27;hipo:2026-09-28;hipo:2026-09-29;hipo:2026-09-30;hipo:2026-10-01;hipo:2026-10-02;hipo:2026-10-03;hipo:2026-10-04;hipo:2026-10-05;hipo:2026-10-06;hipo:2026-10-07;hipo:2026-10-08;hipo:2026-10-09;hipo:2026-10-10,,0,fetch-error:SSLError,njtu.edu.cn,
Nanjing University,nju.edu.cn,university/college,2026-09-16,Inaccessible,openalex:page10;hipo:2026-09-17;hipo:2026-09-18;hipo:2026-09-19;hipo:2026-09-20;hipo:2026-09-21;hipo:2026-09-22;hipo:2026-09-23;hipo:2026-09-24;hipo:2026-09-25;hipo:2026-09-26;hipo:2026-09-27;hipo:2026-09-28;hipo:2026-09-29;hipo:2026-09-30;hipo:2026-10-01;hipo:2026-10-02;hipo:2026-10-03;hipo:2026-10-04;hipo:2026-10-05;hipo:2026-10-06;hipo:2026-10-07;hipo:2026-10-08;hipo:2026-10-09;hipo:2026-10-10,,0,unreachable-dns,,
Nanjing University of Chemical Technology,njuct.edu.cn,university/college,2026-09-21,Inaccessible,hipo:2026-09-17;hipo:2026-09-18;hipo:2026-09-19;hipo:2026-09-20;hipo:2026-09-21;hipo:2026-09-22;hipo:2026-09-23;hipo:2026-09-24;hipo:2026-09-25;hipo:2026-09-26;hipo:2026-09-27;hipo:2026-09-28;hipo:2026-09-29;hipo:2026-09-30;hipo:2026-10-01;hipo:2026-10-02;hipo:2026-10-03;hipo:2026-10-04;hipo:2026-10-05;hipo:2026-10-06;hipo:2026-10-07;hipo:2026-10-08;hipo:2026-10-09;hipo:2026-10-10,,0,unreachable-dns,njuct.edu.cn,
Nanjing University of Economics,njue.edu.cn,university/college,2026-09-21,Inaccessible,hipo:2026-09-17;hipo:2026-09-18;hipo:2026-09-19;hipo:2026-09-20;hipo:2026-09-21;hipo:2026-09-22;hipo:2026-09-23;hipo:2026-09-24;hipo:2026-09-25;hipo:2026-09-26;hipo:2026-09-27;hipo:2026-09-28;hipo:2026-09-29;hipo:2026-09-30;hipo:2026-10-01;hipo:2026-10-02;hipo:2026-10-03;hipo:2026-10-04;hipo:2026-10-05;hipo:2026-10-06;hipo:2026-10-07;hipo:2026-10-08;hipo:2026-10-09;hipo:2026-10-10,,0,unreachable-dns,njue.edu.cn,
Nanjing University of Posts and Telecommunications,njupt.edu.cn,university/college,2026-09-21,Inaccessible,hipo:2026-09-17;hipo:2026-09-18;hipo:2026-09-19;hipo:2026-09-20;hipo:2026-09-21;hipo:2026-09-22;hipo:2026-09-23;openalex:page54;hipo:2026-09-24;hipo:2026-09-25;hipo:2026-09-26;hipo:2026-09-27;hipo:2026-09-28;hipo:2026-09-29;hipo:2026-09-30;hipo:2026-10-01;hipo:2026-10-02;hipo:2026-10-03;hipo:2026-10-04;hipo:2026-10-05;hipo:2026-10-06;hipo:2026-10-07;hipo:2026-10-08;hipo:2026-10-09;hipo:2026-10-10,,0,fetch-error:ConnectionError,njupt.edu.cn,
Nanjing University of Science and Technology,njust.edu.cn,university/college,2026-09-21,Inaccessible,hipo:2026-09-17;hipo:2026-09-18;hipo:2026-09-19;hipo:2026-09-20;hipo:2026-09-21;hipo:2026-09-22;hipo:2026-09-23;hipo:2026-09-24;hipo:2026-09-25;hipo:2026-09-26;hipo:2026-09-27;hipo:2026-09-28;hipo:2026-09-29;hipo:2026-09-30;hipo:2026-10-01;hipo:2026-10-02;hipo:2026-10-03;hipo:2026-10-04;hipo:2026-10-05;hipo:2026-10-06;hipo:2026-10-07;hipo:2026-10-08;hipo:2026-10-09;hipo:2026-10-10,,0,unreachable-dns,njust.edu.cn,
Nanjing University of Traditional Chinese Medicine,njutcm.edu.cn,university/college,2026-09-21,Inaccessible,hipo:2026-09-17;hipo:2026-09-18;hipo:2026-09-19;hipo:2026-09-20;hipo:2026-09-21;hipo:2026-09-22;hipo:2026-09-23;hipo:2026-09-24;hipo:2026-09-25;hipo:2026-09-26;hipo:2026-09-27;hipo:2026-09-28;hipo:2026-09-29;hipo:2026-09-30;hipo:2026-10-01;hipo:2026-10-02;hipo:2026-10-03;hipo:2026-10-04;hipo:2026-10-05;wikidata:P856;hipo:2026-10-06;hipo:2026-10-07;hipo:2026-10-08;hipo:2026-10-09;hipo:2026-10-10,,0,unreachable-dns,njutcm.edu.cn,
Nanjing Union Theological Seminary,njuts.cn,university/college,2026-09-21,Inaccessible,hipo:2026-09-17;hipo:2026-09-18;hipo:2026-09-19;hipo:2026-09-20;hipo:2026-09-21;hipo:2026-09-22;hipo:2026-09-23;hipo:2026-09-24;hipo:2026-09-25;hipo:2026-09-26;hipo:2026-09-27;hipo:2026-09-28;hipo:2026-09-29;hipo:2026-09-30;hipo:2026-10-01;hipo:2026-10-02;hipo:2026-10-03;hipo:2026-10-04;hipo:2026-10-05;hipo:2026-10-06;hipo:2026-10-07;hipo:2026-10-08;hipo:2026-10-09;hipo:2026-10-10,,0,fetch-error:ConnectTimeout,njuts.cn,
Nankai University,nku.nankai.edu.cn,university/college,2026-09-21,Inaccessible,hipo:2026-09-17;hipo:2026-09-18;hipo:2026-09-19;hipo:2026-09-20;hipo:2026-09-21;hipo:2026-09-22;hipo:2026-09-23;hipo:2026-09-24;hipo:2026-09-25;hipo:2026-09-26;hipo:2026-09-27;hipo:2026-09-28;hipo:2026-09-29;hipo:2026-09-30;hipo:2026-10-01;hipo:2026-10-02;hipo:2026-10-03;hipo:2026-10-04;hipo:2026-10-05;hipo:2026-10-06;hipo:2026-10-07;hipo:2026-10-08;hipo:2026-10-09;hipo:2026-10-10,,0,unreachable-dns,nku.nankai.edu.cn,
The University of Nottingham Ningbo China,nottingham.edu.cn,university/college,2026-09-21,Inaccessible,hipo:2026-09-17;hipo:2026-09-18;hipo:2026-09-19;hipo:2026-09-20;hipo:2026-09-21;hipo:2026-09-22;hipo:2026-09-23;hipo:2026-09-24;hipo:2026-09-25;hipo:2026-09-26;hipo:2026-09-27;hipo:2026-09-28;hipo:2026-09-29;wikidata:P856;hipo:2026-09-30;hipo:2026-10-01;hipo:2026-10-02;hipo:2026-10-03;hipo:2026-10-04;hipo:2026-10-05;hipo:2026-10-06;hipo:2026-10-07;hipo:2026-10-08;hipo:2026-10-09;hipo:2026-10-10,,0,unreachable-dns,nottingham.edu.cn,
Northern Sichuan Medical College,nsmc.edu.cn,university/college,2026-09-21,Inaccessible,hipo:2026-09-17;hipo:2026-09-18;hipo:2026-09-19;hipo:2026-09-20;hipo:2026-09-21;hipo:2026-09-22;hipo:2026-09-23;hipo:2026-09-24;hipo:2026-09-25;hipo:2026-09-26;hipo:2026-09-27;hipo:2026-09-28;hipo:2026-09-29;hipo:2026-09-30;hipo:2026-10-01;hipo:2026-10-02;hipo:2026-10-03;hipo:2026-10-04;hipo:2026-10-05;hipo:2026-10-06;hipo:2026-10-07;hipo:2026-10-08;hipo:2026-10-09;hipo:2026-10-10,,0,unreachable-dns,nsmc.edu.cn,
Nantong University,ntu.edu.cn,university/college,2026-10-06,Inaccessible,openalex:page44,,0,unreachable-dns,ntu.edu.cn,
Nanjing University of Aeronautics and Astronautics,nuaa.edu.cn,university/college,2026-09-21,Active,hipo:2026-09-17;hipo:2026-09-18;openalex:page25;hipo:2026-09-19;hipo:2026-09-20;hipo:2026-09-21;hipo:2026-09-22;hipo:2026-09-23;hipo:2026-09-24;hipo:2026-09-25;hipo:2026-09-26;hipo:2026-09-27;hipo:2026-09-28;hipo:2026-09-29;hipo:2026-09-30;hipo:2026-10-01;hipo:2026-10-02;hipo:2026-10-03;hipo:2026-10-04;hipo:2026-10-05;hipo:2026-10-06;hipo:2026-10-07;hipo:2026-10-08;hipo:2026-10-09;hipo:2026-10-10,,90,http-2xx-html+multi-source+edu-keywords+trusted-suffix+substantial-content,nuaa.edu.cn,
North University of China,nuc.edu.cn,university/college,2026-10-08,Inaccessible,wikidata:P856;openalex:page83,,0,fetch-error:ConnectionError,nuc.edu.cn,
National University of Defense Technology,nudt.edu.cn,university/college,2026-09-21,Inaccessible,hipo:2026-09-17;hipo:2026-09-18;hipo:2026-09-19;hipo:2026-09-20;hipo:2026-09-21;hipo:2026-09-22;hipo:2026-09-23;hipo:2026-09-24;hipo:2026-09-25;hipo:2026-09-26;hipo:2026-09-27;hipo:2026-09-28;hipo:2026-09-29;hipo:2026-09-30;hipo:2026-10-01;hipo:2026-10-02;hipo:2026-10-03;hipo:2026-10-04;hipo:2026-10-05;hipo:2026-10-06;hipo:2026-10-07;hipo:2026-10-08;hipo:2026-10-09;hipo:2026-10-10,,0,unreachable-dns,nudt.edu.cn,
Nanjing University of Information Science and Technology,nuist.edu.cn,university/college,2026-10-05,Inaccessible,hipo:2026-09-20;hipo:2026-09-21;hipo:2026-09-22;openalex:page48;hipo:2026-09-23;hipo:2026-09-24;hipo:2026-09-25;hipo:2026-09-26;hipo:2026-09-27;hipo:2026-09-28;hipo:2026-09-29;hipo:2026-09-30;hipo:2026-10-01;hipo:2026-10-02;hipo:2026-10-03;hipo:2026-10-04;hipo:2026-10-05;hipo:2026-10-06;hipo:2026-10-07;hipo:2026-10-08;hipo:2026-10-09;hipo:2026-10-10,,0,fetch-error:ConnectTimeout,nuist.edu.cn,
Northwest A&F University,nwau.edu.cn,university/college,2026-09-21,Inaccessible,hipo:2026-09-17;hipo:2026-09-18;hipo:2026-09-19;hipo:2026-09-20;hipo:2026-09-21;hipo:2026-09-22;hipo:2026-09-23;hipo:2026-09-24;hipo:2026-09-25;hipo:2026-09-26;hipo:2026-09-27;hipo:2026-09-28;hipo:2026-09-29;hipo:2026-09-30;hipo:2026-10-01;hipo:2026-10-02;hipo:2026-10-03;hipo:2026-10-04;hipo:2026-10-05;hipo:2026-10-06;hipo:2026-10-07;hipo:2026-10-08;hipo:2026-10-09;hipo:2026-10-10,,0,unreachable-dns,nwau.edu.cn,
Northwest Normal University Lanzhou,nwnu.edu.cn,university/college,2026-09-21,Inaccessible,hipo:2026-09-17;hipo:2026-09-18;hipo:2026-09-19;hipo:2026-09-20;hipo:2026-09-21;hipo:2026-09-22;hipo:2026-09-23;hipo:2026-09-24;hipo:2026-09-25;hipo:2026-09-26;hipo:2026-09-27;hipo:2026-09-28;hipo:2026-09-29;openalex:page81;hipo:2026-09-30;hipo:2026-10-01;hipo:2026-10-02;hipo:2026-10-03;hipo:2026-10-04;hipo:2026-10-05;hipo:2026-10-06;hipo:2026-10-07;hipo:2026-10-08;hipo:2026-10-09;hipo:2026-10-10,,0,unreachable-dns,nwnu.edu.cn,
Northwestern Polytechnical University,nwpu.edu.cn,university/college,2026-09-17,Inaccessible,openalex:page15;hipo:2026-09-17;hipo:2026-09-18;hipo:2026-09-19;hipo:2026-09-20;hipo:2026-09-21;hipo:2026-09-22;hipo:2026-09-23;hipo:2026-09-24;hipo:2026-09-25;hipo:2026-09-26;hipo:2026-09-27;hipo:2026-09-28;hipo:2026-09-29;hipo:2026-09-30;hipo:2026-10-01;hipo:2026-10-02;hipo:2026-10-03;hipo:2026-10-04;hipo:2026-10-05;hipo:2026-10-06;hipo:2026-10-07;hipo:2026-10-08;hipo:2026-10-09;hipo:2026-10-10,,,,,
Northwest University Xi'an,nwu.edu.cn,university/college,2026-09-22,Inaccessible,hipo:2026-09-17;hipo:2026-09-18;hipo:2026-09-19;hipo:2026-09-20;hipo:2026-09-21;hipo:2026-09-22;hipo:2026-09-23;hipo:2026-09-24;hipo:2026-09-25;hipo:2026-09-26;hipo:2026-09-27;hipo:2026-09-28;hipo:2026-09-29;hipo:2026-09-30;hipo:2026-10-01;hipo:2026-10-02;hipo:2026-10-03;hipo:2026-10-04;hipo:2026-10-05;hipo:2026-10-06;hipo:2026-10-07;hipo:2026-10-08;hipo:2026-10-09;hipo:2026-10-10,,0,unreachable-dns,nwu.edu.cn,
Ningxia Medical College,nxmc.edu.cn,university/college,2026-09-22,Inaccessible,hipo:2026-09-17;hipo:2026-09-18;hipo:2026-09-19;hipo:2026-09-20;hipo:2026-09-21;hipo:2026-09-22;hipo:2026-09-23;hipo:2026-09-24;hipo:2026-09-25;hipo:2026-09-26;hipo:2026-09-27;hipo:2026-09-28;hipo:2026-09-29;hipo:2026-09-30;hipo:2026-10-01;hipo:2026-10-02;hipo:2026-10-03;hipo:2026-10-04;hipo:2026-10-05;hipo:2026-10-06;hipo:2026-10-07;hipo:2026-10-08;hipo:2026-10-09;hipo:2026-10-10,,0,unreachable-dns,nxmc.edu.cn,
Ningxia University,nxu.edu.cn,university/college,2026-09-22,Inaccessible,hipo:2026-09-17;hipo:2026-09-18;hipo:2026-09-19;hipo:2026-09-20;hipo:2026-09-21;hipo:2026-09-22;hipo:2026-09-23;hipo:2026-09-24;hipo:2026-09-25;hipo:2026-09-26;hipo:2026-09-27;hipo:2026-09-28;hipo:2026-09-29;hipo:2026-09-30;hipo:2026-10-01;hipo:2026-10-02;hipo:2026-10-03;openalex:page104;hipo:2026-10-04;hipo:2026-10-05;hipo:2026-10-06;hipo:2026-10-07;hipo:2026-10-08;hipo:2026-10-09;hipo:2026-10-10,,5,http-403,nxu.edu.cn,
Ocean University of China,ouc.edu.cn,university/college,2026-09-22,Inaccessible,hipo:2026-09-17;hipo:2026-09-18;hipo:2026-09-19;openalex:page34;hipo:2026-09-20;hipo:2026-09-21;hipo:2026-09-22;hipo:2026-09-23;hipo:2026-09-24;hipo:2026-09-25;hipo:2026-09-26;hipo:2026-09-27;hipo:2026-09-28;hipo:2026-09-29;wikidata:P856;hipo:2026-09-30;hipo:2026-10-01;hipo:2026-10-02;hipo:2026-10-03;hipo:2026-10-04;hipo:2026-10-05;hipo:2026-10-06;hipo:2026-10-07;hipo:2026-10-08;hipo:2026-10-09;hipo:2026-10-10,,0,unreachable-dns,ouc.edu.cn,
Guangdong Peizheng College,peizheng.com.cn,university/college,2026-09-22,Inaccessible,hipo:2026-09-17;hipo:2026-09-18;hipo:2026-09-19;hipo:2026-09-20;hipo:2026-09-21;hipo:2026-09-22;hipo:2026-09-23;hipo:2026-09-24;hipo:2026-09-25;hipo:2026-09-26;hipo:2026-09-27;hipo:2026-09-28;hipo:2026-09-29;hipo:2026-09-30;hipo:2026-10-01;hipo:2026-10-02;hipo:2026-10-03;hipo:2026-10-04;hipo:2026-10-05;hipo:2026-10-06;hipo:2026-10-07;hipo:2026-10-08;hipo:2026-10-09;hipo:2026-10-10,,0,unreachable-dns,peizheng.com.cn,
Peking University,pku.edu.cn,university/college,2026-10-07,Active,openalex:page2;hipo:2026-09-17;hipo:2026-09-18;hipo:2026-09-19;hipo:2026-09-20;hipo:2026-09-21;hipo:2026-09-22;hipo:2026-09-23;hipo:2026-09-24;hipo:2026-09-25;hipo:2026-09-26;hipo:2026-09-27;hipo:2026-09-28;hipo:2026-09-29;hipo:2026-09-30;hipo:2026-10-01;hipo:2026-10-02;hipo:2026-10-03;hipo:2026-10-04;hipo:2026-10-05;hipo:2026-10-06;hipo:2026-10-07;hipo:2026-10-08;hipo:2026-10-09;hipo:2026-10-10,,90,http-2xx-html+multi-source+edu-keywords+structure+substantial-content,pku.edu.cn,
Chinese Academy of Medical Sciences & Peking Union Medical College,pumc.edu.cn,university/college,2026-09-29,Inaccessible,openalex:page9,,40,low-confidence:http-2xx-html+trusted-suffix+substantial-content+non-educational-content,pumc.edu.cn,
Panzhihua University,pzhu.edu.cn,university/college,2026-09-22,Inaccessible,hipo:2026-09-17;hipo:2026-09-18;hipo:2026-09-19;hipo:2026-09-20;hipo:2026-09-21;hipo:2026-09-22;hipo:2026-09-23;hipo:2026-09-24;hipo:2026-09-25;hipo:2026-09-26;hipo:2026-09-27;hipo:2026-09-28;hipo:2026-09-29;hipo:2026-09-30;hipo:2026-10-01;hipo:2026-10-02;hipo:2026-10-03;hipo:2026-10-04;hipo:2026-10-05;hipo:2026-10-06;hipo:2026-10-07;hipo:2026-10-08;hipo:2026-10-09;hipo:2026-10-10,,0,unreachable-dns,pzhu.edu.cn,
Qingdao University,qdu.edu.cn,university/college,2026-09-22,Inaccessible,hipo:2026-09-17;hipo:2026-09-18;hipo:2026-09-19;hipo:2026-09-20;hipo:2026-09-21;hipo:2026-09-22;hipo:2026-09-23;hipo:2026-09-24;hipo:2026-09-25;hipo:2026-09-26;hipo:2026-09-27;hipo:2026-09-28;hipo:2026-09-29;hipo:2026-09-30;hipo:2026-10-01;hipo:2026-10-02;hipo:2026-10-03;hipo:2026-10-04;hipo:2026-10-05;hipo:2026-10-06;hipo:2026-10-07;hipo:2026-10-08;hipo:2026-10-09;hipo:2026-10-10,,0,unreachable-dns,qdu.edu.cn,
Qufu Normal University,qfnu.edu.cn,university/college,2026-09-22,Inaccessible,hipo:2026-09-17;hipo:2026-09-18;hipo:2026-09-19;hipo:2026-09-20;hipo:2026-09-21;hipo:2026-09-22;hipo:2026-09-23;hipo:2026-09-24;hipo:2026-09-25;hipo:2026-09-26;hipo:2026-09-27;hipo:2026-09-28;hipo:2026-09-29;hipo:2026-09-30;hipo:2026-10-01;openalex:page93;hipo:2026-10-02;hipo:2026-10-03;hipo:2026-10-04;hipo:2026-10-05;hipo:2026-10-06;hipo:2026-10-07;hipo:2026-10-08;hipo:2026-10-09;hipo:2026-10-10,,5,http-502,qfnu.edu.cn,
Qinghai Normal University,qhnu.edu.cn,university/college,2026-09-22,Inaccessible,hipo:2026-09-17;hipo:2026-09-18;hipo:2026-09-19;hipo:2026-09-20;hipo:2026-09-21;hipo:2026-09-22;hipo:2026-09-23;hipo:2026-09-24;hipo:2026-09-25;hipo:2026-09-26;hipo:2026-09-27;hipo:2026-09-28;hipo:2026-09-29;hipo:2026-09-30;hipo:2026-10-01;hipo:2026-10-02;hipo:2026-10-03;hipo:2026-10-04;hipo:2026-10-05;hipo:2026-10-06;hipo:2026-10-07;hipo:2026-10-08;hipo:2026-10-09;hipo:2026-10-10,,0,unreachable-dns,qhnu.edu.cn,
Qinghai Radio & Television University,qhrtvu.edu.cn,university/college,2026-09-22,Inaccessible,hipo:2026-09-17;hipo:2026-09-18;hipo:2026-09-19;hipo:2026-09-20;hipo:2026-09-21;hipo:2026-09-22;hipo:2026-09-23;hipo:2026-09-24;hipo:2026-09-25;hipo:2026-09-26;hipo:2026-09-27;hipo:2026-09-28;hipo:2026-09-29;hipo:2026-09-30;hipo:2026-10-01;hipo:2026-10-02;hipo:2026-10-03;hipo:2026-10-04;hipo:2026-10-05;hipo:2026-10-06;hipo:2026-10-07;hipo:2026-10-08;hipo:2026-10-09;hipo:2026-10-10,,0,unreachable-dns,qhrtvu.edu.cn,
Qinghai University,qhu.edu.cn,university/college,2026-09-22,Inaccessible,hipo:2026-09-17;hipo:2026-09-18;hipo:2026-09-19;hipo:2026-09-20;hipo:2026-09-21;hipo:2026-09-22;hipo:2026-09-23;hipo:2026-09-24;hipo:2026-09-25;hipo:2026-09-26;hipo:2026-09-27;hipo:2026-09-28;hipo:2026-09-29;hipo:2026-09-30;hipo:2026-10-01;hipo:2026-10-02;hipo:2026-10-03;hipo:2026-10-04;hipo:2026-10-05;hipo:2026-10-06;hipo:2026-10-07;openalex:page121;hipo:2026-10-08;hipo:2026-10-09;hipo:2026-10-10,,0,unreachable-dns,qhu.edu.cn,
Qingdao University of Science and Technology,qust.edu.cn,university/college,2026-09-22,Inaccessible,hipo:2026-09-17;hipo:2026-09-18;hipo:2026-09-19;hipo:2026-09-20;hipo:2026-09-21;hipo:2026-09-22;hipo:2026-09-23;hipo:2026-09-24;openalex:page58;hipo:2026-09-25;hipo:2026-09-26;hipo:2026-09-27;hipo:2026-09-28;hipo:2026-09-29;hipo:2026-09-30;hipo:2026-10-01;hipo:2026-10-02;hipo:2026-10-03;hipo:2026-10-04;hipo:2026-10-05;hipo:2026-10-06;hipo:2026-10-07;hipo:2026-10-08;hipo:2026-10-09;hipo:2026-10-10,,0,unreachable-dns,qust.edu.cn,
Qiongzhou University,qzu.edu.cn,university/college,2026-09-22,Inaccessible,hipo:2026-09-17;hipo:2026-09-18;hipo:2026-09-19;hipo:2026-09-20;hipo:2026-09-21;hipo:2026-09-22;hipo:2026-09-23;hipo:2026-09-24;hipo:2026-09-25;hipo:2026-09-26;hipo:2026-09-27;hipo:2026-09-28;hipo:2026-09-29;hipo:2026-09-30;hipo:2026-10-01;hipo:2026-10-02;hipo:2026-10-03;hipo:2026-10-04;hipo:2026-10-05;hipo:2026-10-06;hipo:2026-10-07;hipo:2026-10-08;hipo:2026-10-09;hipo:2026-10-10,,0,fetch-error:ConnectionError,qzu.edu.cn,
Renmin University of China,ruc.edu.cn,university/college,2026-09-22,Inaccessible,hipo:2026-09-17;hipo:2026-09-18;hipo:2026-09-19;hipo:2026-09-20;hipo:2026-09-21;hipo:2026-09-22;hipo:2026-09-23;openalex:page52;hipo:2026-09-24;hipo:2026-09-25;hipo:2026-09-26;hipo:2026-09-27;hipo:2026-09-28;hipo:2026-09-29;hipo:2026-09-30;hipo:2026-10-01;hipo:2026-10-02;hipo:2026-10-03;hipo:2026-10-04;hipo:2026-10-05;hipo:2026-10-06;hipo:2026-10-07;hipo:2026-10-08;hipo:2026-10-09;hipo:2026-10-10,,0,fetch-error:ConnectTimeout,ruc.edu.cn,
Shanghai Sanda University,sandau.edu.cn,university/college,2026-09-22,Inaccessible,hipo:2026-09-17;hipo:2026-09-18;hipo:2026-09-19;hipo:2026-09-20;hipo:2026-09-21;hipo:2026-09-22;hipo:2026-09-23;hipo:2026-09-24;hipo:2026-09-25;hipo:2026-09-26;hipo:2026-09-27;hipo:2026-09-28;hipo:2026-09-29;hipo:2026-09-30;hipo:2026-10-01;hipo:2026-10-02;hipo:2026-10-03;hipo:2026-10-04;hipo:2026-10-05;hipo:2026-10-06;hipo:2026-10-07;hipo:2026-10-08;hipo:2026-10-09;hipo:2026-10-10,,0,unreachable-dns,sandau.edu.cn,
Chongqing Three Gorges University,sanxiau.edu.cn,university/college,2026-09-22,Inaccessible,hipo:2026-09-17;hipo:2026-09-18;hipo:2026-09-19;hipo:2026-09-20;hipo:2026-09-21;hipo:2026-09-22;hipo:2026-09-23;hipo:2026-09-24;hipo:2026-09-25;hipo:2026-09-26;hipo:2026-09-27;hipo:2026-09-28;hipo:2026-09-29;hipo:2026-09-30;hipo:2026-10-01;hipo:2026-10-02;hipo:2026-10-03;hipo:2026-10-04;hipo:2026-10-05;hipo:2026-10-06;hipo:2026-10-07;hipo:2026-10-08;hipo:2026-10-09;hipo:2026-10-10,,0,unreachable-dns,sanxiau.edu.cn,
Shanghai Business School,sbs.edu.cn,university/college,2026-09-22,Inaccessible,hipo:2026-09-17;hipo:2026-09-18;hipo:2026-09-19;hipo:2026-09-20;hipo:2026-09-21;hipo:2026-09-22;hipo:2026-09-23;hipo:2026-09-24;hipo:2026-09-25;hipo:2026-09-26;hipo:2026-09-27;hipo:2026-09-28;hipo:2026-09-29;hipo:2026-09-30;hipo:2026-10-01;hipo:2026-10-02;hipo:2026-10-03;hipo:2026-10-04;hipo:2026-10-05;hipo:2026-10-06;hipo:2026-10-07;hipo:2026-10-08;hipo:2026-10-09;hipo:2026-10-10,,0,unreachable-dns,sbs.edu.cn,
South China Agricultural University,scau.edu.cn,university/college,2026-09-22,Active,hipo:2026-09-17;hipo:2026-09-18;hipo:2026-09-19;hipo:2026-09-20;hipo:2026-09-21;hipo:2026-09-22;hipo:2026-09-23;hipo:2026-09-24;hipo:2026-09-25;hipo:2026-09-26;hipo:2026-09-27;hipo:2026-09-28;hipo:2026-09-29;hipo:2026-09-30;hipo:2026-10-01;hipo:2026-10-02;hipo:2026-10-03;hipo:2026-10-04;hipo:2026-10-05;hipo:2026-10-06;hipo:2026-10-07;hipo:2026-10-08;hipo:2026-10-09;hipo:2026-10-10,,90,http-2xx-html+multi-source+edu-keywords+trusted-suffix+substantial-content,scau.edu.cn,
South China Construction University,sccu.edu.cn,university/college,2026-09-22,Inaccessible,hipo:2026-09-17;hipo:2026-09-18;hipo:2026-09-19;hipo:2026-09-20;hipo:2026-09-21;hipo:2026-09-22;hipo:2026-09-23;hipo:2026-09-24;hipo:2026-09-25;hipo:2026-09-26;hipo:2026-09-27;hipo:2026-09-28;hipo:2026-09-29;hipo:2026-09-30;hipo:2026-10-01;hipo:2026-10-02;hipo:2026-10-03;hipo:2026-10-04;hipo:2026-10-05;hipo:2026-10-06;hipo:2026-10-07;hipo:2026-10-08;hipo:2026-10-09;hipo:2026-10-10,,0,unreachable-dns,sccu.edu.cn,
South China Normal University,scnu.edu.cn,university/college,2026-09-22,Active,hipo:2026-09-17;hipo:2026-09-18;hipo:2026-09-19;hipo:2026-09-20;hipo:2026-09-21;hipo:2026-09-22;openalex:page47;hipo:2026-09-23;hipo:2026-09-24;hipo:2026-09-25;hipo:2026-09-26;hipo:2026-09-27;hipo:2026-09-28;hipo:2026-09-29;hipo:2026-09-30;hipo:2026-10-01;hipo:2026-10-02;hipo:2026-10-03;hipo:2026-10-04;hipo:2026-10-05;hipo:2026-10-06;hipo:2026-10-07;hipo:2026-10-08;hipo:2026-10-09;hipo:2026-10-10,,90,http-2xx-html+multi-source+edu-keywords+trusted-suffix+substantial-content,scnu.edu.cn,zh-cn
Sichuan University,scu.edu.cn,university/college,2026-09-22,Inaccessible,openalex:page5;hipo:2026-09-17;hipo:2026-09-18;hipo:2026-09-19;hipo:2026-09-20;hipo:2026-09-21;hipo:2026-09-22;hipo:2026-09-23;hipo:2026-09-24;hipo:2026-09-25;hipo:2026-09-26;hipo:2026-09-27;hipo:2026-09-28;hipo:2026-09-29;hipo:2026-09-30;hipo:2026-10-01;hipo:2026-10-02;hipo:2026-10-03;hipo:2026-10-04;hipo:2026-10-05;hipo:2026-10-06;hipo:2026-10-07;hipo:2026-10-08;hipo:2026-10-09;hipo:2026-10-10,,40,low-confidence:http-2xx-html+multi-source+trusted-suffix+non-educational-content,scu.edu.cn,
South China University of Technology,scut.edu.cn,university/college,2026-10-06,Inaccessible,openalex:page13;hipo:2026-09-17;hipo:2026-09-18;hipo:2026-09-19;hipo:2026-09-20;hipo:2026-09-21;hipo:2026-09-22;hipo:2026-09-23;hipo:2026-09-24;hipo:2026-09-25;hipo:2026-09-26;hipo:2026-09-27;hipo:2026-09-28;hipo:2026-09-29;hipo:2026-09-30;hipo:2026-10-01;hipo:2026-10-02;hipo:2026-10-03;hipo:2026-10-04;hipo:2026-10-05;hipo:2026-10-06;hipo:2026-10-07;hipo:2026-10-08;hipo:2026-10-09;hipo:2026-10-10,,0,fetch-error:SSLError,scut.edu.cn,
Shandong University of Art and Design,sdada.edu.cn,university/college,2026-09-22,Active,hipo:2026-09-17;hipo:2026-09-18;hipo:2026-09-19;hipo:2026-09-20;hipo:2026-09-21;hipo:2026-09-22;hipo:2026-09-23;hipo:2026-09-24;hipo:2026-09-25;hipo:2026-09-26;hipo:2026-09-27;hipo:2026-09-28;hipo:2026-09-29;hipo:2026-09-30;hipo:2026-10-01;hipo:2026-10-02;hipo:2026-10-03;hipo:2026-10-04;hipo:2026-10-05;hipo:2026-10-06;hipo:2026-10-07;hipo:2026-10-08;hipo:2026-10-09;hipo:2026-10-10,,90,http-2xx-html+multi-source+edu-keywords+trusted-suffix+substantial-content,sdada.edu.cn,zh-cn
Shandong Agricultural University,sdau.edu.cn,university/college,2026-09-22,Active,hipo:2026-09-17;hipo:2026-09-18;hipo:2026-09-19;hipo:2026-09-20;hipo:2026-09-21;hipo:2026-09-22;hipo:2026-09-23;hipo:2026-09-24;hipo:2026-09-25;hipo:2026-09-26;hipo:2026-09-27;hipo:2026-09-28;openalex:page80;hipo:2026-09-29;hipo:2026-09-30;hipo:2026-10-01;hipo:2026-10-02;hipo:2026-10-03;hipo:2026-10-04;hipo:2026-10-05;hipo:2026-10-06;hipo:2026-10-07;hipo:2026-10-08;hipo:2026-10-09;hipo:2026-10-10,,80,http-2xx-html+multi-source+edu-keywords+trusted-suffix,sdau.edu.cn,
Shandong First Medical University,sdfmu.edu.cn,university/college,2026-10-08,Inaccessible,openalex:page56,,0,unreachable-dns,sdfmu.edu.cn,
Shandong Economic University,sdie.edu.cn,university/college,2026-09-22,Inaccessible,hipo:2026-09-17;hipo:2026-09-18;hipo:2026-09-19;hipo:2026-09-20;hipo:2026-09-21;hipo:2026-09-22;hipo:2026-09-23;hipo:2026-09-24;hipo:2026-09-25;hipo:2026-09-26;hipo:2026-09-27;hipo:2026-09-28;hipo:2026-09-29;hipo:2026-09-30;hipo:2026-10-01;hipo:2026-10-02;hipo:2026-10-03;hipo:2026-10-04;hipo:2026-10-05;hipo:2026-10-06;hipo:2026-10-07;hipo:2026-10-08;hipo:2026-10-09;hipo:2026-10-10,,0,unreachable-dns,sdie.edu.cn,
Shanghai Dainji University,sdju.edu.cn,university/college,2026-09-22,Inaccessible,hipo:2026-09-17;hipo:2026-09-18;hipo:2026-09-19;hipo:2026-09-20;hipo:2026-09-21;hipo:2026-09-22;hipo:2026-09-23;hipo:2026-09-24;hipo:2026-09-25;hipo:2026-09-26;hipo:2026-09-27;hipo:2026-09-28;hipo:2026-09-29;hipo:2026-09-30;hipo:2026-10-01;hipo:2026-10-02;hipo:2026-10-03;hipo:2026-10-04;hipo:2026-10-05;hipo:2026-10-06;hipo:2026-10-07;hipo:2026-10-08;hipo:2026-10-09;hipo:2026-10-10,,0,unreachable-dns,sdju.edu.cn,
Shandong Medical University,sdmu.edu.cn,university/college,2026-09-22,Inaccessible,hipo:2026-09-17;hipo:2026-09-18;hipo:2026-09-19;hipo:2026-09-20;hipo:2026-09-21;hipo:2026-09-22;hipo:2026-09-23;hipo:2026-09-24;hipo:2026-09-25;hipo:2026-09-26;hipo:2026-09-27;hipo:2026-09-28;hipo:2026-09-29;hipo:2026-09-30;hipo:2026-10-01;hipo:2026-10-02;hipo:2026-10-03;hipo:2026-10-04;hipo:2026-10-05;hipo:2026-10-06;hipo:2026-10-07;hipo:2026-10-08;hipo:2026-10-09;hipo:2026-10-10,,5,http-502,sdmu.edu.cn,
Shandong Normal University,sdnu.edu.cn,university/college,2026-09-22,Inaccessible,hipo:2026-09-17;hipo:2026-09-18;hipo:2026-09-19;hipo:2026-09-20;hipo:2026-09-21;hipo:2026-09-22;hipo:2026-09-23;hipo:2026-09-24;hipo:2026-09-25;hipo:2026-09-26;hipo:2026-09-27;openalex:page75;hipo:2026-09-28;hipo:2026-09-29;hipo:2026-09-30;hipo:2026-10-01;hipo:2026-10-02;hipo:2026-10-03;hipo:2026-10-04;hipo:2026-10-05;hipo:2026-10-06;hipo:2026-10-07;hipo:2026-10-08;hipo:2026-10-09;hipo:2026-10-10,,0,unreachable-dns,sdnu.edu.cn,
Shandong University,sdu.edu.cn,university/college,2026-09-29,Active,openalex:page9;hipo:2026-09-17;hipo:2026-09-18;hipo:2026-09-19;hipo:2026-09-20;hipo:2026-09-21;hipo:2026-09-22;hipo:2026-09-23;hipo:2026-09-24;hipo:2026-09-25;hipo:2026-09-26;hipo:2026-09-27;hipo:2026-09-28;hipo:2026-09-29;hipo:2026-09-30;hipo:2026-10-01;hipo:2026-10-02;hipo:2026-10-03;hipo:2026-10-04;openalex:page109;hipo:2026-10-05;hipo:2026-10-06;hipo:2026-10-07;hipo:2026-10-08;hipo:2026-10-09;hipo:2026-10-10,,80,http-2xx-html+multi-source+edu-keywords+trusted-suffix,sdu.edu.cn,
Shandong University of Finance and Economics,sdufe.edu.cn,university/college,2026-09-22,Inaccessible,hipo:2026-09-17;hipo:2026-09-18;hipo:2026-09-19;hipo:2026-09-20;hipo:2026-09-21;hipo:2026-09-22;hipo:2026-09-23;hipo:2026-09-24;hipo:2026-09-25;hipo:2026-09-26;hipo:2026-09-27;hipo:2026-09-28;hipo:2026-09-29;hipo:2026-09-30;hipo:2026-10-01;hipo:2026-10-02;hipo:2026-10-03;hipo:2026-10-04;hipo:2026-10-05;hipo:2026-10-06;hipo:2026-10-07;hipo:2026-10-08;hipo:2026-10-09;hipo:2026-10-10,,5,http-403,sdufe.edu.cn,
Shandong University of Science and Technology,sdust.edu.cn,university/college,2026-09-22,Inaccessible,hipo:2026-09-17;hipo:2026-09-18;hipo:2026-09-19;hipo:2026-09-20;hipo:2026-09-21;openalex:page45;hipo:2026-09-22;hipo:2026-09-23;hipo:2026-09-24;hipo:2026-09-25;hipo:2026-09-26;hipo:2026-09-27;hipo:2026-09-28;hipo:2026-09-29;hipo:2026-09-30;hipo:2026-10-01;hipo:2026-10-02;hipo:2026-10-03;hipo:2026-10-04;hipo:2026-10-05;hipo:2026-10-06;hipo:2026-10-07;hipo:2026-10-08;hipo:2026-10-09;hipo:2026-10-10,,0,unreachable-dns,sdust.edu.cn,
Shandong University of Technology,sdut.edu.cn,university/college,2026-09-22,Inaccessible,hipo:2026-09-17;hipo:2026-09-18;hipo:2026-09-19;hipo:2026-09-20;hipo:2026-09-21;hipo:2026-09-22;hipo:2026-09-23;hipo:2026-09-24;hipo:2026-09-25;hipo:2026-09-26;hipo:2026-09-27;hipo:2026-09-28;hipo:2026-09-29;hipo:2026-09-30;openalex:page89;hipo:2026-10-01;hipo:2026-10-02;hipo:2026-10-03;hipo:2026-10-04;hipo:2026-10-05;hipo:2026-10-06;hipo:2026-10-07;hipo:2026-10-08;hipo:2026-10-09;hipo:2026-10-10,,0,unreachable-dns,sdut.edu.cn,
Shandong University of Triaditional Chinese Medicine,sdutcm.edu.cn,university/college,2026-09-22,Inaccessible,hipo:2026-09-17;hipo:2026-09-18;hipo:2026-09-19;hipo:2026-09-20;hipo:2026-09-21;hipo:2026-09-22;hipo:2026-09-23;hipo:2026-09-24;hipo:2026-09-25;hipo:2026-09-26;hipo:2026-09-27;hipo:2026-09-28;hipo:2026-09-29;hipo:2026-09-30;hipo:2026-10-01;hipo:2026-10-02;hipo:2026-10-03;hipo:2026-10-04;hipo:2026-10-05;hipo:2026-10-06;hipo:2026-10-07;hipo:2026-10-08;openalex:page127;hipo:2026-10-09;openalex:page130;hipo:2026-10-10,,0,unreachable-dns,sdutcm.edu.cn,
Southeast University,seu.edu.cn,university/college,2026-10-06,Inaccessible,openalex:page12;hipo:2026-09-17;hipo:2026-09-18;hipo:2026-09-19;hipo:2026-09-20;hipo:2026-09-21;hipo:2026-09-22;hipo:2026-09-23;hipo:2026-09-24;hipo:2026-09-25;hipo:2026-09-26;hipo:2026-09-27;hipo:2026-09-28;hipo:2026-09-29;hipo:2026-09-30;hipo:2026-10-01;hipo:2026-10-02;hipo:2026-10-03;hipo:2026-10-04;hipo:2026-10-05;hipo:2026-10-06;hipo:2026-10-07;hipo:2026-10-08;hipo:2026-10-09;hipo:2026-10-10,,0,fetch-error:ConnectTimeout,seu.edu.cn,
Shaoguan University,sgu.edu.cn,university/college,2026-09-22,Active,hipo:2026-09-17;hipo:2026-09-18;hipo:2026-09-19;hipo:2026-09-20;hipo:2026-09-21;hipo:2026-09-22;hipo:2026-09-23;hipo:2026-09-24;hipo:2026-09-25;hipo:2026-09-26;hipo:2026-09-27;hipo:2026-09-28;hipo:2026-09-29;hipo:2026-09-30;hipo:2026-10-01;hipo:2026-10-02;hipo:2026-10-03;hipo:2026-10-04;hipo:2026-10-05;hipo:2026-10-06;hipo:2026-10-07;hipo:2026-10-08;hipo:2026-10-09;hipo:2026-10-10,,80,http-2xx-html+multi-source+edu-keywords+trusted-suffix,sgu.edu.cn,
Shanghai Sipo Polytechnic,sh-sipopolytechnic.com,university/college,2026-09-22,Inaccessible,hipo:2026-09-17;hipo:2026-09-18;hipo:2026-09-19;hipo:2026-09-20;hipo:2026-09-21;hipo:2026-09-22;hipo:2026-09-23;hipo:2026-09-24;hipo:2026-09-25;hipo:2026-09-26;hipo:2026-09-27;hipo:2026-09-28;hipo:2026-09-29;hipo:2026-09-30;hipo:2026-10-01;hipo:2026-10-02;hipo:2026-10-03;hipo:2026-10-04;hipo:2026-10-05;hipo:2026-10-06;hipo:2026-10-07;hipo:2026-10-08;hipo:2026-10-09;hipo:2026-10-10,0,0,unreachable-dns,sh-sipopolytechnic.com,
ShanghaiTech University,shanghaitech.edu.cn,university/college,2026-09-22,Active,hipo:2026-09-17;hipo:2026-09-18;hipo:2026-09-19;hipo:2026-09-20;hipo:2026-09-21;hipo:2026-09-22;hipo:2026-09-23;hipo:2026-09-24;hipo:2026-09-25;hipo:2026-09-26;hipo:2026-09-27;hipo:2026-09-28;hipo:2026-09-29;hipo:2026-09-30;hipo:2026-10-01;hipo:2026-10-02;hipo:2026-10-03;hipo:2026-10-04;hipo:2026-10-05;hipo:2026-10-06;hipo:2026-10-07;hipo:2026-10-08;hipo:2026-10-09;hipo:2026-10-10,,90,http-2xx-html+multi-source+edu-keywords+trusted-suffix+substantial-content,shanghaitech.edu.cn,
Shanghai Customs College,shcc.edu.cn,university/college,2026-09-22,Inaccessible,hipo:2026-09-17;hipo:2026-09-18;hipo:2026-09-19;hipo:2026-09-20;hipo:2026-09-21;hipo:2026-09-22;hipo:2026-09-23;hipo:2026-09-24;hipo:2026-09-25;hipo:2026-09-26;hipo:2026-09-27;hipo:2026-09-28;hipo:2026-09-29;hipo:2026-09-30;hipo:2026-10-01;hipo:2026-10-02;hipo:2026-10-03;wikidata:P856;hipo:2026-10-04;hipo:2026-10-05;hipo:2026-10-06;hipo:2026-10-07;hipo:2026-10-08;hipo:2026-10-09;hipo:2026-10-10,,0,fetch-error:ConnectionError,shcc.edu.cn,
Shanghai Fisheries University,shfu.edu.cn,university/college,2026-09-22,Inaccessible,hipo:2026-09-17;hipo:2026-09-18;hipo:2026-09-19;hipo:2026-09-20;hipo:2026-09-21;hipo:2026-09-22;hipo:2026-09-23;hipo:2026-09-24;hipo:2026-09-25;hipo:2026-09-26;hipo:2026-09-27;hipo:2026-09-28;hipo:2026-09-29;hipo:2026-09-30;hipo:2026-10-01;hipo:2026-10-02;hipo:2026-10-03;hipo:2026-10-04;hipo:2026-10-05;hipo:2026-10-06;hipo:2026-10-07;hipo:2026-10-08;hipo:2026-10-09;hipo:2026-10-10,,0,unreachable-dns,shfu.edu.cn,
Shanghai Institue of Foreign Trade,shift.edu.cn,university/college,2026-09-22,Inaccessible,hipo:2026-09-17;hipo:2026-09-18;hipo:2026-09-19;hipo:2026-09-20;hipo:2026-09-21;hipo:2026-09-22;hipo:2026-09-23;hipo:2026-09-24;hipo:2026-09-25;hipo:2026-09-26;hipo:2026-09-27;hipo:2026-09-28;hipo:2026-09-29;hipo:2026-09-30;hipo:2026-10-01;hipo:2026-10-02;hipo:2026-10-03;hipo:2026-10-04;hipo:2026-10-05;hipo:2026-10-06;hipo:2026-10-07;hipo:2026-10-08;hipo:2026-10-09;hipo:2026-10-10,,0,unreachable-dns,shift.edu.cn,
Shanghai International Studies University,shisu.edu.cn,university/college,2026-09-22,Active,hipo:2026-09-17;hipo:2026-09-18;hipo:2026-09-19;hipo:2026-09-20;hipo:2026-09-21;hipo:2026-09-22;hipo:2026-09-23;hipo:2026-09-24;hipo:2026-09-25;hipo:2026-09-26;hipo:2026-09-27;hipo:2026-09-28;hipo:2026-09-29;hipo:2026-09-30;hipo:2026-10-01;hipo:2026-10-02;hipo:2026-10-03;hipo:2026-10-04;hipo:2026-10-05;hipo:2026-10-06;hipo:2026-10-07;hipo:2026-10-08;hipo:2026-10-09;hipo:2026-10-10,,80,http-2xx-html+multi-source+edu-keywords+structure,shisu.edu.cn,zh-cn
Shanghai Maritime University,shmtu.edu.cn,university/college,2026-09-22,Inaccessible,hipo:2026-09-17;hipo:2026-09-18;hipo:2026-09-19;hipo:2026-09-20;hipo:2026-09-21;hipo:2026-09-22;hipo:2026-09-23;hipo:2026-09-24;hipo:2026-09-25;hipo:2026-09-26;hipo:2026-09-27;hipo:2026-09-28;hipo:2026-09-29;hipo:2026-09-30;hipo:2026-10-01;hipo:2026-10-02;hipo:2026-10-03;openalex:page100;hipo:2026-10-04;hipo:2026-10-05;hipo:2026-10-06;hipo:2026-10-07;hipo:2026-10-08;hipo:2026-10-09;hipo:2026-10-10,,5,http-502,shmtu.edu.cn,
Shanghai Medical University,shmu.edu.cn,university/college,2026-09-22,Inaccessible,hipo:2026-09-17;hipo:2026-09-18;hipo:2026-09-19;hipo:2026-09-20;hipo:2026-09-21;hipo:2026-09-22;hipo:2026-09-23;hipo:2026-09-24;hipo:2026-09-25;hipo:2026-09-26;hipo:2026-09-27;hipo:2026-09-28;hipo:2026-09-29;hipo:2026-09-30;hipo:2026-10-01;hipo:2026-10-02;hipo:2026-10-03;hipo:2026-10-04;hipo:2026-10-05;hipo:2026-10-06;hipo:2026-10-07;hipo:2026-10-08;hipo:2026-10-09;hipo:2026-10-10,,0,fetch-error:SSLError,shmu.edu.cn,
Shanghai Ouhua Vocational Technical College,shouhua.net.cn,university/college,2026-09-22,Inaccessible,hipo:2026-09-17;hipo:2026-09-18;hipo:2026-09-19;hipo:2026-09-20;hipo:2026-09-21;hipo:2026-09-22;hipo:2026-09-23;hipo:2026-09-24;hipo:2026-09-25;hipo:2026-09-26;hipo:2026-09-27;hipo:2026-09-28;hipo:2026-09-29;hipo:2026-09-30;hipo:2026-10-01;hipo:2026-10-02;hipo:2026-10-03;hipo:2026-10-04;hipo:2026-10-05;hipo:2026-10-06;hipo:2026-10-07;hipo:2026-10-08;hipo:2026-10-09;hipo:2026-10-10,,0,fetch-error:ConnectionError,shouhua.net.cn,
Shanghai Second Medical University,shsmu.edu.cn,university/college,2026-09-22,Inaccessible,hipo:2026-09-17;hipo:2026-09-18;hipo:2026-09-19;hipo:2026-09-20;hipo:2026-09-21;hipo:2026-09-22;hipo:2026-09-23;hipo:2026-09-24;hipo:2026-09-25;hipo:2026-09-26;hipo:2026-09-27;hipo:2026-09-28;hipo:2026-09-29;hipo:2026-09-30;hipo:2026-10-01;hipo:2026-10-02;hipo:2026-10-03;hipo:2026-10-04;hipo:2026-10-05;hipo:2026-10-06;hipo:2026-10-07;hipo:2026-10-08;hipo:2026-10-09;hipo:2026-10-10,,0,unreachable-dns,shsmu.edu.cn,
Shanghai Second Polytechnic University,shspu.edu.cn,university/college,2026-09-22,Inaccessible,hipo:2026-09-17;hipo:2026-09-18;hipo:2026-09-19;hipo:2026-09-20;hipo:2026-09-21;hipo:2026-09-22;hipo:2026-09-23;hipo:2026-09-24;hipo:2026-09-25;hipo:2026-09-26;hipo:2026-09-27;hipo:2026-09-28;hipo:2026-09-29;hipo:2026-09-30;hipo:2026-10-01;hipo:2026-10-02;hipo:2026-10-03;hipo:2026-10-04;hipo:2026-10-05;hipo:2026-10-06;hipo:2026-10-07;hipo:2026-10-08;hipo:2026-10-09;hipo:2026-10-10,,0,fetch-error:ConnectionError,shspu.edu.cn,
Shanghai TieDao University,shtdu.edu.cn,university/college,2026-09-22,Inaccessible,hipo:2026-09-17;hipo:2026-09-18;hipo:2026-09-19;hipo:2026-09-20;hipo:2026-09-21;hipo:2026-09-22;hipo:2026-09-23;hipo:2026-09-24;hipo:2026-09-25;hipo:2026-09-26;hipo:2026-09-27;hipo:2026-09-28;hipo:2026-09-29;hipo:2026-09-30;hipo:2026-10-01;hipo:2026-10-02;hipo:2026-10-03;hipo:2026-10-04;hipo:2026-10-05;hipo:2026-10-06;hipo:2026-10-07;hipo:2026-10-08;hipo:2026-10-09;hipo:2026-10-10,,0,unreachable-dns,shtdu.edu.cn,
Shanghai Normal University,shtu.edu.cn,university/college,2026-09-22,Inaccessible,hipo:2026-09-17;hipo:2026-09-18;hipo:2026-09-19;hipo:2026-09-20;hipo:2026-09-21;hipo:2026-09-22;hipo:2026-09-23;hipo:2026-09-24;hipo:2026-09-25;hipo:2026-09-26;hipo:2026-09-27;hipo:2026-09-28;hipo:2026-09-29;hipo:2026-09-30;hipo:2026-10-01;hipo:2026-10-02;hipo:2026-10-03;hipo:2026-10-04;hipo:2026-10-05;hipo:2026-10-06;hipo:2026-10-07;hipo:2026-10-08;hipo:2026-10-09;hipo:2026-10-10,,0,fetch-error:ConnectionError,shtu.edu.cn,
Shanghai Television University,shtvu.edu.cn,university/college,2026-09-22,Inaccessible,hipo:2026-09-17;hipo:2026-09-18;hipo:2026-09-19;hipo:2026-09-20;hipo:2026-09-21;hipo:2026-09-22;hipo:2026-09-23;hipo:2026-09-24;hipo:2026-09-25;hipo:2026-09-26;hipo:2026-09-27;hipo:2026-09-28;hipo:2026-09-29;hipo:2026-09-30;hipo:2026-10-01;hipo:2026-10-02;hipo:2026-10-03;hipo:2026-10-04;hipo:2026-10-05;hipo:2026-10-06;hipo:2026-10-07;hipo:2026-10-08;hipo:2026-10-09;hipo:2026-10-10,,0,unreachable-dns,shtvu.edu.cn,
Shanghai University,shu.edu.cn,university/college,2026-09-22,Inaccessible,hipo:2026-09-17;openalex:page23;hipo:2026-09-18;hipo:2026-09-19;hipo:2026-09-20;hipo:2026-09-21;hipo:2026-09-22;hipo:2026-09-23;hipo:2026-09-24;hipo:2026-09-25;hipo:2026-09-26;hipo:2026-09-27;hipo:2026-09-28;hipo:2026-09-29;hipo:2026-09-30;hipo:2026-10-01;hipo:2026-10-02;hipo:2026-10-03;hipo:2026-10-04;hipo:2026-10-05;hipo:2026-10-06;hipo:2026-10-07;hipo:2026-10-08;hipo:2026-10-09;hipo:2026-10-10,,0,fetch-error:ConnectionError,shu.edu.cn,
Shanghai University of Finance and Economics,shufe.edu.cn,university/college,2026-09-22,Inaccessible,hipo:2026-09-17;hipo:2026-09-18;hipo:2026-09-19;hipo:2026-09-20;hipo:2026-09-21;hipo:2026-09-22;hipo:2026-09-23;hipo:2026-09-24;hipo:2026-09-25;hipo:2026-09-26;hipo:2026-09-27;hipo:2026-09-28;hipo:2026-09-29;hipo:2026-09-30;hipo:2026-10-01;hipo:2026-10-02;hipo:2026-10-03;hipo:2026-10-04;hipo:2026-10-05;hipo:2026-10-06;hipo:2026-10-07;hipo:2026-10-08;hipo:2026-10-09;hipo:2026-10-10,,0,unreachable-dns,shufe.edu.cn,
Shanghai University of Traditional Chinese Medicine and Pharmacology,shutcm.edu.cn,university/college,2026-09-22,Inaccessible,hipo:2026-09-17;hipo:2026-09-18;hipo:2026-09-19;hipo:2026-09-20;hipo:2026-09-21;hipo:2026-09-22;hipo:2026-09-23;hipo:2026-09-24;hipo:2026-09-25;openalex:page62;hipo:2026-09-26;hipo:2026-09-27;hipo:2026-09-28;hipo:2026-09-29;hipo:2026-09-30;hipo:2026-10-01;hipo:2026-10-02;hipo:2026-10-03;wikidata:P856;hipo:2026-10-04;hipo:2026-10-05;hipo:2026-10-06;hipo:2026-10-07;hipo:2026-10-08;hipo:2026-10-09;hipo:2026-10-10,,0,unreachable-dns,shutcm.edu.cn,
Wuhan University Faculty of Social Sciences,shxx.whu.edu.cn,university/college,2026-09-21,Inaccessible,wikidata:P856,,0,unreachable-dns,shxx.whu.edu.cn,
Shihezi University,shzu.edu.cn,university/college,2026-09-22,Inaccessible,hipo:2026-09-17;hipo:2026-09-18;hipo:2026-09-19;hipo:2026-09-20;hipo:2026-09-21;hipo:2026-09-22;hipo:2026-09-23;hipo:2026-09-24;hipo:2026-09-25;hipo:2026-09-26;hipo:2026-09-27;hipo:2026-09-28;hipo:2026-09-29;openalex:page82;hipo:2026-09-30;hipo:2026-10-01;hipo:2026-10-02;hipo:2026-10-03;hipo:2026-10-04;hipo:2026-10-05;hipo:2026-10-06;hipo:2026-10-07;hipo:2026-10-08;hipo:2026-10-09;hipo:2026-10-10,,0,unreachable-dns,shzu.edu.cn,
Sichuan Agricultural University,sicau.edu.cn,university/college,2026-09-22,Inaccessible,hipo:2026-09-17;hipo:2026-09-18;hipo:2026-09-19;hipo:2026-09-20;hipo:2026-09-21;hipo:2026-09-22;hipo:2026-09-23;hipo:2026-09-24;hipo:2026-09-25;openalex:page61;hipo:2026-09-26;hipo:2026-09-27;hipo:2026-09-28;hipo:2026-09-29;hipo:2026-09-30;hipo:2026-10-01;hipo:2026-10-02;hipo:2026-10-03;hipo:2026-10-04;hipo:2026-10-05;hipo:2026-10-06;wikidata:P856;hipo:2026-10-07;hipo:2026-10-08;hipo:2026-10-09;hipo:2026-10-10,,0,unreachable-dns,sicau.edu.cn,
Sichuan Normal University,sicnu.edu.cn,university/college,2026-09-22,Inaccessible,hipo:2026-09-17;hipo:2026-09-18;hipo:2026-09-19;hipo:2026-09-20;hipo:2026-09-21;hipo:2026-09-22;hipo:2026-09-23;hipo:2026-09-24;hipo:2026-09-25;hipo:2026-09-26;hipo:2026-09-27;hipo:2026-09-28;hipo:2026-09-29;hipo:2026-09-30;hipo:2026-10-01;hipo:2026-10-02;hipo:2026-10-03;hipo:2026-10-04;hipo:2026-10-05;hipo:2026-10-06;hipo:2026-10-07;hipo:2026-10-08;openalex:page125;hipo:2026-10-09;hipo:2026-10-10,,0,unreachable-dns,sicnu.edu.cn,
Sichuan International Studies University,sisu.edu.cn,university/college,2026-09-22,Inaccessible,hipo:2026-09-17;hipo:2026-09-18;hipo:2026-09-19;hipo:2026-09-20;hipo:2026-09-21;hipo:2026-09-22;hipo:2026-09-23;hipo:2026-09-24;hipo:2026-09-25;hipo:2026-09-26;hipo:2026-09-27;hipo:2026-09-28;hipo:2026-09-29;hipo:2026-09-30;hipo:2026-10-01;hipo:2026-10-02;hipo:2026-10-03;hipo:2026-10-04;hipo:2026-10-05;hipo:2026-10-06;hipo:2026-10-07;hipo:2026-10-08;hipo:2026-10-09;hipo:2026-10-10,,0,unreachable-dns,sisu.edu.cn,
Shanghai Jiao Tong University,sjtu.edu.cn,university/college,2026-09-29,Inaccessible,openalex:page2;hipo:2026-09-17;hipo:2026-09-18;hipo:2026-09-19;hipo:2026-09-20;hipo:2026-09-21;hipo:2026-09-22;hipo:2026-09-23;hipo:2026-09-24;hipo:2026-09-25;hipo:2026-09-26;hipo:2026-09-27;hipo:2026-09-28;hipo:2026-09-29;hipo:2026-09-30;hipo:2026-10-01;hipo:2026-10-02;hipo:2026-10-03;hipo:2026-10-04;hipo:2026-10-05;hipo:2026-10-06;hipo:2026-10-07;hipo:2026-10-08;hipo:2026-10-09;hipo:2026-10-10,,0,fetch-error:ConnectTimeout,sjtu.edu.cn,
Shenyang Jianzhu University,sjzu.edu.cn,university/college,2026-09-22,Inaccessible,hipo:2026-09-17;hipo:2026-09-18;hipo:2026-09-19;hipo:2026-09-20;hipo:2026-09-21;hipo:2026-09-22;hipo:2026-09-23;hipo:2026-09-24;hipo:2026-09-25;hipo:2026-09-26;hipo:2026-09-27;hipo:2026-09-28;hipo:2026-09-29;hipo:2026-09-30;hipo:2026-10-01;hipo:2026-10-02;hipo:2026-10-03;hipo:2026-10-04;hipo:2026-10-05;hipo:2026-10-06;hipo:2026-10-07;hipo:2026-10-08;hipo:2026-10-09;hipo:2026-10-10,,0,unreachable-dns,sjzu.edu.cn,
Shangluo University,slxy.cn,university/college,2026-09-28,Inaccessible,ror:api-p10,,0,fetch-error:ConnectTimeout,slxy.cn,
Second Military Medical University,smmu.edu.cn,university/college,2026-09-22,Inaccessible,hipo:2026-09-17;hipo:2026-09-18;hipo:2026-09-19;hipo:2026-09-20;hipo:2026-09-21;openalex:page46;hipo:2026-09-22;hipo:2026-09-23;hipo:2026-09-24;hipo:2026-09-25;hipo:2026-09-26;hipo:2026-09-27;hipo:2026-09-28;hipo:2026-09-29;hipo:2026-09-30;hipo:2026-10-01;hipo:2026-10-02;hipo:2026-10-03;hipo:2026-10-04;hipo:2026-10-05;hipo:2026-10-06;hipo:2026-10-07;hipo:2026-10-08;hipo:2026-10-09;hipo:2026-10-10,,0,unreachable-dns,smmu.edu.cn,
Shaanxi Xueqian Normal University,snie.edu.cn,university/college,2026-09-17,Inaccessible,ror:api-p17,,0,unreachable-dns,,
Shaanxi Normal University,snnu.edu.cn,university/college,2026-09-22,Inaccessible,hipo:2026-09-17;hipo:2026-09-18;hipo:2026-09-19;hipo:2026-09-20;hipo:2026-09-21;hipo:2026-09-22;hipo:2026-09-23;openalex:page55;hipo:2026-09-24;hipo:2026-09-25;hipo:2026-09-26;hipo:2026-09-27;hipo:2026-09-28;hipo:2026-09-29;hipo:2026-09-30;hipo:2026-10-01;hipo:2026-10-02;hipo:2026-10-03;hipo:2026-10-04;hipo:2026-10-05;hipo:2026-10-06;hipo:2026-10-07;hipo:2026-10-08;hipo:2026-10-09;hipo:2026-10-10,,0,unreachable-dns,snnu.edu.cn,
Shantou University,stu.edu.cn,university/college,2026-09-22,Inaccessible,hipo:2026-09-17;hipo:2026-09-18;hipo:2026-09-19;hipo:2026-09-20;hipo:2026-09-21;hipo:2026-09-22;hipo:2026-09-23;hipo:2026-09-24;hipo:2026-09-25;hipo:2026-09-26;openalex:page69;hipo:2026-09-27;hipo:2026-09-28;hipo:2026-09-29;hipo:2026-09-30;openalex:page85;openalex:page86;hipo:2026-10-01;hipo:2026-10-02;hipo:2026-10-03;hipo:2026-10-04;hipo:2026-10-05;hipo:2026-10-06;hipo:2026-10-07;hipo:2026-10-08;hipo:2026-10-09;hipo:2026-10-10,,0,fetch-error:ConnectionError,stu.edu.cn,
Guangzhou College of South China University of Technology,stu.gcu.edu.cn,university/college,2026-10-05,Inaccessible,hipo:2026-09-20;hipo:2026-09-21;hipo:2026-09-22;hipo:2026-09-23;hipo:2026-09-24;hipo:2026-09-25;hipo:2026-09-26;hipo:2026-09-27;hipo:2026-09-28;hipo:2026-09-29;hipo:2026-09-30;hipo:2026-10-01;hipo:2026-10-02;hipo:2026-10-03;hipo:2026-10-04;hipo:2026-10-05;hipo:2026-10-06;hipo:2026-10-07;hipo:2026-10-08;hipo:2026-10-09;hipo:2026-10-10,,0,unreachable-dns,stu.gcu.edu.cn,
Xihua University,stu.xhu.edu.cn,university/college,2026-10-05,Inaccessible,hipo:2026-09-20;hipo:2026-09-21;hipo:2026-09-22;hipo:2026-09-23;hipo:2026-09-24;hipo:2026-09-25;hipo:2026-09-26;hipo:2026-09-27;hipo:2026-09-28;hipo:2026-09-29;hipo:2026-09-30;hipo:2026-10-01;hipo:2026-10-02;hipo:2026-10-03;hipo:2026-10-04;hipo:2026-10-05;hipo:2026-10-06;hipo:2026-10-07;hipo:2026-10-08;hipo:2026-10-09;hipo:2026-10-10,,0,unreachable-dns,stu.xhu.edu.cn,
Soochow University,suda.edu.cn,university/college,2026-09-18,Inaccessible,openalex:page18;hipo:2026-09-17;hipo:2026-09-18;hipo:2026-09-19;hipo:2026-09-20;hipo:2026-09-21;hipo:2026-09-22;hipo:2026-09-23;hipo:2026-09-24;hipo:2026-09-25;hipo:2026-09-26;hipo:2026-09-27;hipo:2026-09-28;hipo:2026-09-29;hipo:2026-09-30;hipo:2026-10-01;hipo:2026-10-02;hipo:2026-10-03;hipo:2026-10-04;hipo:2026-10-05;hipo:2026-10-06;hipo:2026-10-07;hipo:2026-10-08;hipo:2026-10-09;hipo:2026-10-10,,0,unreachable-dns,,
Shanghai University of Engineering Science,sues.edu.cn,university/college,2026-09-22,Inaccessible,hipo:2026-09-17;hipo:2026-09-18;hipo:2026-09-19;hipo:2026-09-20;hipo:2026-09-21;hipo:2026-09-22;hipo:2026-09-23;hipo:2026-09-24;hipo:2026-09-25;hipo:2026-09-26;hipo:2026-09-27;hipo:2026-09-28;hipo:2026-09-29;hipo:2026-09-30;hipo:2026-10-01;hipo:2026-10-02;hipo:2026-10-03;hipo:2026-10-04;hipo:2026-10-05;openalex:page111;hipo:2026-10-06;hipo:2026-10-07;hipo:2026-10-08;hipo:2026-10-09;hipo:2026-10-10,,0,unreachable-dns,sues.edu.cn,
South University of Science and Technology of China,sustc.edu.cn,university/college,2026-09-22,Inaccessible,hipo:2026-09-17;hipo:2026-09-18;hipo:2026-09-19;hipo:2026-09-20;hipo:2026-09-21;hipo:2026-09-22;hipo:2026-09-23;hipo:2026-09-24;hipo:2026-09-25;hipo:2026-09-26;hipo:2026-09-27;hipo:2026-09-28;hipo:2026-09-29;hipo:2026-09-30;hipo:2026-10-01;hipo:2026-10-02;hipo:2026-10-03;hipo:2026-10-04;hipo:2026-10-05;hipo:2026-10-06;hipo:2026-10-07;hipo:2026-10-08;hipo:2026-10-09;hipo:2026-10-10,,0,unreachable-dns,sustc.edu.cn,
Southwest Agricultural University,swau.edu.cn,university/college,2026-09-22,Inaccessible,hipo:2026-09-17;hipo:2026-09-18;hipo:2026-09-19;hipo:2026-09-20;hipo:2026-09-21;hipo:2026-09-22;hipo:2026-09-23;hipo:2026-09-24;hipo:2026-09-25;hipo:2026-09-26;hipo:2026-09-27;hipo:2026-09-28;hipo:2026-09-29;hipo:2026-09-30;hipo:2026-10-01;hipo:2026-10-02;hipo:2026-10-03;hipo:2026-10-04;hipo:2026-10-05;hipo:2026-10-06;hipo:2026-10-07;hipo:2026-10-08;hipo:2026-10-09;hipo:2026-10-10,,0,unreachable-dns,swau.edu.cn,
Southwest Forestry University,swfc.edu.cn,university/college,2026-09-22,Inaccessible,hipo:2026-09-17;hipo:2026-09-18;hipo:2026-09-19;hipo:2026-09-20;hipo:2026-09-21;hipo:2026-09-22;hipo:2026-09-23;hipo:2026-09-24;hipo:2026-09-25;hipo:2026-09-26;hipo:2026-09-27;hipo:2026-09-28;hipo:2026-09-29;hipo:2026-09-30;hipo:2026-10-01;hipo:2026-10-02;hipo:2026-10-03;hipo:2026-10-04;hipo:2026-10-05;hipo:2026-10-06;hipo:2026-10-07;hipo:2026-10-08;hipo:2026-10-09;hipo:2026-10-10,,0,unreachable-dns,swfc.edu.cn,
Southwest Jiaotong University,swjtu.edu.cn,university/college,2026-09-22,Active,hipo:2026-09-17;hipo:2026-09-18;hipo:2026-09-19;hipo:2026-09-20;hipo:2026-09-21;hipo:2026-09-22;hipo:2026-09-23;hipo:2026-09-24;hipo:2026-09-25;hipo:2026-09-26;hipo:2026-09-27;hipo:2026-09-28;hipo:2026-09-29;hipo:2026-09-30;hipo:2026-10-01;hipo:2026-10-02;hipo:2026-10-03;hipo:2026-10-04;hipo:2026-10-05;hipo:2026-10-06;hipo:2026-10-07;hipo:2026-10-08;hipo:2026-10-09;hipo:2026-10-10,,90,http-2xx-html+multi-source+edu-keywords+trusted-suffix+substantial-content,swjtu.edu.cn,zh-cn
Southwest University,swnu.edu.cn,university/college,2026-09-22,Inaccessible,hipo:2026-09-17;hipo:2026-09-18;hipo:2026-09-19;hipo:2026-09-20;hipo:2026-09-21;hipo:2026-09-22;hipo:2026-09-23;hipo:2026-09-24;hipo:2026-09-25;hipo:2026-09-26;hipo:2026-09-27;hipo:2026-09-28;hipo:2026-09-29;hipo:2026-09-30;hipo:2026-10-01;hipo:2026-10-02;hipo:2026-10-03;hipo:2026-10-04;hipo:2026-10-05;hipo:2026-10-06;hipo:2026-10-07;hipo:2026-10-08;hipo:2026-10-09;hipo:2026-10-10,,0,unreachable-dns,swnu.edu.cn,
Southwest Petroleum University,swpu.edu.cn,university/college,2026-09-22,Inaccessible,hipo:2026-09-17;hipo:2026-09-18;hipo:2026-09-19;hipo:2026-09-20;hipo:2026-09-21;hipo:2026-09-22;hipo:2026-09-23;hipo:2026-09-24;hipo:2026-09-25;hipo:2026-09-26;hipo:2026-09-27;openalex:page72;hipo:2026-09-28;hipo:2026-09-29;hipo:2026-09-30;hipo:2026-10-01;hipo:2026-10-02;hipo:2026-10-03;hipo:2026-10-04;hipo:2026-10-05;hipo:2026-10-06;hipo:2026-10-07;hipo:2026-10-08;hipo:2026-10-09;hipo:2026-10-10,,0,unreachable-dns,swpu.edu.cn,
Chongqing Normal University Foreign Trade and Business College,swsm.cn,university/college,2026-09-22,Inaccessible,hipo:2026-09-17;hipo:2026-09-18;hipo:2026-09-19;hipo:2026-09-20;hipo:2026-09-21;hipo:2026-09-22;hipo:2026-09-23;hipo:2026-09-24;hipo:2026-09-25;hipo:2026-09-26;hipo:2026-09-27;hipo:2026-09-28;hipo:2026-09-29;hipo:2026-09-30;hipo:2026-10-01;hipo:2026-10-02;hipo:2026-10-03;hipo:2026-10-04;hipo:2026-10-05;hipo:2026-10-06;hipo:2026-10-07;hipo:2026-10-08;hipo:2026-10-09;hipo:2026-10-10,,0,unreachable-dns,swsm.cn,
Southwest University of Finance and Economics,swufe.edu.cn,university/college,2026-09-22,Inaccessible,hipo:2026-09-17;hipo:2026-09-18;hipo:2026-09-19;hipo:2026-09-20;hipo:2026-09-21;hipo:2026-09-22;hipo:2026-09-23;hipo:2026-09-24;hipo:2026-09-25;hipo:2026-09-26;hipo:2026-09-27;hipo:2026-09-28;hipo:2026-09-29;hipo:2026-09-30;hipo:2026-10-01;hipo:2026-10-02;hipo:2026-10-03;hipo:2026-10-04;hipo:2026-10-05;hipo:2026-10-06;hipo:2026-10-07;hipo:2026-10-08;openalex:page124;hipo:2026-10-09;hipo:2026-10-10,,0,unreachable-dns,swufe.edu.cn,
Southwest University of Nationalities,swun.edu.cn,university/college,2026-09-22,Inaccessible,hipo:2026-09-17;hipo:2026-09-18;hipo:2026-09-19;hipo:2026-09-20;hipo:2026-09-21;hipo:2026-09-22;hipo:2026-09-23;hipo:2026-09-24;hipo:2026-09-25;hipo:2026-09-26;hipo:2026-09-27;hipo:2026-09-28;hipo:2026-09-29;hipo:2026-09-30;hipo:2026-10-01;hipo:2026-10-02;hipo:2026-10-03;hipo:2026-10-04;hipo:2026-10-05;hipo:2026-10-06;hipo:2026-10-07;hipo:2026-10-08;hipo:2026-10-09;hipo:2026-10-10,,5,http-412,swun.edu.cn,
Southwest University of Political Science and Law,swupl.edu.cn,university/college,2026-09-22,Inaccessible,hipo:2026-09-17;hipo:2026-09-18;hipo:2026-09-19;hipo:2026-09-20;hipo:2026-09-21;hipo:2026-09-22;hipo:2026-09-23;hipo:2026-09-24;hipo:2026-09-25;hipo:2026-09-26;hipo:2026-09-27;hipo:2026-09-28;hipo:2026-09-29;hipo:2026-09-30;hipo:2026-10-01;hipo:2026-10-02;hipo:2026-10-03;hipo:2026-10-04;hipo:2026-10-05;hipo:2026-10-06;hipo:2026-10-07;hipo:2026-10-08;hipo:2026-10-09;hipo:2026-10-10,,0,unreachable-dns,swupl.edu.cn,
Southwest University of Science and Technology,swust.edu.cn,university/college,2026-09-22,Inaccessible,hipo:2026-09-17;hipo:2026-09-18;hipo:2026-09-19;hipo:2026-09-20;hipo:2026-09-21;hipo:2026-09-22;hipo:2026-09-23;hipo:2026-09-24;hipo:2026-09-25;hipo:2026-09-26;hipo:2026-09-27;hipo:2026-09-28;hipo:2026-09-29;hipo:2026-09-30;openalex:page87;hipo:2026-10-01;hipo:2026-10-02;hipo:2026-10-03;hipo:2026-10-04;hipo:2026-10-05;hipo:2026-10-06;hipo:2026-10-07;hipo:2026-10-08;hipo:2026-10-09;hipo:2026-10-10,,0,fetch-error:ConnectTimeout,swust.edu.cn,
South West University Yucai College,swuyc.edu.cn,university/college,2026-09-22,Inaccessible,hipo:2026-09-17;hipo:2026-09-18;hipo:2026-09-19;hipo:2026-09-20;hipo:2026-09-21;hipo:2026-09-22;hipo:2026-09-23;hipo:2026-09-24;hipo:2026-09-25;hipo:2026-09-26;hipo:2026-09-27;hipo:2026-09-28;hipo:2026-09-29;hipo:2026-09-30;hipo:2026-10-01;hipo:2026-10-02;hipo:2026-10-03;hipo:2026-10-04;hipo:2026-10-05;hipo:2026-10-06;hipo:2026-10-07;hipo:2026-10-08;hipo:2026-10-09;hipo:2026-10-10,,0,unreachable-dns,swuyc.edu.cn,
Shanxi Agricultural University,sxau.edu.cn,university/college,2026-09-22,Inaccessible,hipo:2026-09-17;hipo:2026-09-18;hipo:2026-09-19;hipo:2026-09-20;hipo:2026-09-21;hipo:2026-09-22;hipo:2026-09-23;hipo:2026-09-24;hipo:2026-09-25;hipo:2026-09-26;hipo:2026-09-27;hipo:2026-09-28;hipo:2026-09-29;hipo:2026-09-30;hipo:2026-10-01;hipo:2026-10-02;hipo:2026-10-03;hipo:2026-10-04;hipo:2026-10-05;hipo:2026-10-06;hipo:2026-10-07;hipo:2026-10-08;openalex:page127;hipo:2026-10-09;openalex:page132;hipo:2026-10-10,,0,unreachable-dns,sxau.edu.cn,
Shanxi Medical University,sxmu.edu.cn,university/college,2026-10-09,Inaccessible,openalex:page60,,0,unreachable-dns,sxmu.edu.cn,
Shanxi University,sxu.edu.cn,university/college,2026-09-22,Inaccessible,hipo:2026-09-17;hipo:2026-09-18;hipo:2026-09-19;hipo:2026-09-20;hipo:2026-09-21;hipo:2026-09-22;hipo:2026-09-23;hipo:2026-09-24;hipo:2026-09-25;openalex:page61;hipo:2026-09-26;hipo:2026-09-27;hipo:2026-09-28;hipo:2026-09-29;hipo:2026-09-30;hipo:2026-10-01;hipo:2026-10-02;hipo:2026-10-03;hipo:2026-10-04;hipo:2026-10-05;hipo:2026-10-06;hipo:2026-10-07;hipo:2026-10-08;hipo:2026-10-09;hipo:2026-10-10,,0,unreachable-dns,sxu.edu.cn,
Shenyang Institute of Chemical Technology,syict.edu.cn,university/college,2026-09-22,Inaccessible,hipo:2026-09-17;hipo:2026-09-18;hipo:2026-09-19;hipo:2026-09-20;hipo:2026-09-21;hipo:2026-09-22;hipo:2026-09-23;hipo:2026-09-24;hipo:2026-09-25;hipo:2026-09-26;hipo:2026-09-27;hipo:2026-09-28;hipo:2026-09-29;hipo:2026-09-30;hipo:2026-10-01;hipo:2026-10-02;hipo:2026-10-03;hipo:2026-10-04;hipo:2026-10-05;hipo:2026-10-06;hipo:2026-10-07;hipo:2026-10-08;hipo:2026-10-09;hipo:2026-10-10,,0,unreachable-dns,syict.edu.cn,
Shenyang Pharmaceutical University,syphu.edu.cn,university/college,2026-09-22,Inaccessible,hipo:2026-09-17;hipo:2026-09-18;hipo:2026-09-19;hipo:2026-09-20;hipo:2026-09-21;hipo:2026-09-22;hipo:2026-09-23;hipo:2026-09-24;hipo:2026-09-25;hipo:2026-09-26;hipo:2026-09-27;hipo:2026-09-28;hipo:2026-09-29;hipo:2026-09-30;hipo:2026-10-01;hipo:2026-10-02;hipo:2026-10-03;openalex:page104;hipo:2026-10-04;hipo:2026-10-05;hipo:2026-10-06;hipo:2026-10-07;hipo:2026-10-08;hipo:2026-10-09;hipo:2026-10-10,,0,unreachable-dns,syphu.edu.cn,
Shenyang Polytechnic University,sypu.edu.cn,university/college,2026-09-22,Inaccessible,hipo:2026-09-17;hipo:2026-09-18;hipo:2026-09-19;hipo:2026-09-20;hipo:2026-09-21;hipo:2026-09-22;hipo:2026-09-23;hipo:2026-09-24;hipo:2026-09-25;hipo:2026-09-26;hipo:2026-09-27;hipo:2026-09-28;hipo:2026-09-29;hipo:2026-09-30;hipo:2026-10-01;hipo:2026-10-02;hipo:2026-10-03;hipo:2026-10-04;hipo:2026-10-05;hipo:2026-10-06;hipo:2026-10-07;hipo:2026-10-08;hipo:2026-10-09;hipo:2026-10-10,,0,unreachable-dns,sypu.edu.cn,
Sun Yat-sen University,sysu.edu.cn,university/college,2026-09-21,Active,openalex:page4,,60,http-2xx-html+edu-keywords+trusted-suffix+substantial-content,sysu.edu.cn,
Southern Yangtze University,sytu.edu.cn,university/college,2026-09-22,Inaccessible,hipo:2026-09-17;hipo:2026-09-18;hipo:2026-09-19;hipo:2026-09-20;hipo:2026-09-21;hipo:2026-09-22;hipo:2026-09-23;hipo:2026-09-24;hipo:2026-09-25;hipo:2026-09-26;hipo:2026-09-27;hipo:2026-09-28;hipo:2026-09-29;hipo:2026-09-30;hipo:2026-10-01;hipo:2026-10-02;hipo:2026-10-03;hipo:2026-10-04;hipo:2026-10-05;hipo:2026-10-06;hipo:2026-10-07;hipo:2026-10-08;hipo:2026-10-09;hipo:2026-10-10,,0,unreachable-dns,sytu.edu.cn,
Shenyang University,syu.edu.cn,university/college,2026-09-22,Inaccessible,hipo:2026-09-17;hipo:2026-09-18;hipo:2026-09-19;hipo:2026-09-20;hipo:2026-09-21;hipo:2026-09-22;hipo:2026-09-23;hipo:2026-09-24;hipo:2026-09-25;hipo:2026-09-26;hipo:2026-09-27;hipo:2026-09-28;hipo:2026-09-29;hipo:2026-09-30;hipo:2026-10-01;hipo:2026-10-02;hipo:2026-10-03;hipo:2026-10-04;hipo:2026-10-05;hipo:2026-10-06;hipo:2026-10-07;hipo:2026-10-08;hipo:2026-10-09;hipo:2026-10-10,,0,unreachable-dns,syu.edu.cn,
Shazhou Professional Institute Of Technology,szit.edu.cn,university/college,2026-09-28,Inaccessible,ror:api-p3,,0,fetch-error:ConnectTimeout,szit.edu.cn,
Shenzhen University,szu.edu.cn,university/college,2026-09-22,Inaccessible,hipo:2026-09-17;hipo:2026-09-18;hipo:2026-09-19;hipo:2026-09-20;hipo:2026-09-21;hipo:2026-09-22;hipo:2026-09-23;hipo:2026-09-24;hipo:2026-09-25;hipo:2026-09-26;hipo:2026-09-27;hipo:2026-09-28;hipo:2026-09-29;hipo:2026-09-30;hipo:2026-10-01;hipo:2026-10-02;hipo:2026-10-03;hipo:2026-10-04;hipo:2026-10-05;hipo:2026-10-06;hipo:2026-10-07;hipo:2026-10-08;hipo:2026-10-09;hipo:2026-10-10,,5,http-488,szu.edu.cn,
Tianjin Medical University,tijmu.edu.cn,university/college,2026-09-22,Inaccessible,hipo:2026-09-17;hipo:2026-09-18;hipo:2026-09-19;hipo:2026-09-20;hipo:2026-09-21;hipo:2026-09-22;hipo:2026-09-23;hipo:2026-09-24;hipo:2026-09-25;hipo:2026-09-26;hipo:2026-09-27;hipo:2026-09-28;hipo:2026-09-29;hipo:2026-09-30;hipo:2026-10-01;hipo:2026-10-02;hipo:2026-10-03;hipo:2026-10-04;hipo:2026-10-05;hipo:2026-10-06;hipo:2026-10-07;hipo:2026-10-08;hipo:2026-10-09;hipo:2026-10-10,,0,unreachable-dns,tijmu.edu.cn,
Tianjin Academy of Fine Art,tjarts.edu.cn,university/college,2026-09-22,Inaccessible,hipo:2026-09-17;hipo:2026-09-18;hipo:2026-09-19;hipo:2026-09-20;hipo:2026-09-21;hipo:2026-09-22;hipo:2026-09-23;hipo:2026-09-24;hipo:2026-09-25;hipo:2026-09-26;hipo:2026-09-27;hipo:2026-09-28;hipo:2026-09-29;hipo:2026-09-30;hipo:2026-10-01;hipo:2026-10-02;hipo:2026-10-03;hipo:2026-10-04;hipo:2026-10-05;hipo:2026-10-06;hipo:2026-10-07;hipo:2026-10-08;hipo:2026-10-09;hipo:2026-10-10,,0,unreachable-dns,tjarts.edu.cn,
Tianjin University of Commerce,tjcu.edu.cn,university/college,2026-09-22,Inaccessible,hipo:2026-09-17;hipo:2026-09-18;hipo:2026-09-19;hipo:2026-09-20;hipo:2026-09-21;hipo:2026-09-22;hipo:2026-09-23;hipo:2026-09-24;hipo:2026-09-25;hipo:2026-09-26;hipo:2026-09-27;hipo:2026-09-28;hipo:2026-09-29;hipo:2026-09-30;hipo:2026-10-01;hipo:2026-10-02;hipo:2026-10-03;hipo:2026-10-04;hipo:2026-10-05;hipo:2026-10-06;hipo:2026-10-07;hipo:2026-10-08;hipo:2026-10-09;hipo:2026-10-10,,0,unreachable-dns,tjcu.edu.cn,
Tongji Medical University,tjmu.edu.cn,university/college,2026-09-22,Inaccessible,hipo:2026-09-17;hipo:2026-09-18;hipo:2026-09-19;hipo:2026-09-20;hipo:2026-09-21;hipo:2026-09-22;hipo:2026-09-23;hipo:2026-09-24;hipo:2026-09-25;hipo:2026-09-26;hipo:2026-09-27;hipo:2026-09-28;hipo:2026-09-29;hipo:2026-09-30;hipo:2026-10-01;hipo:2026-10-02;hipo:2026-10-03;hipo:2026-10-04;hipo:2026-10-05;hipo:2026-10-06;hipo:2026-10-07;hipo:2026-10-08;hipo:2026-10-09;hipo:2026-10-10,,0,unreachable-dns,tjmu.edu.cn,
Tianjin Normal University,tjnu.edu.cn,university/college,2026-09-22,Inaccessible,hipo:2026-09-17;hipo:2026-09-18;hipo:2026-09-19;hipo:2026-09-20;hipo:2026-09-21;hipo:2026-09-22;hipo:2026-09-23;hipo:2026-09-24;hipo:2026-09-25;hipo:2026-09-26;hipo:2026-09-27;hipo:2026-09-28;hipo:2026-09-29;hipo:2026-09-30;hipo:2026-10-01;hipo:2026-10-02;hipo:2026-10-03;hipo:2026-10-04;hipo:2026-10-05;hipo:2026-10-06;hipo:2026-10-07;wikidata:P856;hipo:2026-10-08;hipo:2026-10-09;openalex:page131;hipo:2026-10-10,,5,http-403,tjnu.edu.cn,
Tianjin Polytechnic University,tjpu.edu.cn,university/college,2026-09-22,Inaccessible,hipo:2026-09-17;hipo:2026-09-18;hipo:2026-09-19;hipo:2026-09-20;hipo:2026-09-21;hipo:2026-09-22;hipo:2026-09-23;hipo:2026-09-24;hipo:2026-09-25;hipo:2026-09-26;hipo:2026-09-27;hipo:2026-09-28;hipo:2026-09-29;hipo:2026-09-30;hipo:2026-10-01;hipo:2026-10-02;hipo:2026-10-03;hipo:2026-10-04;hipo:2026-10-05;hipo:2026-10-06;hipo:2026-10-07;hipo:2026-10-08;hipo:2026-10-09;hipo:2026-10-10,,0,fetch-error:ConnectionError,tjpu.edu.cn,
Tianjin Open University,tjrtvu.edu.cn,university/college,2026-09-22,Inaccessible,hipo:2026-09-17;hipo:2026-09-18;hipo:2026-09-19;hipo:2026-09-20;hipo:2026-09-21;hipo:2026-09-22;hipo:2026-09-23;hipo:2026-09-24;hipo:2026-09-25;hipo:2026-09-26;hipo:2026-09-27;hipo:2026-09-28;hipo:2026-09-29;hipo:2026-09-30;hipo:2026-10-01;hipo:2026-10-02;hipo:2026-10-03;hipo:2026-10-04;hipo:2026-10-05;hipo:2026-10-06;hipo:2026-10-07;hipo:2026-10-08;hipo:2026-10-09;hipo:2026-10-10,,0,unreachable-dns,tjrtvu.edu.cn,
Tianjin University,tju.edu.cn,university/college,2026-10-06,Active,openalex:page11;hipo:2026-09-17;hipo:2026-09-18;hipo:2026-09-19;hipo:2026-09-20;hipo:2026-09-21;hipo:2026-09-22;hipo:2026-09-23;hipo:2026-09-24;hipo:2026-09-25;hipo:2026-09-26;hipo:2026-09-27;hipo:2026-09-28;hipo:2026-09-29;hipo:2026-09-30;hipo:2026-10-01;hipo:2026-10-02;hipo:2026-10-03;hipo:2026-10-04;hipo:2026-10-05;hipo:2026-10-06;hipo:2026-10-07;hipo:2026-10-08;hipo:2026-10-09;hipo:2026-10-10,,90,http-2xx-html+multi-source+edu-keywords+trusted-suffix+substantial-content,tju.edu.cn,zh-cn
Tianjin University of Finance & Economics,tjufe.edu.cn,university/college,2026-09-22,Active,hipo:2026-09-17;hipo:2026-09-18;hipo:2026-09-19;hipo:2026-09-20;hipo:2026-09-21;hipo:2026-09-22;hipo:2026-09-23;hipo:2026-09-24;hipo:2026-09-25;hipo:2026-09-26;hipo:2026-09-27;hipo:2026-09-28;hipo:2026-09-29;hipo:2026-09-30;hipo:2026-10-01;hipo:2026-10-02;hipo:2026-10-03;hipo:2026-10-04;hipo:2026-10-05;hipo:2026-10-06;hipo:2026-10-07;hipo:2026-10-08;hipo:2026-10-09;hipo:2026-10-10,,90,http-2xx-html+multi-source+edu-keywords+trusted-suffix+substantial-content,tjufe.edu.cn,
Tianjin University of Technology,tjut.edu.cn,university/college,2026-09-22,Inaccessible,hipo:2026-09-17;hipo:2026-09-18;hipo:2026-09-19;hipo:2026-09-20;hipo:2026-09-21;hipo:2026-09-22;hipo:2026-09-23;hipo:2026-09-24;hipo:2026-09-25;hipo:2026-09-26;hipo:2026-09-27;hipo:2026-09-28;hipo:2026-09-29;hipo:2026-09-30;hipo:2026-10-01;openalex:page92;hipo:2026-10-02;hipo:2026-10-03;hipo:2026-10-04;hipo:2026-10-05;hipo:2026-10-06;hipo:2026-10-07;hipo:2026-10-08;hipo:2026-10-09;hipo:2026-10-10,,0,unreachable-dns,tjut.edu.cn,
3rd Military Medical University,tmmu.edu.cn,university/college,2026-09-22,Inaccessible,hipo:2026-09-17;hipo:2026-09-18;hipo:2026-09-19;hipo:2026-09-20;hipo:2026-09-21;hipo:2026-09-22;openalex:page49;hipo:2026-09-23;hipo:2026-09-24;hipo:2026-09-25;hipo:2026-09-26;hipo:2026-09-27;hipo:2026-09-28;hipo:2026-09-29;hipo:2026-09-30;hipo:2026-10-01;hipo:2026-10-02;hipo:2026-10-03;hipo:2026-10-04;hipo:2026-10-05;hipo:2026-10-06;hipo:2026-10-07;hipo:2026-10-08;hipo:2026-10-09;hipo:2026-10-10,,5,http-404,tmmu.edu.cn,
Tianjin Medical University,tmu.edu.cn,university/college,2026-10-07,Inaccessible,openalex:page48,,0,unreachable-dns,tmu.edu.cn,
Tongji University,tongji.edu.cn,university/college,2026-09-27,Inaccessible,openalex:page9;hipo:2026-09-17;hipo:2026-09-18;hipo:2026-09-19;hipo:2026-09-20;hipo:2026-09-21;hipo:2026-09-22;hipo:2026-09-23;hipo:2026-09-24;hipo:2026-09-25;hipo:2026-09-26;hipo:2026-09-27;hipo:2026-09-28;hipo:2026-09-29;hipo:2026-09-30;hipo:2026-10-01;hipo:2026-10-02;hipo:2026-10-03;hipo:2026-10-04;hipo:2026-10-05;hipo:2026-10-06;openalex:page116;hipo:2026-10-07;hipo:2026-10-08;hipo:2026-10-09;hipo:2026-10-10,,0,unreachable-dns,tongji.edu.cn,
Tsinghua University,tsinghua.edu.cn,university/college,2026-09-27,Inaccessible,openalex:page2;hipo:2026-09-17;hipo:2026-09-18;hipo:2026-09-19;hipo:2026-09-20;hipo:2026-09-21;hipo:2026-09-22;hipo:2026-09-23;hipo:2026-09-24;hipo:2026-09-25;hipo:2026-09-26;hipo:2026-09-27;hipo:2026-09-28;hipo:2026-09-29;hipo:2026-09-30;hipo:2026-10-01;hipo:2026-10-02;hipo:2026-10-03;hipo:2026-10-04;hipo:2026-10-05;hipo:2026-10-06;hipo:2026-10-07;hipo:2026-10-08;hipo:2026-10-09;hipo:2026-10-10,,0,unreachable-dns,tsinghua.edu.cn,
Tibet Tibetan Medical College,ttmc.edu.cn,university/college,2026-09-22,Inaccessible,hipo:2026-09-17;hipo:2026-09-18;hipo:2026-09-19;hipo:2026-09-20;hipo:2026-09-21;hipo:2026-09-22;hipo:2026-09-23;hipo:2026-09-24;hipo:2026-09-25;hipo:2026-09-26;hipo:2026-09-27;hipo:2026-09-28;hipo:2026-09-29;hipo:2026-09-30;hipo:2026-10-01;hipo:2026-10-02;hipo:2026-10-03;hipo:2026-10-04;hipo:2026-10-05;hipo:2026-10-06;hipo:2026-10-07;hipo:2026-10-08;hipo:2026-10-09;hipo:2026-10-10,,0,fetch-error:ReadTimeout,ttmc.edu.cn,
Tianjin University of Science and Technology,tust.edu.cn,university/college,2026-10-07,Active,hipo:2026-09-22;hipo:2026-09-23;hipo:2026-09-24;hipo:2026-09-25;hipo:2026-09-26;hipo:2026-09-27;hipo:2026-09-28;hipo:2026-09-29;hipo:2026-09-30;hipo:2026-10-01;hipo:2026-10-02;hipo:2026-10-03;openalex:page99;hipo:2026-10-04;hipo:2026-10-05;hipo:2026-10-06;hipo:2026-10-07;hipo:2026-10-08;hipo:2026-10-09;hipo:2026-10-10,,90,http-2xx-html+multi-source+edu-keywords+trusted-suffix+substantial-content,tust.edu.cn,
Taiyuan University of Technology,tyut.edu.cn,university/college,2026-09-22,Inaccessible,hipo:2026-09-17;hipo:2026-09-18;hipo:2026-09-19;hipo:2026-09-20;hipo:2026-09-21;hipo:2026-09-22;hipo:2026-09-23;openalex:page51;hipo:2026-09-24;hipo:2026-09-25;hipo:2026-09-26;hipo:2026-09-27;hipo:2026-09-28;hipo:2026-09-29;hipo:2026-09-30;hipo:2026-10-01;hipo:2026-10-02;hipo:2026-10-03;hipo:2026-10-04;hipo:2026-10-05;hipo:2026-10-06;hipo:2026-10-07;hipo:2026-10-08;hipo:2026-10-09;hipo:2026-10-10,,5,http-403,tyut.edu.cn,
Taizhou College,tzc.edu.cn,university/college,2026-09-22,Inaccessible,hipo:2026-09-17;hipo:2026-09-18;hipo:2026-09-19;hipo:2026-09-20;hipo:2026-09-21;hipo:2026-09-22;hipo:2026-09-23;hipo:2026-09-24;hipo:2026-09-25;hipo:2026-09-26;hipo:2026-09-27;hipo:2026-09-28;hipo:2026-09-29;hipo:2026-09-30;hipo:2026-10-01;hipo:2026-10-02;hipo:2026-10-03;hipo:2026-10-04;hipo:2026-10-05;hipo:2026-10-06;hipo:2026-10-07;hipo:2026-10-08;hipo:2026-10-09;hipo:2026-10-10,,0,unreachable-dns,tzc.edu.cn,
University of Chinese Academy of Sciences,ucas.ac.cn,university/college,2026-09-27,Active,openalex:page2,,60,http-2xx-html+edu-keywords+trusted-suffix+substantial-content,ucas.ac.cn,
University of Electronic Science and Technology of China,uestc.edu.cn,university/college,2026-10-05,Inaccessible,openalex:page14;hipo:2026-09-17;hipo:2026-09-18;hipo:2026-09-19;hipo:2026-09-20;hipo:2026-09-21;hipo:2026-09-22;hipo:2026-09-23;hipo:2026-09-24;hipo:2026-09-25;hipo:2026-09-26;hipo:2026-09-27;hipo:2026-09-28;hipo:2026-09-29;hipo:2026-09-30;hipo:2026-10-01;hipo:2026-10-02;hipo:2026-10-03;hipo:2026-10-04;hipo:2026-10-05;hipo:2026-10-06;hipo:2026-10-07;hipo:2026-10-08;hipo:2026-10-09;hipo:2026-10-10,,0,unreachable-dns,uestc.edu.cn,
University of Hydraulic Electric Engineering,uheeyc.edu.cn,university/college,2026-09-22,Inaccessible,hipo:2026-09-17;hipo:2026-09-18;hipo:2026-09-19;hipo:2026-09-20;hipo:2026-09-21;hipo:2026-09-22;hipo:2026-09-23;hipo:2026-09-24;hipo:2026-09-25;hipo:2026-09-26;hipo:2026-09-27;hipo:2026-09-28;hipo:2026-09-29;hipo:2026-09-30;hipo:2026-10-01;hipo:2026-10-02;hipo:2026-10-03;hipo:2026-10-04;hipo:2026-10-05;hipo:2026-10-06;hipo:2026-10-07;hipo:2026-10-08;hipo:2026-10-09;hipo:2026-10-10,,0,unreachable-dns,uheeyc.edu.cn,
University of International Business and Economics,uibe.edu.cn,university/college,2026-09-22,Active,hipo:2026-09-17;hipo:2026-09-18;hipo:2026-09-19;hipo:2026-09-20;hipo:2026-09-21;hipo:2026-09-22;hipo:2026-09-23;hipo:2026-09-24;hipo:2026-09-25;hipo:2026-09-26;hipo:2026-09-27;hipo:2026-09-28;hipo:2026-09-29;hipo:2026-09-30;hipo:2026-10-01;hipo:2026-10-02;hipo:2026-10-03;hipo:2026-10-04;hipo:2026-10-05;hipo:2026-10-06;hipo:2026-10-07;hipo:2026-10-08;hipo:2026-10-09;hipo:2026-10-10,,90,http-2xx-html+multi-source+edu-keywords+trusted-suffix+substantial-content,uibe.edu.cn,
University of Jinan,ujn.edu.cn,university/college,2026-09-22,Active,hipo:2026-09-17;hipo:2026-09-18;hipo:2026-09-19;hipo:2026-09-20;hipo:2026-09-21;hipo:2026-09-22;hipo:2026-09-23;hipo:2026-09-24;hipo:2026-09-25;openalex:page65;hipo:2026-09-26;hipo:2026-09-27;hipo:2026-09-28;hipo:2026-09-29;hipo:2026-09-30;hipo:2026-10-01;hipo:2026-10-02;hipo:2026-10-03;hipo:2026-10-04;hipo:2026-10-05;hipo:2026-10-06;hipo:2026-10-07;hipo:2026-10-08;hipo:2026-10-09;hipo:2026-10-10,,90,http-2xx-html+multi-source+edu-keywords+structure+substantial-content,ujn.edu.cn,en
Shanghai City College,umcollege.com,university/college,2026-09-22,Inaccessible,hipo:2026-09-17;hipo:2026-09-18;hipo:2026-09-19;hipo:2026-09-20;hipo:2026-09-21;hipo:2026-09-22;hipo:2026-09-23;hipo:2026-09-24;hipo:2026-09-25;hipo:2026-09-26;hipo:2026-09-27;hipo:2026-09-28;hipo:2026-09-29;hipo:2026-09-30;hipo:2026-10-01;hipo:2026-10-02;hipo:2026-10-03;hipo:2026-10-04;hipo:2026-10-05;hipo:2026-10-06;hipo:2026-10-07;hipo:2026-10-08;hipo:2026-10-09;hipo:2026-10-10,14,10,parking,umcollege.com,en
"China University of Petroleum, East China",upc.edu.cn,university/college,2026-10-08,Inaccessible,openalex:page53,,0,fetch-error:ReadTimeout,upc.edu.cn,
South China University,usc.edu.cn,university/college,2026-09-22,Inaccessible,hipo:2026-09-17;hipo:2026-09-18;hipo:2026-09-19;hipo:2026-09-20;hipo:2026-09-21;hipo:2026-09-22;hipo:2026-09-23;hipo:2026-09-24;hipo:2026-09-25;hipo:2026-09-26;hipo:2026-09-27;openalex:page74;hipo:2026-09-28;hipo:2026-09-29;hipo:2026-09-30;hipo:2026-10-01;hipo:2026-10-02;hipo:2026-10-03;hipo:2026-10-04;hipo:2026-10-05;hipo:2026-10-06;hipo:2026-10-07;hipo:2026-10-08;hipo:2026-10-09;hipo:2026-10-10,,0,unreachable-dns,usc.edu.cn,
Shanghai University of Science and Technology,usst.edu.cn,university/college,2026-09-22,Inaccessible,hipo:2026-09-17;hipo:2026-09-18;hipo:2026-09-19;hipo:2026-09-20;hipo:2026-09-21;hipo:2026-09-22;hipo:2026-09-23;openalex:page51;hipo:2026-09-24;hipo:2026-09-25;hipo:2026-09-26;hipo:2026-09-27;hipo:2026-09-28;hipo:2026-09-29;hipo:2026-09-30;hipo:2026-10-01;hipo:2026-10-02;hipo:2026-10-03;hipo:2026-10-04;hipo:2026-10-05;hipo:2026-10-06;hipo:2026-10-07;hipo:2026-10-08;hipo:2026-10-09;hipo:2026-10-10,,0,unreachable-dns,usst.edu.cn,
University of Science and Technology Beijing,ustb.edu.cn,university/college,2026-09-22,Inaccessible,hipo:2026-09-17;openalex:page23;hipo:2026-09-18;hipo:2026-09-19;hipo:2026-09-20;hipo:2026-09-21;hipo:2026-09-22;hipo:2026-09-23;hipo:2026-09-24;hipo:2026-09-25;hipo:2026-09-26;hipo:2026-09-27;hipo:2026-09-28;hipo:2026-09-29;hipo:2026-09-30;hipo:2026-10-01;hipo:2026-10-02;hipo:2026-10-03;hipo:2026-10-04;hipo:2026-10-05;hipo:2026-10-06;hipo:2026-10-07;hipo:2026-10-08;hipo:2026-10-09;hipo:2026-10-10,,5,http-400,ustb.edu.cn,
University of Science and Technology of China,ustc.edu,university/college,2026-09-22,Inaccessible,hipo:2026-09-17;hipo:2026-09-18;hipo:2026-09-19;hipo:2026-09-20;hipo:2026-09-21;hipo:2026-09-22;hipo:2026-09-23;hipo:2026-09-24;hipo:2026-09-25;hipo:2026-09-26;hipo:2026-09-27;hipo:2026-09-28;hipo:2026-09-29;hipo:2026-09-30;hipo:2026-10-01;hipo:2026-10-02;hipo:2026-10-03;hipo:2026-10-04;hipo:2026-10-05;hipo:2026-10-06;hipo:2026-10-07;hipo:2026-10-08;hipo:2026-10-09;hipo:2026-10-10,29,40,moved-to:ustc.edu.cn,ustc.edu.cn,
University of Science and Technology of China,ustc.edu.cn,university/college,2026-09-27,Active,openalex:page8;hipo:2026-09-17;hipo:2026-09-18;hipo:2026-09-19;hipo:2026-09-20;hipo:2026-09-21;redirect:ustc.edu;hipo:2026-09-22;hipo:2026-09-23;hipo:2026-09-24;hipo:2026-09-25;hipo:2026-09-26;hipo:2026-09-27;hipo:2026-09-28;hipo:2026-09-29;wikidata:P856;hipo:2026-09-30;hipo:2026-10-01;hipo:2026-10-02;hipo:2026-10-03;hipo:2026-10-04;hipo:2026-10-05;hipo:2026-10-06;hipo:2026-10-07;hipo:2026-10-08;hipo:2026-10-09;hipo:2026-10-10,,80,http-2xx-html+multi-source+edu-keywords+structure,ustc.edu.cn,
Tibet University,utibet.edu.cn,university/college,2026-09-22,Inaccessible,hipo:2026-09-17;hipo:2026-09-18;hipo:2026-09-19;hipo:2026-09-20;hipo:2026-09-21;hipo:2026-09-22;hipo:2026-09-23;hipo:2026-09-24;hipo:2026-09-25;hipo:2026-09-26;hipo:2026-09-27;hipo:2026-09-28;hipo:2026-09-29;hipo:2026-09-30;hipo:2026-10-01;hipo:2026-10-02;hipo:2026-10-03;hipo:2026-10-04;hipo:2026-10-05;hipo:2026-10-06;hipo:2026-10-07;hipo:2026-10-08;hipo:2026-10-09;hipo:2026-10-10,,0,fetch-error:ConnectionError,utibet.edu.cn,
Urumqi Vocational University,uvu.edu.cn,university/college,2026-09-22,Inaccessible,hipo:2026-09-17;hipo:2026-09-18;hipo:2026-09-19;hipo:2026-09-20;hipo:2026-09-21;hipo:2026-09-22;hipo:2026-09-23;hipo:2026-09-24;hipo:2026-09-25;hipo:2026-09-26;hipo:2026-09-27;hipo:2026-09-28;hipo:2026-09-29;hipo:2026-09-30;hipo:2026-10-01;hipo:2026-10-02;hipo:2026-10-03;hipo:2026-10-04;hipo:2026-10-05;hipo:2026-10-06;hipo:2026-10-07;hipo:2026-10-08;hipo:2026-10-09;hipo:2026-10-10,,0,unreachable-dns,uvu.edu.cn,
West China University of Medical Sciences,wcums.edu.cn,university/college,2026-09-22,Inaccessible,hipo:2026-09-17;hipo:2026-09-18;hipo:2026-09-19;hipo:2026-09-20;hipo:2026-09-21;hipo:2026-09-22;hipo:2026-09-23;hipo:2026-09-24;hipo:2026-09-25;hipo:2026-09-26;hipo:2026-09-27;hipo:2026-09-28;hipo:2026-09-29;hipo:2026-09-30;hipo:2026-10-01;hipo:2026-10-02;hipo:2026-10-03;hipo:2026-10-04;hipo:2026-10-05;hipo:2026-10-06;hipo:2026-10-07;hipo:2026-10-08;hipo:2026-10-09;hipo:2026-10-10,,0,unreachable-dns,wcums.edu.cn,
Wudanshan Taoist College,wdsdjxy.com,university/college,2026-09-22,Active,hipo:2026-09-17;hipo:2026-09-18;hipo:2026-09-19;hipo:2026-09-20;hipo:2026-09-21;hipo:2026-09-22;hipo:2026-09-23;hipo:2026-09-24;hipo:2026-09-25;hipo:2026-09-26;hipo:2026-09-27;hipo:2026-09-28;hipo:2026-09-29;hipo:2026-09-30;hipo:2026-10-01;hipo:2026-10-02;hipo:2026-10-03;hipo:2026-10-04;hipo:2026-10-05;hipo:2026-10-06;hipo:2026-10-07;hipo:2026-10-08;hipo:2026-10-09;hipo:2026-10-10,16,70,http-2xx-html+multi-source+edu-keywords,wdsdjxy.com,
Wuhan Donghu University,wdu.edu.cn,university/college,2026-09-26,Inaccessible,ror:api-p10,,0,unreachable-dns,wdu.edu.cn,
Wuhan Automobile Polytechnical University,whapu.edu.cn,university/college,2026-09-22,Inaccessible,hipo:2026-09-17;hipo:2026-09-18;hipo:2026-09-19;hipo:2026-09-20;hipo:2026-09-21;hipo:2026-09-22;hipo:2026-09-23;hipo:2026-09-24;hipo:2026-09-25;hipo:2026-09-26;hipo:2026-09-27;hipo:2026-09-28;hipo:2026-09-29;hipo:2026-09-30;hipo:2026-10-01;hipo:2026-10-02;hipo:2026-10-03;hipo:2026-10-04;hipo:2026-10-05;hipo:2026-10-06;hipo:2026-10-07;hipo:2026-10-08;hipo:2026-10-09;hipo:2026-10-10,,0,unreachable-dns,whapu.edu.cn,
Wuhan Transportation University,whtu.edu.cn,university/college,2026-09-22,Inaccessible,hipo:2026-09-17;hipo:2026-09-18;hipo:2026-09-19;hipo:2026-09-20;hipo:2026-09-21;hipo:2026-09-22;hipo:2026-09-23;hipo:2026-09-24;hipo:2026-09-25;hipo:2026-09-26;hipo:2026-09-27;hipo:2026-09-28;hipo:2026-09-29;hipo:2026-09-30;hipo:2026-10-01;hipo:2026-10-02;hipo:2026-10-03;hipo:2026-10-04;hipo:2026-10-05;hipo:2026-10-06;hipo:2026-10-07;hipo:2026-10-08;hipo:2026-10-09;hipo:2026-10-10,,0,fetch-error:ConnectionError,whtu.edu.cn,
Wuhan University,whu.edu.cn,university/college,2026-09-26,Inaccessible,openalex:page7;hipo:2026-09-17;hipo:2026-09-18;hipo:2026-09-19;hipo:2026-09-20;hipo:2026-09-21;hipo:2026-09-22;hipo:2026-09-23;hipo:2026-09-24;hipo:2026-09-25;hipo:2026-09-26;hipo:2026-09-27;hipo:2026-09-28;hipo:2026-09-29;hipo:2026-09-30;hipo:2026-10-01;hipo:2026-10-02;hipo:2026-10-03;hipo:2026-10-04;hipo:2026-10-05;hipo:2026-10-06;hipo:2026-10-07;hipo:2026-10-08;hipo:2026-10-09;hipo:2026-10-10,,40,low-confidence:http-2xx-html+multi-source+trusted-suffix+substantial-content+non-educational-content,whu.edu.cn,zh-cn
Wuhan University of Technology,whut.edu.cn,university/college,2026-09-22,Inaccessible,hipo:2026-09-17;openalex:page24;hipo:2026-09-18;hipo:2026-09-19;hipo:2026-09-20;hipo:2026-09-21;hipo:2026-09-22;hipo:2026-09-23;hipo:2026-09-24;hipo:2026-09-25;hipo:2026-09-26;hipo:2026-09-27;hipo:2026-09-28;hipo:2026-09-29;hipo:2026-09-30;hipo:2026-10-01;hipo:2026-10-02;hipo:2026-10-03;hipo:2026-10-04;hipo:2026-10-05;hipo:2026-10-06;hipo:2026-10-07;hipo:2026-10-08;hipo:2026-10-09;hipo:2026-10-10,,0,fetch-error:ConnectTimeout,whut.edu.cn,
Wuhan University School of Medicine,wsm.whu.edu.cn,university/college,2026-09-22,Inaccessible,hipo:2026-09-17;hipo:2026-09-18;hipo:2026-09-19;hipo:2026-09-20;hipo:2026-09-21;hipo:2026-09-22;hipo:2026-09-23;hipo:2026-09-24;hipo:2026-09-25;hipo:2026-09-26;hipo:2026-09-27;hipo:2026-09-28;hipo:2026-09-29;hipo:2026-09-30;hipo:2026-10-01;hipo:2026-10-02;hipo:2026-10-03;hipo:2026-10-04;hipo:2026-10-05;hipo:2026-10-06;hipo:2026-10-07;hipo:2026-10-08;hipo:2026-10-09;hipo:2026-10-10,,5,http-403,wsm.whu.edu.cn,
Wuhan Technical University of Surveying and Mapping,wtusm.edu.cn,university/college,2026-09-22,Inaccessible,hipo:2026-09-17;hipo:2026-09-18;hipo:2026-09-19;hipo:2026-09-20;hipo:2026-09-21;hipo:2026-09-22;hipo:2026-09-23;hipo:2026-09-24;hipo:2026-09-25;hipo:2026-09-26;hipo:2026-09-27;hipo:2026-09-28;hipo:2026-09-29;hipo:2026-09-30;hipo:2026-10-01;hipo:2026-10-02;hipo:2026-10-03;hipo:2026-10-04;hipo:2026-10-05;hipo:2026-10-06;hipo:2026-10-07;hipo:2026-10-08;hipo:2026-10-09;hipo:2026-10-10,,0,unreachable-dns,wtusm.edu.cn,
Wuhan University of Hydraulic and Electric Engineering,wuhee.edu.cn,university/college,2026-09-22,Inaccessible,hipo:2026-09-17;hipo:2026-09-18;hipo:2026-09-19;hipo:2026-09-20;hipo:2026-09-21;hipo:2026-09-22;hipo:2026-09-23;hipo:2026-09-24;hipo:2026-09-25;hipo:2026-09-26;hipo:2026-09-27;hipo:2026-09-28;hipo:2026-09-29;hipo:2026-09-30;hipo:2026-10-01;hipo:2026-10-02;hipo:2026-10-03;hipo:2026-10-04;hipo:2026-10-05;hipo:2026-10-06;hipo:2026-10-07;hipo:2026-10-08;hipo:2026-10-09;hipo:2026-10-10,,0,unreachable-dns,wuhee.edu.cn,
Wuhan University of Science and Technology,wust.edu.cn,university/college,2026-10-09,Inaccessible,openalex:page59,,0,unreachable-dns,wust.edu.cn,
Hunan University,www-en.hnu.edu.cn,university/college,2026-09-19,Active,hipo:2026-09-11;hipo:2026-09-13;hipo:2026-09-17;hipo:2026-09-18;hipo:2026-09-19;hipo:2026-09-20;hipo:2026-09-21;hipo:2026-09-22;hipo:2026-09-23;hipo:2026-09-24;hipo:2026-09-25;hipo:2026-09-26;hipo:2026-09-27;hipo:2026-09-28;hipo:2026-09-29;hipo:2026-09-30;hipo:2026-10-01;hipo:2026-10-02;hipo:2026-10-03;hipo:2026-10-04;hipo:2026-10-05;hipo:2026-10-06;hipo:2026-10-07;hipo:2026-10-08;hipo:2026-10-09;hipo:2026-10-10,,,,,
Wuxi University of Light Industry,wxuli.edu.cn,university/college,2026-09-22,Inaccessible,hipo:2026-09-17;hipo:2026-09-18;hipo:2026-09-19;hipo:2026-09-20;hipo:2026-09-21;hipo:2026-09-22;hipo:2026-09-23;hipo:2026-09-24;hipo:2026-09-25;hipo:2026-09-26;hipo:2026-09-27;hipo:2026-09-28;hipo:2026-09-29;hipo:2026-09-30;hipo:2026-10-01;hipo:2026-10-02;hipo:2026-10-03;hipo:2026-10-04;hipo:2026-10-05;hipo:2026-10-06;hipo:2026-10-07;hipo:2026-10-08;hipo:2026-10-09;hipo:2026-10-10,,0,unreachable-dns,wxuli.edu.cn,
Wuyi University,wyu.edu.cn,university/college,2026-09-22,Inaccessible,hipo:2026-09-17;hipo:2026-09-18;hipo:2026-09-19;hipo:2026-09-20;hipo:2026-09-21;hipo:2026-09-22;hipo:2026-09-23;hipo:2026-09-24;hipo:2026-09-25;hipo:2026-09-26;hipo:2026-09-27;hipo:2026-09-28;hipo:2026-09-29;hipo:2026-09-30;hipo:2026-10-01;hipo:2026-10-02;hipo:2026-10-03;hipo:2026-10-04;wikidata:P856;hipo:2026-10-05;hipo:2026-10-06;hipo:2026-10-07;hipo:2026-10-08;hipo:2026-10-09;hipo:2026-10-10,,0,unreachable-dns,wyu.edu.cn,
Wenzhou Medical College,wzmu.net,university/college,2026-09-22,Inaccessible,hipo:2026-09-17;hipo:2026-09-18;hipo:2026-09-19;hipo:2026-09-20;hipo:2026-09-21;hipo:2026-09-22;hipo:2026-09-23;hipo:2026-09-24;hipo:2026-09-25;hipo:2026-09-26;hipo:2026-09-27;hipo:2026-09-28;hipo:2026-09-29;hipo:2026-09-30;hipo:2026-10-01;hipo:2026-10-02;hipo:2026-10-03;hipo:2026-10-04;hipo:2026-10-05;hipo:2026-10-06;hipo:2026-10-07;hipo:2026-10-08;hipo:2026-10-09;hipo:2026-10-10,3,0,unreachable-dns,wzmu.net,
Wenzhou University,wzu.edu.cn,university/college,2026-09-22,Inaccessible,hipo:2026-09-17;hipo:2026-09-18;hipo:2026-09-19;hipo:2026-09-20;hipo:2026-09-21;hipo:2026-09-22;hipo:2026-09-23;hipo:2026-09-24;hipo:2026-09-25;hipo:2026-09-26;hipo:2026-09-27;hipo:2026-09-28;hipo:2026-09-29;hipo:2026-09-30;hipo:2026-10-01;hipo:2026-10-02;hipo:2026-10-03;hipo:2026-10-04;hipo:2026-10-05;hipo:2026-10-06;hipo:2026-10-07;hipo:2026-10-08;hipo:2026-10-09;hipo:2026-10-10,,0,fetch-error:ConnectTimeout,wzu.edu.cn,
Xi'an Academy of Fine Art,xafa.edu.cn,university/college,2026-09-22,Inaccessible,hipo:2026-09-17;hipo:2026-09-18;hipo:2026-09-19;hipo:2026-09-20;hipo:2026-09-21;hipo:2026-09-22;hipo:2026-09-23;hipo:2026-09-24;hipo:2026-09-25;hipo:2026-09-26;hipo:2026-09-27;hipo:2026-09-28;hipo:2026-09-29;hipo:2026-09-30;hipo:2026-10-01;hipo:2026-10-02;hipo:2026-10-03;hipo:2026-10-04;hipo:2026-10-05;hipo:2026-10-06;hipo:2026-10-07;hipo:2026-10-08;hipo:2026-10-09;hipo:2026-10-10,,0,unreachable-dns,xafa.edu.cn,
Xi'an Highway University,xahu.edu.cn,university/college,2026-09-22,Inaccessible,hipo:2026-09-17;hipo:2026-09-18;hipo:2026-09-19;hipo:2026-09-20;hipo:2026-09-21;hipo:2026-09-22;hipo:2026-09-23;hipo:2026-09-24;hipo:2026-09-25;hipo:2026-09-26;hipo:2026-09-27;hipo:2026-09-28;hipo:2026-09-29;hipo:2026-09-30;hipo:2026-10-01;hipo:2026-10-02;hipo:2026-10-03;hipo:2026-10-04;hipo:2026-10-05;hipo:2026-10-06;hipo:2026-10-07;hipo:2026-10-08;hipo:2026-10-09;hipo:2026-10-10,,0,fetch-error:SSLError,xahu.edu.cn,
Xi'an University of Architecture and Technology,xauat.edu.cn,university/college,2026-09-22,Inaccessible,hipo:2026-09-17;hipo:2026-09-18;hipo:2026-09-19;hipo:2026-09-20;hipo:2026-09-21;hipo:2026-09-22;hipo:2026-09-23;hipo:2026-09-24;hipo:2026-09-25;hipo:2026-09-26;hipo:2026-09-27;hipo:2026-09-28;hipo:2026-09-29;openalex:page84;hipo:2026-09-30;hipo:2026-10-01;hipo:2026-10-02;hipo:2026-10-03;hipo:2026-10-04;hipo:2026-10-05;hipo:2026-10-06;hipo:2026-10-07;hipo:2026-10-08;hipo:2026-10-09;hipo:2026-10-10,,0,unreachable-dns,xauat.edu.cn,
Xi'an University of Technology,xaut.edu.cn,university/college,2026-09-22,Inaccessible,hipo:2026-09-17;hipo:2026-09-18;hipo:2026-09-19;hipo:2026-09-20;hipo:2026-09-21;hipo:2026-09-22;hipo:2026-09-23;hipo:2026-09-24;openalex:page60;hipo:2026-09-25;hipo:2026-09-26;hipo:2026-09-27;hipo:2026-09-28;hipo:2026-09-29;hipo:2026-09-30;hipo:2026-10-01;hipo:2026-10-02;hipo:2026-10-03;hipo:2026-10-04;hipo:2026-10-05;hipo:2026-10-06;hipo:2026-10-07;hipo:2026-10-08;hipo:2026-10-09;hipo:2026-10-10,,5,http-403,xaut.edu.cn,
Xinghai Conservatory of Music,xhcom.edu.cn,university/college,2026-09-22,Inaccessible,hipo:2026-09-17;hipo:2026-09-18;hipo:2026-09-19;hipo:2026-09-20;hipo:2026-09-21;hipo:2026-09-22;hipo:2026-09-23;hipo:2026-09-24;hipo:2026-09-25;hipo:2026-09-26;hipo:2026-09-27;hipo:2026-09-28;hipo:2026-09-29;hipo:2026-09-30;hipo:2026-10-01;hipo:2026-10-02;hipo:2026-10-03;hipo:2026-10-04;hipo:2026-10-05;hipo:2026-10-06;hipo:2026-10-07;hipo:2026-10-08;hipo:2026-10-09;hipo:2026-10-10,,0,fetch-error:ConnectionError,xhcom.edu.cn,
Xihua University,xhu.edu.cn,university/college,2026-10-05,Inaccessible,hipo:2026-09-20;hipo:2026-09-21;hipo:2026-09-22;hipo:2026-09-23;hipo:2026-09-24;hipo:2026-09-25;hipo:2026-09-26;hipo:2026-09-27;hipo:2026-09-28;hipo:2026-09-29;hipo:2026-09-30;hipo:2026-10-01;hipo:2026-10-02;hipo:2026-10-03;hipo:2026-10-04;hipo:2026-10-05;hipo:2026-10-06;openalex:page117;hipo:2026-10-07;hipo:2026-10-08;hipo:2026-10-09;hipo:2026-10-10,,0,fetch-error:ConnectTimeout,xhu.edu.cn,
Xi'an University of Electronic Science and Technology,xidian.edu.cn,university/college,2026-09-22,Inaccessible,hipo:2026-09-17;hipo:2026-09-18;hipo:2026-09-19;hipo:2026-09-20;hipo:2026-09-21;hipo:2026-09-22;hipo:2026-09-23;hipo:2026-09-24;hipo:2026-09-25;hipo:2026-09-26;hipo:2026-09-27;hipo:2026-09-28;hipo:2026-09-29;hipo:2026-09-30;hipo:2026-10-01;hipo:2026-10-02;hipo:2026-10-03;hipo:2026-10-04;hipo:2026-10-05;hipo:2026-10-06;hipo:2026-10-07;hipo:2026-10-08;hipo:2026-10-09;hipo:2026-10-10,,0,unreachable-dns,xidian.edu.cn,
Xijiang University,xiju.edu.cn,university/college,2026-09-22,Inaccessible,hipo:2026-09-17;hipo:2026-09-18;hipo:2026-09-19;hipo:2026-09-20;hipo:2026-09-21;hipo:2026-09-22;hipo:2026-09-23;hipo:2026-09-24;hipo:2026-09-25;hipo:2026-09-26;hipo:2026-09-27;hipo:2026-09-28;hipo:2026-09-29;hipo:2026-09-30;hipo:2026-10-01;hipo:2026-10-02;hipo:2026-10-03;hipo:2026-10-04;hipo:2026-10-05;hipo:2026-10-06;hipo:2026-10-07;hipo:2026-10-08;hipo:2026-10-09;hipo:2026-10-10,,0,fetch-error:ConnectionError,xiju.edu.cn,
Xi'an International Studies University,xisu.edu.cn,university/college,2026-09-22,Inaccessible,hipo:2026-09-17;hipo:2026-09-18;hipo:2026-09-19;hipo:2026-09-20;hipo:2026-09-21;hipo:2026-09-22;hipo:2026-09-23;hipo:2026-09-24;hipo:2026-09-25;hipo:2026-09-26;hipo:2026-09-27;hipo:2026-09-28;hipo:2026-09-29;hipo:2026-09-30;hipo:2026-10-01;hipo:2026-10-02;hipo:2026-10-03;hipo:2026-10-04;hipo:2026-10-05;hipo:2026-10-06;hipo:2026-10-07;hipo:2026-10-08;hipo:2026-10-09;hipo:2026-10-10,,0,unreachable-dns,xisu.edu.cn,
Xinjiang Agriculture University,xjau.edu.cn,university/college,2026-09-22,Inaccessible,hipo:2026-09-17;hipo:2026-09-18;hipo:2026-09-19;hipo:2026-09-20;hipo:2026-09-21;hipo:2026-09-22;hipo:2026-09-23;hipo:2026-09-24;hipo:2026-09-25;hipo:2026-09-26;hipo:2026-09-27;hipo:2026-09-28;hipo:2026-09-29;hipo:2026-09-30;hipo:2026-10-01;hipo:2026-10-02;hipo:2026-10-03;hipo:2026-10-04;hipo:2026-10-05;hipo:2026-10-06;hipo:2026-10-07;hipo:2026-10-08;hipo:2026-10-09;hipo:2026-10-10,,0,unreachable-dns,xjau.edu.cn,
Xinjiang Normal University,xjnu.edu.cn,university/college,2026-09-22,Inaccessible,hipo:2026-09-17;hipo:2026-09-18;hipo:2026-09-19;hipo:2026-09-20;hipo:2026-09-21;hipo:2026-09-22;hipo:2026-09-23;hipo:2026-09-24;hipo:2026-09-25;hipo:2026-09-26;hipo:2026-09-27;hipo:2026-09-28;hipo:2026-09-29;hipo:2026-09-30;hipo:2026-10-01;hipo:2026-10-02;hipo:2026-10-03;hipo:2026-10-04;hipo:2026-10-05;hipo:2026-10-06;hipo:2026-10-07;hipo:2026-10-08;hipo:2026-10-09;hipo:2026-10-10,,0,unreachable-dns,xjnu.edu.cn,
Xi'an Jiaotong-Liverpool University,xjtlu.edu.cn,university/college,2026-09-22,Inaccessible,hipo:2026-09-17;hipo:2026-09-18;hipo:2026-09-19;hipo:2026-09-20;hipo:2026-09-21;hipo:2026-09-22;hipo:2026-09-23;hipo:2026-09-24;hipo:2026-09-25;hipo:2026-09-26;hipo:2026-09-27;hipo:2026-09-28;hipo:2026-09-29;hipo:2026-09-30;hipo:2026-10-01;hipo:2026-10-02;hipo:2026-10-03;hipo:2026-10-04;hipo:2026-10-05;hipo:2026-10-06;hipo:2026-10-07;hipo:2026-10-08;hipo:2026-10-09;hipo:2026-10-10,,0,unreachable-dns,xjtlu.edu.cn,
Xi'an Jiaotong University,xjtu.edu.cn,university/college,2026-09-26,Inaccessible,openalex:page8;hipo:2026-09-17;hipo:2026-09-18;hipo:2026-09-19;hipo:2026-09-20;hipo:2026-09-21;hipo:2026-09-22;hipo:2026-09-23;hipo:2026-09-24;hipo:2026-09-25;hipo:2026-09-26;hipo:2026-09-27;hipo:2026-09-28;hipo:2026-09-29;hipo:2026-09-30;hipo:2026-10-01;hipo:2026-10-02;hipo:2026-10-03;hipo:2026-10-04;hipo:2026-10-05;hipo:2026-10-06;hipo:2026-10-07;hipo:2026-10-08;hipo:2026-10-09;hipo:2026-10-10,,0,unreachable-dns,xjtu.edu.cn,
Xinjiang University,xju.edu.cn,university/college,2026-09-22,Inaccessible,hipo:2026-09-17;hipo:2026-09-18;hipo:2026-09-19;hipo:2026-09-20;hipo:2026-09-21;hipo:2026-09-22;hipo:2026-09-23;hipo:2026-09-24;hipo:2026-09-25;openalex:page64;hipo:2026-09-26;hipo:2026-09-27;hipo:2026-09-28;hipo:2026-09-29;hipo:2026-09-30;hipo:2026-10-01;hipo:2026-10-02;hipo:2026-10-03;hipo:2026-10-04;hipo:2026-10-05;hipo:2026-10-06;hipo:2026-10-07;hipo:2026-10-08;hipo:2026-10-09;hipo:2026-10-10,,40,low-confidence:http-2xx-html+multi-source+trusted-suffix+substantial-content+non-educational-content,xju.edu.cn,zh-cn
Xinjiang University of Finance and Economics,xjufe.edu.cn,university/college,2026-09-22,Inaccessible,hipo:2026-09-17;hipo:2026-09-18;hipo:2026-09-19;hipo:2026-09-20;hipo:2026-09-21;hipo:2026-09-22;hipo:2026-09-23;hipo:2026-09-24;hipo:2026-09-25;hipo:2026-09-26;hipo:2026-09-27;hipo:2026-09-28;hipo:2026-09-29;hipo:2026-09-30;hipo:2026-10-01;hipo:2026-10-02;hipo:2026-10-03;hipo:2026-10-04;hipo:2026-10-05;hipo:2026-10-06;hipo:2026-10-07;hipo:2026-10-08;hipo:2026-10-09;hipo:2026-10-10,,0,unreachable-dns,xjufe.edu.cn,
Xiamen University,xmu.edu.cn,university/college,2026-09-18,Active,openalex:page18;hipo:2026-09-17;hipo:2026-09-18;hipo:2026-09-19;hipo:2026-09-20;hipo:2026-09-21;hipo:2026-09-22;hipo:2026-09-23;hipo:2026-09-24;hipo:2026-09-25;hipo:2026-09-26;hipo:2026-09-27;hipo:2026-09-28;hipo:2026-09-29;hipo:2026-09-30;hipo:2026-10-01;hipo:2026-10-02;hipo:2026-10-03;hipo:2026-10-04;hipo:2026-10-05;hipo:2026-10-06;hipo:2026-10-07;hipo:2026-10-08;hipo:2026-10-09;hipo:2026-10-10,,,,,
Xiangtan Normal University,xtnu.edu.cn,university/college,2026-09-22,Inaccessible,hipo:2026-09-17;hipo:2026-09-18;hipo:2026-09-19;hipo:2026-09-20;hipo:2026-09-21;hipo:2026-09-22;hipo:2026-09-23;hipo:2026-09-24;hipo:2026-09-25;hipo:2026-09-26;hipo:2026-09-27;hipo:2026-09-28;hipo:2026-09-29;hipo:2026-09-30;hipo:2026-10-01;hipo:2026-10-02;hipo:2026-10-03;hipo:2026-10-04;hipo:2026-10-05;hipo:2026-10-06;hipo:2026-10-07;hipo:2026-10-08;hipo:2026-10-09;hipo:2026-10-10,,0,unreachable-dns,xtnu.edu.cn,
Xiangtan University,xtu.edu.cn,university/college,2026-09-22,Inaccessible,hipo:2026-09-17;hipo:2026-09-18;hipo:2026-09-19;hipo:2026-09-20;hipo:2026-09-21;hipo:2026-09-22;hipo:2026-09-23;hipo:2026-09-24;hipo:2026-09-25;hipo:2026-09-26;hipo:2026-09-27;openalex:page72;hipo:2026-09-28;hipo:2026-09-29;hipo:2026-09-30;hipo:2026-10-01;hipo:2026-10-02;hipo:2026-10-03;hipo:2026-10-04;hipo:2026-10-05;hipo:2026-10-06;hipo:2026-10-07;hipo:2026-10-08;hipo:2026-10-09;hipo:2026-10-10,,5,http-403,xtu.edu.cn,
Tibet Agricultural and Animal Husbandry College,xza.cn,university/college,2026-09-22,Inaccessible,hipo:2026-09-17;hipo:2026-09-18;hipo:2026-09-19;hipo:2026-09-20;hipo:2026-09-21;hipo:2026-09-22;hipo:2026-09-23;hipo:2026-09-24;hipo:2026-09-25;hipo:2026-09-26;hipo:2026-09-27;hipo:2026-09-28;hipo:2026-09-29;hipo:2026-09-30;hipo:2026-10-01;hipo:2026-10-02;hipo:2026-10-03;hipo:2026-10-04;hipo:2026-10-05;hipo:2026-10-06;hipo:2026-10-07;hipo:2026-10-08;hipo:2026-10-09;hipo:2026-10-10,,0,fetch-error:ReadTimeout,xza.cn,
Tibet University of Nationalities,xzmy.edu.cn,university/college,2026-09-22,Inaccessible,hipo:2026-09-17;hipo:2026-09-18;hipo:2026-09-19;hipo:2026-09-20;hipo:2026-09-21;hipo:2026-09-22;hipo:2026-09-23;hipo:2026-09-24;hipo:2026-09-25;hipo:2026-09-26;hipo:2026-09-27;hipo:2026-09-28;hipo:2026-09-29;hipo:2026-09-30;hipo:2026-10-01;hipo:2026-10-02;hipo:2026-10-03;hipo:2026-10-04;hipo:2026-10-05;hipo:2026-10-06;hipo:2026-10-07;hipo:2026-10-08;hipo:2026-10-09;hipo:2026-10-10,,0,unreachable-dns,xzmy.edu.cn,
Xuzhou Normal University,xznu.edu.cn,university/college,2026-09-22,Inaccessible,hipo:2026-09-17;hipo:2026-09-18;hipo:2026-09-19;hipo:2026-09-20;hipo:2026-09-21;hipo:2026-09-22;hipo:2026-09-23;hipo:2026-09-24;hipo:2026-09-25;hipo:2026-09-26;hipo:2026-09-27;hipo:2026-09-28;hipo:2026-09-29;hipo:2026-09-30;hipo:2026-10-01;hipo:2026-10-02;hipo:2026-10-03;hipo:2026-10-04;hipo:2026-10-05;hipo:2026-10-06;hipo:2026-10-07;hipo:2026-10-08;hipo:2026-10-09;hipo:2026-10-10,,0,unreachable-dns,xznu.edu.cn,
Yangtze University,yangtzeu.edu.cn,university/college,2026-09-22,Active,hipo:2026-09-17;hipo:2026-09-18;hipo:2026-09-19;hipo:2026-09-20;hipo:2026-09-21;hipo:2026-09-22;hipo:2026-09-23;hipo:2026-09-24;hipo:2026-09-25;hipo:2026-09-26;hipo:2026-09-27;hipo:2026-09-28;openalex:page77;hipo:2026-09-29;hipo:2026-09-30;hipo:2026-10-01;hipo:2026-10-02;hipo:2026-10-03;hipo:2026-10-04;hipo:2026-10-05;hipo:2026-10-06;hipo:2026-10-07;hipo:2026-10-08;hipo:2026-10-09;hipo:2026-10-10,,90,http-2xx-html+multi-source+edu-keywords+structure+substantial-content,yangtzeu.edu.cn,zh-cn
Yan'an University,yau.edu.cn,university/college,2026-09-22,Inaccessible,hipo:2026-09-17;hipo:2026-09-18;hipo:2026-09-19;hipo:2026-09-20;hipo:2026-09-21;hipo:2026-09-22;hipo:2026-09-23;hipo:2026-09-24;hipo:2026-09-25;hipo:2026-09-26;hipo:2026-09-27;hipo:2026-09-28;hipo:2026-09-29;hipo:2026-09-30;hipo:2026-10-01;hipo:2026-10-02;hipo:2026-10-03;hipo:2026-10-04;hipo:2026-10-05;hipo:2026-10-06;hipo:2026-10-07;hipo:2026-10-08;hipo:2026-10-09;hipo:2026-10-10,,40,low-confidence:http-2xx-html+multi-source+trusted-suffix+substantial-content+non-educational-content,yau.edu.cn,zh-cn
Yanbian University,ybu.edu.cn,university/college,2026-09-22,Active,hipo:2026-09-17;hipo:2026-09-18;hipo:2026-09-19;hipo:2026-09-20;hipo:2026-09-21;hipo:2026-09-22;hipo:2026-09-23;hipo:2026-09-24;hipo:2026-09-25;hipo:2026-09-26;hipo:2026-09-27;hipo:2026-09-28;hipo:2026-09-29;hipo:2026-09-30;hipo:2026-10-01;hipo:2026-10-02;hipo:2026-10-03;hipo:2026-10-04;hipo:2026-10-05;hipo:2026-10-06;hipo:2026-10-07;hipo:2026-10-08;hipo:2026-10-09;hipo:2026-10-10,,90,http-2xx-html+multi-source+edu-keywords+trusted-suffix+substantial-content,ybu.edu.cn,
Yanbian University of Science and Technology,ybust.edu.cn,university/college,2026-09-22,Inaccessible,hipo:2026-09-17;hipo:2026-09-18;hipo:2026-09-19;hipo:2026-09-20;hipo:2026-09-21;hipo:2026-09-22;hipo:2026-09-23;hipo:2026-09-24;hipo:2026-09-25;hipo:2026-09-26;hipo:2026-09-27;hipo:2026-09-28;hipo:2026-09-29;hipo:2026-09-30;hipo:2026-10-01;hipo:2026-10-02;hipo:2026-10-03;hipo:2026-10-04;hipo:2026-10-05;hipo:2026-10-06;hipo:2026-10-07;hipo:2026-10-08;hipo:2026-10-09;hipo:2026-10-10,,0,unreachable-dns,ybust.edu.cn,
Huaihua Medical College,yizhuan.com,university/college,2026-09-22,Inaccessible,hipo:2026-09-17;hipo:2026-09-18;hipo:2026-09-19;hipo:2026-09-20;hipo:2026-09-21;hipo:2026-09-22;hipo:2026-09-23;hipo:2026-09-24;hipo:2026-09-25;hipo:2026-09-26;hipo:2026-09-27;hipo:2026-09-28;hipo:2026-09-29;hipo:2026-09-30;hipo:2026-10-01;hipo:2026-10-02;hipo:2026-10-03;hipo:2026-10-04;hipo:2026-10-05;hipo:2026-10-06;hipo:2026-10-07;hipo:2026-10-08;hipo:2026-10-09;hipo:2026-10-10,24,0,unreachable-dns,yizhuan.com,
Yunnan Agriculture University,ynau.edu.cn,university/college,2026-09-22,Active,hipo:2026-09-17;hipo:2026-09-18;hipo:2026-09-19;hipo:2026-09-20;hipo:2026-09-21;hipo:2026-09-22;hipo:2026-09-23;hipo:2026-09-24;hipo:2026-09-25;hipo:2026-09-26;hipo:2026-09-27;hipo:2026-09-28;hipo:2026-09-29;hipo:2026-09-30;hipo:2026-10-01;hipo:2026-10-02;hipo:2026-10-03;hipo:2026-10-04;hipo:2026-10-05;hipo:2026-10-06;hipo:2026-10-07;hipo:2026-10-08;hipo:2026-10-09;hipo:2026-10-10,,80,http-2xx-html+multi-source+edu-keywords+trusted-suffix,ynau.edu.cn,
Yunnan Normal University,ynnu.edu.cn,university/college,2026-09-22,Inaccessible,hipo:2026-09-17;hipo:2026-09-18;hipo:2026-09-19;hipo:2026-09-20;hipo:2026-09-21;hipo:2026-09-22;hipo:2026-09-23;hipo:2026-09-24;hipo:2026-09-25;hipo:2026-09-26;hipo:2026-09-27;hipo:2026-09-28;hipo:2026-09-29;hipo:2026-09-30;hipo:2026-10-01;hipo:2026-10-02;hipo:2026-10-03;hipo:2026-10-04;hipo:2026-10-05;hipo:2026-10-06;hipo:2026-10-07;hipo:2026-10-08;hipo:2026-10-09;hipo:2026-10-10,,0,fetch-error:ConnectionError,ynnu.edu.cn,
Yunnan University,ynu.edu.cn,university/college,2026-09-22,Inaccessible,hipo:2026-09-17;hipo:2026-09-18;hipo:2026-09-19;hipo:2026-09-20;hipo:2026-09-21;openalex:page44;hipo:2026-09-22;hipo:2026-09-23;hipo:2026-09-24;hipo:2026-09-25;hipo:2026-09-26;hipo:2026-09-27;hipo:2026-09-28;hipo:2026-09-29;hipo:2026-09-30;hipo:2026-10-01;hipo:2026-10-02;hipo:2026-10-03;hipo:2026-10-04;hipo:2026-10-05;hipo:2026-10-06;hipo:2026-10-07;hipo:2026-10-08;hipo:2026-10-09;hipo:2026-10-10,,0,unreachable-dns,ynu.edu.cn,
Yan Shan University,ysu.edu.cn,university/college,2026-09-22,Inaccessible,hipo:2026-09-17;hipo:2026-09-18;hipo:2026-09-19;hipo:2026-09-20;hipo:2026-09-21;hipo:2026-09-22;hipo:2026-09-23;hipo:2026-09-24;hipo:2026-09-25;hipo:2026-09-26;hipo:2026-09-27;hipo:2026-09-28;hipo:2026-09-29;hipo:2026-09-30;hipo:2026-10-01;hipo:2026-10-02;hipo:2026-10-03;hipo:2026-10-04;hipo:2026-10-05;hipo:2026-10-06;hipo:2026-10-07;hipo:2026-10-08;hipo:2026-10-09;hipo:2026-10-10,,40,low-confidence:http-2xx-html+multi-source+trusted-suffix+substantial-content+non-educational-content,ysu.edu.cn,zh-cn
Yantai Education Institute & Yantai Television University,ytet.edu.cn,university/college,2026-09-22,Inaccessible,hipo:2026-09-17;hipo:2026-09-18;hipo:2026-09-19;hipo:2026-09-20;hipo:2026-09-21;hipo:2026-09-22;hipo:2026-09-23;hipo:2026-09-24;hipo:2026-09-25;hipo:2026-09-26;hipo:2026-09-27;hipo:2026-09-28;hipo:2026-09-29;hipo:2026-09-30;hipo:2026-10-01;hipo:2026-10-02;hipo:2026-10-03;hipo:2026-10-04;hipo:2026-10-05;hipo:2026-10-06;hipo:2026-10-07;hipo:2026-10-08;hipo:2026-10-09;hipo:2026-10-10,,0,unreachable-dns,ytet.edu.cn,
Ludong University,ytnc.edu.cn,university/college,2026-09-22,Inaccessible,hipo:2026-09-17;hipo:2026-09-18;hipo:2026-09-19;hipo:2026-09-20;hipo:2026-09-21;hipo:2026-09-22;hipo:2026-09-23;hipo:2026-09-24;hipo:2026-09-25;hipo:2026-09-26;hipo:2026-09-27;hipo:2026-09-28;hipo:2026-09-29;hipo:2026-09-30;hipo:2026-10-01;hipo:2026-10-02;hipo:2026-10-03;hipo:2026-10-04;hipo:2026-10-05;hipo:2026-10-06;hipo:2026-10-07;hipo:2026-10-08;hipo:2026-10-09;hipo:2026-10-10,,0,unreachable-dns,ytnc.edu.cn,
Yantai University,ytu.edu.cn,university/college,2026-09-22,Inaccessible,hipo:2026-09-17;hipo:2026-09-18;hipo:2026-09-19;hipo:2026-09-20;hipo:2026-09-21;hipo:2026-09-22;hipo:2026-09-23;hipo:2026-09-24;hipo:2026-09-25;hipo:2026-09-26;hipo:2026-09-27;hipo:2026-09-28;hipo:2026-09-29;hipo:2026-09-30;hipo:2026-10-01;hipo:2026-10-02;hipo:2026-10-03;hipo:2026-10-04;openalex:page106;hipo:2026-10-05;hipo:2026-10-06;hipo:2026-10-07;hipo:2026-10-08;hipo:2026-10-09;hipo:2026-10-10,,0,unreachable-dns,ytu.edu.cn,
Yangtze Normal University,yznu.cn,university/college,2026-09-22,Inaccessible,hipo:2026-09-17;hipo:2026-09-18;hipo:2026-09-19;hipo:2026-09-20;hipo:2026-09-21;hipo:2026-09-22;hipo:2026-09-23;hipo:2026-09-24;hipo:2026-09-25;hipo:2026-09-26;hipo:2026-09-27;hipo:2026-09-28;hipo:2026-09-29;hipo:2026-09-30;hipo:2026-10-01;hipo:2026-10-02;hipo:2026-10-03;hipo:2026-10-04;hipo:2026-10-05;hipo:2026-10-06;hipo:2026-10-07;hipo:2026-10-08;hipo:2026-10-09;hipo:2026-10-10,,0,fetch-error:ConnectTimeout,yznu.cn,
Yangzhou University,yzu.edu.cn,university/college,2026-09-22,Inaccessible,hipo:2026-09-17;hipo:2026-09-18;hipo:2026-09-19;hipo:2026-09-20;hipo:2026-09-21;hipo:2026-09-22;hipo:2026-09-23;hipo:2026-09-24;hipo:2026-09-25;hipo:2026-09-26;hipo:2026-09-27;hipo:2026-09-28;hipo:2026-09-29;hipo:2026-09-30;hipo:2026-10-01;hipo:2026-10-02;hipo:2026-10-03;hipo:2026-10-04;hipo:2026-10-05;hipo:2026-10-06;hipo:2026-10-07;hipo:2026-10-08;hipo:2026-10-09;hipo:2026-10-10,,5,http-412,yzu.edu.cn,
Zhengda Software College,zdsoft.com.cn,university/college,2026-09-22,Inaccessible,hipo:2026-09-17;hipo:2026-09-18;hipo:2026-09-19;hipo:2026-09-20;hipo:2026-09-21;hipo:2026-09-22;hipo:2026-09-23;hipo:2026-09-24;hipo:2026-09-25;hipo:2026-09-26;hipo:2026-09-27;hipo:2026-09-28;hipo:2026-09-29;hipo:2026-09-30;hipo:2026-10-01;hipo:2026-10-02;hipo:2026-10-03;hipo:2026-10-04;hipo:2026-10-05;hipo:2026-10-06;hipo:2026-10-07;hipo:2026-10-08;hipo:2026-10-09;hipo:2026-10-10,,0,fetch-error:ConnectTimeout,zdsoft.com.cn,
Buddhist Acamedy of China,zgfxy.cn,university/college,2026-09-22,Active,hipo:2026-09-17;hipo:2026-09-18;hipo:2026-09-19;hipo:2026-09-20;hipo:2026-09-21;hipo:2026-09-22;hipo:2026-09-23;hipo:2026-09-24;hipo:2026-09-25;hipo:2026-09-26;hipo:2026-09-27;hipo:2026-09-28;hipo:2026-09-29;hipo:2026-09-30;hipo:2026-10-01;hipo:2026-10-02;hipo:2026-10-03;hipo:2026-10-04;hipo:2026-10-05;hipo:2026-10-06;hipo:2026-10-07;hipo:2026-10-08;hipo:2026-10-09;hipo:2026-10-10,,70,http-2xx-html+multi-source+edu-keywords,zgfxy.cn,
Zhongnan University of Technology,zhnut.edu.cn,university/college,2026-09-22,Inaccessible,hipo:2026-09-17;hipo:2026-09-18;hipo:2026-09-19;hipo:2026-09-20;hipo:2026-09-21;hipo:2026-09-22;hipo:2026-09-23;hipo:2026-09-24;hipo:2026-09-25;hipo:2026-09-26;hipo:2026-09-27;hipo:2026-09-28;hipo:2026-09-29;hipo:2026-09-30;hipo:2026-10-01;hipo:2026-10-02;hipo:2026-10-03;hipo:2026-10-04;hipo:2026-10-05;hipo:2026-10-06;hipo:2026-10-07;hipo:2026-10-08;hipo:2026-10-09;hipo:2026-10-10,,0,unreachable-dns,zhnut.edu.cn,
Zhejiang Forestry University,zjfc.edu.cn,university/college,2026-09-22,Inaccessible,hipo:2026-09-17;hipo:2026-09-18;hipo:2026-09-19;hipo:2026-09-20;hipo:2026-09-21;hipo:2026-09-22;hipo:2026-09-23;hipo:2026-09-24;hipo:2026-09-25;hipo:2026-09-26;hipo:2026-09-27;hipo:2026-09-28;hipo:2026-09-29;hipo:2026-09-30;hipo:2026-10-01;hipo:2026-10-02;hipo:2026-10-03;hipo:2026-10-04;hipo:2026-10-05;hipo:2026-10-06;hipo:2026-10-07;hipo:2026-10-08;hipo:2026-10-09;hipo:2026-10-10,,0,fetch-error:SSLError,zjfc.edu.cn,
Zhejiang Fashion Institute of Technology,zjff.net,university/college,2026-09-17,Inaccessible,ror:api-p17,21,0,unreachable-dns,,
Zhejiang Gongshang University,zjgsu.edu.cn,university/college,2026-09-22,Inaccessible,hipo:2026-09-17;hipo:2026-09-18;hipo:2026-09-19;hipo:2026-09-20;hipo:2026-09-21;hipo:2026-09-22;hipo:2026-09-23;hipo:2026-09-24;hipo:2026-09-25;hipo:2026-09-26;hipo:2026-09-27;hipo:2026-09-28;hipo:2026-09-29;hipo:2026-09-30;hipo:2026-10-01;hipo:2026-10-02;hipo:2026-10-03;hipo:2026-10-04;openalex:page107;hipo:2026-10-05;hipo:2026-10-06;hipo:2026-10-07;hipo:2026-10-08;hipo:2026-10-09;hipo:2026-10-10,,40,low-confidence:http-2xx-html+multi-source+trusted-suffix+non-educational-content,zjgsu.edu.cn,
Zhejiang Normal University,zjnu.edu.cn,university/college,2026-09-22,Active,hipo:2026-09-17;hipo:2026-09-18;hipo:2026-09-19;hipo:2026-09-20;hipo:2026-09-21;hipo:2026-09-22;hipo:2026-09-23;hipo:2026-09-24;hipo:2026-09-25;hipo:2026-09-26;openalex:page68;hipo:2026-09-27;hipo:2026-09-28;hipo:2026-09-29;hipo:2026-09-30;hipo:2026-10-01;hipo:2026-10-02;hipo:2026-10-03;hipo:2026-10-04;hipo:2026-10-05;hipo:2026-10-06;hipo:2026-10-07;hipo:2026-10-08;hipo:2026-10-09;hipo:2026-10-10,,90,http-2xx-html+multi-source+edu-keywords+trusted-suffix+substantial-content,zjnu.edu.cn,
Zhanjiang Ocean University,zjou.edu.cn,university/college,2026-09-22,Inaccessible,hipo:2026-09-17;hipo:2026-09-18;hipo:2026-09-19;hipo:2026-09-20;hipo:2026-09-21;hipo:2026-09-22;hipo:2026-09-23;hipo:2026-09-24;hipo:2026-09-25;hipo:2026-09-26;hipo:2026-09-27;hipo:2026-09-28;hipo:2026-09-29;hipo:2026-09-30;hipo:2026-10-01;hipo:2026-10-02;hipo:2026-10-03;hipo:2026-10-04;hipo:2026-10-05;hipo:2026-10-06;hipo:2026-10-07;hipo:2026-10-08;hipo:2026-10-09;hipo:2026-10-10,,0,fetch-error:ConnectTimeout,zjou.edu.cn,
Zhejiang University,zju.edu.cn,university/college,2026-09-19,Inaccessible,openalex:page2;hipo:2026-09-17;hipo:2026-09-18;hipo:2026-09-19;hipo:2026-09-20;hipo:2026-09-21;hipo:2026-09-22;hipo:2026-09-23;hipo:2026-09-24;hipo:2026-09-25;hipo:2026-09-26;hipo:2026-09-27;hipo:2026-09-28;hipo:2026-09-29;hipo:2026-09-30;hipo:2026-10-01;hipo:2026-10-02;hipo:2026-10-03;hipo:2026-10-04;hipo:2026-10-05;hipo:2026-10-06;hipo:2026-10-07;hipo:2026-10-08;hipo:2026-10-09;hipo:2026-10-10,,0,unreachable-dns,,
Zhejiang University of Technology,zjut.edu.cn,university/college,2026-09-22,Inaccessible,hipo:2026-09-17;hipo:2026-09-18;hipo:2026-09-19;hipo:2026-09-20;hipo:2026-09-21;hipo:2026-09-22;hipo:2026-09-23;hipo:2026-09-24;hipo:2026-09-25;hipo:2026-09-26;hipo:2026-09-27;hipo:2026-09-28;hipo:2026-09-29;hipo:2026-09-30;hipo:2026-10-01;hipo:2026-10-02;hipo:2026-10-03;hipo:2026-10-04;hipo:2026-10-05;hipo:2026-10-06;hipo:2026-10-07;hipo:2026-10-08;hipo:2026-10-09;hipo:2026-10-10,,0,unreachable-dns,zjut.edu.cn,
Jiyang College of Zhejiang A&F University,zjyc.edu.cn,university/college,2026-10-09,Inaccessible,ror:api-p64,,0,unreachable-dns,zjyc.edu.cn,
Zhongnan University of Economics and Law,znuel.net,university/college,2026-09-22,Inaccessible,hipo:2026-09-17;hipo:2026-09-18;hipo:2026-09-19;hipo:2026-09-20;hipo:2026-09-21;hipo:2026-09-22;hipo:2026-09-23;hipo:2026-09-24;hipo:2026-09-25;hipo:2026-09-26;hipo:2026-09-27;hipo:2026-09-28;hipo:2026-09-29;hipo:2026-09-30;hipo:2026-10-01;hipo:2026-10-02;hipo:2026-10-03;hipo:2026-10-04;hipo:2026-10-05;hipo:2026-10-06;hipo:2026-10-07;hipo:2026-10-08;hipo:2026-10-09;hipo:2026-10-10,25,0,unreachable-dns,znuel.net,
Zhongnan University of Finance and Economics,znufe.edu.cn,university/college,2026-09-22,Inaccessible,hipo:2026-09-17;hipo:2026-09-18;hipo:2026-09-19;hipo:2026-09-20;hipo:2026-09-21;hipo:2026-09-22;hipo:2026-09-23;hipo:2026-09-24;hipo:2026-09-25;hipo:2026-09-26;hipo:2026-09-27;hipo:2026-09-28;hipo:2026-09-29;hipo:2026-09-30;hipo:2026-10-01;hipo:2026-10-02;hipo:2026-10-03;hipo:2026-10-04;hipo:2026-10-05;hipo:2026-10-06;hipo:2026-10-07;hipo:2026-10-08;hipo:2026-10-09;hipo:2026-10-10,,0,unreachable-dns,znufe.edu.cn,
Sichuan Fine Art Institute,zsb.scfai.edu.cn,university/college,2026-09-22,Inaccessible,hipo:2026-09-17;hipo:2026-09-18;hipo:2026-09-19;hipo:2026-09-20;hipo:2026-09-21;hipo:2026-09-22;hipo:2026-09-23;hipo:2026-09-24;hipo:2026-09-25;hipo:2026-09-26;hipo:2026-09-27;hipo:2026-09-28;hipo:2026-09-29;hipo:2026-09-30;hipo:2026-10-01;hipo:2026-10-02;hipo:2026-10-03;hipo:2026-10-04;hipo:2026-10-05;hipo:2026-10-06;hipo:2026-10-07;hipo:2026-10-08;hipo:2026-10-09;hipo:2026-10-10,,0,fetch-error:ConnectTimeout,zsb.scfai.edu.cn,
Zhejiang Sci-Tech University,zstu.edu.cn,university/college,2026-09-22,Inaccessible,hipo:2026-09-17;hipo:2026-09-18;hipo:2026-09-19;hipo:2026-09-20;hipo:2026-09-21;hipo:2026-09-22;hipo:2026-09-23;hipo:2026-09-24;hipo:2026-09-25;hipo:2026-09-26;hipo:2026-09-27;openalex:page75;hipo:2026-09-28;hipo:2026-09-29;hipo:2026-09-30;hipo:2026-10-01;hipo:2026-10-02;hipo:2026-10-03;hipo:2026-10-04;hipo:2026-10-05;hipo:2026-10-06;hipo:2026-10-07;hipo:2026-10-08;hipo:2026-10-09;hipo:2026-10-10,,0,fetch-error:ConnectTimeout,zstu.edu.cn,
Zhongshan University,zsu.edu.cn,university/college,2026-09-22,Inaccessible,hipo:2026-09-17;hipo:2026-09-18;hipo:2026-09-19;hipo:2026-09-20;hipo:2026-09-21;hipo:2026-09-22;hipo:2026-09-23;hipo:2026-09-24;hipo:2026-09-25;hipo:2026-09-26;hipo:2026-09-27;hipo:2026-09-28;hipo:2026-09-29;hipo:2026-09-30;hipo:2026-10-01;hipo:2026-10-02;hipo:2026-10-03;hipo:2026-10-04;hipo:2026-10-05;hipo:2026-10-06;hipo:2026-10-07;hipo:2026-10-08;hipo:2026-10-09;hipo:2026-10-10,,0,unreachable-dns,zsu.edu.cn,
Zhengzhou Grain University,zzgc.edu.cn,university/college,2026-09-22,Inaccessible,hipo:2026-09-17;hipo:2026-09-18;hipo:2026-09-19;hipo:2026-09-20;hipo:2026-09-21;hipo:2026-09-22;hipo:2026-09-23;hipo:2026-09-24;hipo:2026-09-25;hipo:2026-09-26;hipo:2026-09-27;hipo:2026-09-28;hipo:2026-09-29;hipo:2026-09-30;hipo:2026-10-01;hipo:2026-10-02;hipo:2026-10-03;hipo:2026-10-04;hipo:2026-10-05;hipo:2026-10-06;hipo:2026-10-07;hipo:2026-10-08;hipo:2026-10-09;hipo:2026-10-10,,0,unreachable-dns,zzgc.edu.cn,
Zhengzhou University,zzu.edu.cn,university/college,2026-09-18,Inaccessible,openalex:page18,,0,unreachable-dns,,
Zhengzhou University of Technology,zzut.edu.cn,university/college,2026-09-22,Inaccessible,hipo:2026-09-17;hipo:2026-09-18;hipo:2026-09-19;hipo:2026-09-20;hipo:2026-09-21;hipo:2026-09-22;hipo:2026-09-23;hipo:2026-09-24;hipo:2026-09-25;hipo:2026-09-26;hipo:2026-09-27;hipo:2026-09-28;hipo:2026-09-29;hipo:2026-09-30;hipo:2026-10-01;hipo:2026-10-02;hipo:2026-10-03;hipo:2026-10-04;hipo:2026-10-05;hipo:2026-10-06;hipo:2026-10-07;hipo:2026-10-08;hipo:2026-10-09;hipo:2026-10-10,,0,unreachable-dns,zzut.edu.cn,
