school_name,web_domain,type,last_visited,status,sources,years_registered,confidence,reason,final_domain,language
Keio University,a2.keio.jp,university/college,2026-10-06,Inaccessible,hipo:2026-09-20;hipo:2026-09-21;hipo:2026-09-22;hipo:2026-09-23;hipo:2026-09-24;hipo:2026-09-25;hipo:2026-09-26;hipo:2026-09-27;hipo:2026-09-28;hipo:2026-09-29;hipo:2026-09-30;hipo:2026-10-01;hipo:2026-10-02;hipo:2026-10-03;hipo:2026-10-04;hipo:2026-10-05;hipo:2026-10-06;hipo:2026-10-07;hipo:2026-10-08;hipo:2026-10-09,,0,unreachable-dns,a2.keio.jp,
Aichi Shukutoku University,aasa.ac.jp,university/college,2026-09-25,Active,hipo:2026-09-17;hipo:2026-09-18;hipo:2026-09-19;hipo:2026-09-20;hipo:2026-09-21;hipo:2026-09-22;hipo:2026-09-23;hipo:2026-09-24;hipo:2026-09-25;hipo:2026-09-26;hipo:2026-09-27;hipo:2026-09-28;hipo:2026-09-29;hipo:2026-09-30;hipo:2026-10-01;hipo:2026-10-02;hipo:2026-10-03;hipo:2026-10-04;hipo:2026-10-05;hipo:2026-10-06;hipo:2026-10-07;hipo:2026-10-08;hipo:2026-10-09,,100,http-2xx-html+multi-source+schema.org-edu+edu-keywords+structure+substantial-content,aasa.ac.jp,ja
Aichi Bunkyo University,abu.ac.jp,university/college,2026-09-25,Inaccessible,hipo:2026-09-17;hipo:2026-09-18;hipo:2026-09-19;hipo:2026-09-20;hipo:2026-09-21;hipo:2026-09-22;hipo:2026-09-23;hipo:2026-09-24;hipo:2026-09-25;hipo:2026-09-26;hipo:2026-09-27;hipo:2026-09-28;hipo:2026-09-29;hipo:2026-09-30;hipo:2026-10-01;hipo:2026-10-02;hipo:2026-10-03;hipo:2026-10-04;hipo:2026-10-05;hipo:2026-10-06;hipo:2026-10-07;hipo:2026-10-08;hipo:2026-10-09,,0,unreachable-dns,abu.ac.jp,
Aichi University of Education,aichi-edu.ac.jp,university/college,2026-09-25,Inaccessible,hipo:2026-09-17;hipo:2026-09-18;hipo:2026-09-19;hipo:2026-09-20;hipo:2026-09-21;hipo:2026-09-22;hipo:2026-09-23;hipo:2026-09-24;hipo:2026-09-25;hipo:2026-09-26;hipo:2026-09-27;hipo:2026-09-28;hipo:2026-09-29;hipo:2026-09-30;hipo:2026-10-01;hipo:2026-10-02;hipo:2026-10-03;hipo:2026-10-04;hipo:2026-10-05;hipo:2026-10-06;hipo:2026-10-07;hipo:2026-10-08;hipo:2026-10-09,,0,unreachable-dns,aichi-edu.ac.jp,
Aichi Prefectural University of Fine Arts & Music,aichi-fam-u.ac.jp,university/college,2026-09-25,Inaccessible,hipo:2026-09-17;hipo:2026-09-18;hipo:2026-09-19;hipo:2026-09-20;hipo:2026-09-21;hipo:2026-09-22;hipo:2026-09-23;hipo:2026-09-24;hipo:2026-09-25;hipo:2026-09-26;hipo:2026-09-27;hipo:2026-09-28;hipo:2026-09-29;hipo:2026-09-30;hipo:2026-10-01;hipo:2026-10-02;hipo:2026-10-03;hipo:2026-10-04;hipo:2026-10-05;hipo:2026-10-06;hipo:2026-10-07;hipo:2026-10-08;hipo:2026-10-09,,0,unreachable-dns,aichi-fam-u.ac.jp,
Aichi Gakuin University,aichi-gakuin.ac.jp,university/college,2026-09-25,Inaccessible,hipo:2026-09-17;hipo:2026-09-18;hipo:2026-09-19;hipo:2026-09-20;hipo:2026-09-21;hipo:2026-09-22;hipo:2026-09-23;hipo:2026-09-24;hipo:2026-09-25;hipo:2026-09-26;hipo:2026-09-27;hipo:2026-09-28;hipo:2026-09-29;hipo:2026-09-30;hipo:2026-10-01;hipo:2026-10-02;hipo:2026-10-03;hipo:2026-10-04;hipo:2026-10-05;hipo:2026-10-06;hipo:2026-10-07;hipo:2026-10-08;hipo:2026-10-09,,0,unreachable-dns,aichi-gakuin.ac.jp,
Aichi Medical University,aichi-med-u.ac.jp,university/college,2026-09-25,Inaccessible,hipo:2026-09-17;hipo:2026-09-18;hipo:2026-09-19;hipo:2026-09-20;hipo:2026-09-21;hipo:2026-09-22;hipo:2026-09-23;hipo:2026-09-24;hipo:2026-09-25;hipo:2026-09-26;hipo:2026-09-27;hipo:2026-09-28;hipo:2026-09-29;hipo:2026-09-30;hipo:2026-10-01;hipo:2026-10-02;hipo:2026-10-03;hipo:2026-10-04;hipo:2026-10-05;hipo:2026-10-06;hipo:2026-10-07;hipo:2026-10-08;hipo:2026-10-09,,0,unreachable-dns,aichi-med-u.ac.jp,
Aichi Prefectural University,aichi-pu.ac.jp,university/college,2026-09-25,Inaccessible,hipo:2026-09-17;hipo:2026-09-18;hipo:2026-09-19;hipo:2026-09-20;hipo:2026-09-21;hipo:2026-09-22;hipo:2026-09-23;hipo:2026-09-24;hipo:2026-09-25;hipo:2026-09-26;hipo:2026-09-27;hipo:2026-09-28;hipo:2026-09-29;hipo:2026-09-30;hipo:2026-10-01;hipo:2026-10-02;hipo:2026-10-03;hipo:2026-10-04;hipo:2026-10-05;hipo:2026-10-06;hipo:2026-10-07;hipo:2026-10-08;hipo:2026-10-09,,0,unreachable-dns,aichi-pu.ac.jp,
Aichi University,aichi-u.ac.jp,university/college,2026-09-25,Inaccessible,hipo:2026-09-17;hipo:2026-09-18;hipo:2026-09-19;hipo:2026-09-20;hipo:2026-09-21;hipo:2026-09-22;hipo:2026-09-23;hipo:2026-09-24;hipo:2026-09-25;hipo:2026-09-26;hipo:2026-09-27;hipo:2026-09-28;hipo:2026-09-29;hipo:2026-09-30;hipo:2026-10-01;hipo:2026-10-02;hipo:2026-10-03;hipo:2026-10-04;hipo:2026-10-05;hipo:2026-10-06;hipo:2026-10-07;hipo:2026-10-08;hipo:2026-10-09,,0,unreachable-dns,aichi-u.ac.jp,
Aikoku Gakuen University,aikoku-u.ac.jp,university/college,2026-09-25,Active,hipo:2026-09-17;hipo:2026-09-18;hipo:2026-09-19;hipo:2026-09-20;hipo:2026-09-21;hipo:2026-09-22;hipo:2026-09-23;hipo:2026-09-24;hipo:2026-09-25;hipo:2026-09-26;hipo:2026-09-27;hipo:2026-09-28;hipo:2026-09-29;hipo:2026-09-30;hipo:2026-10-01;hipo:2026-10-02;hipo:2026-10-03;hipo:2026-10-04;hipo:2026-10-05;hipo:2026-10-06;hipo:2026-10-07;hipo:2026-10-08;hipo:2026-10-09,,80,http-2xx-html+multi-source+edu-keywords+structure,aikoku-u.ac.jp,ja
Aichi Institute of Technology,aitech.ac.jp,university/college,2026-09-25,Inaccessible,hipo:2026-09-17;hipo:2026-09-18;hipo:2026-09-19;hipo:2026-09-20;hipo:2026-09-21;hipo:2026-09-22;hipo:2026-09-23;hipo:2026-09-24;hipo:2026-09-25;hipo:2026-09-26;hipo:2026-09-27;hipo:2026-09-28;hipo:2026-09-29;hipo:2026-09-30;hipo:2026-10-01;hipo:2026-10-02;hipo:2026-10-03;hipo:2026-10-04;hipo:2026-10-05;hipo:2026-10-06;hipo:2026-10-07;hipo:2026-10-08;hipo:2026-10-09,,5,http-403,aitech.ac.jp,
Akita University of Economics and Law,akeihou-u.ac.jp,university/college,2026-09-25,Inaccessible,hipo:2026-09-17;hipo:2026-09-18;hipo:2026-09-19;hipo:2026-09-20;hipo:2026-09-21;hipo:2026-09-22;hipo:2026-09-23;hipo:2026-09-24;hipo:2026-09-25;hipo:2026-09-26;hipo:2026-09-27;hipo:2026-09-28;hipo:2026-09-29;hipo:2026-09-30;hipo:2026-10-01;hipo:2026-10-02;hipo:2026-10-03;hipo:2026-10-04;hipo:2026-10-05;hipo:2026-10-06;hipo:2026-10-07;hipo:2026-10-08;hipo:2026-10-09,,0,unreachable-dns,akeihou-u.ac.jp,
Akita University,akita-u.ac.jp,university/college,2026-09-26,Inaccessible,hipo:2026-09-17;hipo:2026-09-18;hipo:2026-09-19;hipo:2026-09-20;hipo:2026-09-21;hipo:2026-09-22;hipo:2026-09-23;hipo:2026-09-24;hipo:2026-09-25;hipo:2026-09-26;hipo:2026-09-27;hipo:2026-09-28;hipo:2026-09-29;hipo:2026-09-30;openalex:page89;hipo:2026-10-01;hipo:2026-10-02;hipo:2026-10-03;hipo:2026-10-04;hipo:2026-10-05;hipo:2026-10-06;hipo:2026-10-07;hipo:2026-10-08;hipo:2026-10-09,,0,unreachable-dns,akita-u.ac.jp,
Momoyama Gakuin University,andrew.ac.jp,university/college,2026-10-04,Inaccessible,wikidata:P856;hipo:2026-09-17;hipo:2026-09-18;hipo:2026-09-19;hipo:2026-09-20;hipo:2026-09-21;hipo:2026-09-22;hipo:2026-09-23;hipo:2026-09-24;hipo:2026-09-25;hipo:2026-09-26;hipo:2026-09-27;hipo:2026-09-28;hipo:2026-09-29;hipo:2026-09-30;hipo:2026-10-01;hipo:2026-10-02;hipo:2026-10-03;hipo:2026-10-04;hipo:2026-10-05;hipo:2026-10-06;hipo:2026-10-07;hipo:2026-10-08;hipo:2026-10-09,,0,unreachable-dns,andrew.ac.jp,
Aomori University,aomori-u.ac.jp,university/college,2026-09-26,Active,hipo:2026-09-17;hipo:2026-09-18;hipo:2026-09-19;hipo:2026-09-20;hipo:2026-09-21;hipo:2026-09-22;hipo:2026-09-23;hipo:2026-09-24;hipo:2026-09-25;hipo:2026-09-26;hipo:2026-09-27;hipo:2026-09-28;hipo:2026-09-29;hipo:2026-09-30;hipo:2026-10-01;hipo:2026-10-02;hipo:2026-10-03;hipo:2026-10-04;hipo:2026-10-05;hipo:2026-10-06;hipo:2026-10-07;hipo:2026-10-08;hipo:2026-10-09,,90,http-2xx-html+multi-source+edu-keywords+trusted-suffix+substantial-content,aomori-u.ac.jp,ja
Aomori Chuoh Gakuin University,aomoricgu.ac.jp,university/college,2026-09-26,Active,hipo:2026-09-17;hipo:2026-09-18;hipo:2026-09-19;hipo:2026-09-20;hipo:2026-09-21;hipo:2026-09-22;hipo:2026-09-23;hipo:2026-09-24;hipo:2026-09-25;hipo:2026-09-26;hipo:2026-09-27;hipo:2026-09-28;hipo:2026-09-29;hipo:2026-09-30;hipo:2026-10-01;hipo:2026-10-02;hipo:2026-10-03;hipo:2026-10-04;hipo:2026-10-05;hipo:2026-10-06;hipo:2026-10-07;hipo:2026-10-08;hipo:2026-10-09,,90,http-2xx-html+multi-source+edu-keywords+structure+substantial-content,aomoricgu.ac.jp,ja
Aoyama Gakuin University,aoyama.ac.jp,university/college,2026-09-26,Inaccessible,hipo:2026-09-17;hipo:2026-09-18;hipo:2026-09-19;hipo:2026-09-20;hipo:2026-09-21;hipo:2026-09-22;hipo:2026-09-23;hipo:2026-09-24;hipo:2026-09-25;hipo:2026-09-26;hipo:2026-09-27;hipo:2026-09-28;hipo:2026-09-29;hipo:2026-09-30;hipo:2026-10-01;hipo:2026-10-02;hipo:2026-10-03;hipo:2026-10-04;hipo:2026-10-05;hipo:2026-10-06;hipo:2026-10-07;hipo:2026-10-08;hipo:2026-10-09,,0,unreachable-dns,aoyama.ac.jp,
Ritsumeikan Asia Pacific University,apu.ac.jp,university/college,2026-09-26,Inaccessible,hipo:2026-09-17;hipo:2026-09-18;hipo:2026-09-19;hipo:2026-09-20;hipo:2026-09-21;hipo:2026-09-22;hipo:2026-09-23;hipo:2026-09-24;hipo:2026-09-25;hipo:2026-09-26;hipo:2026-09-27;hipo:2026-09-28;hipo:2026-09-29;hipo:2026-09-30;hipo:2026-10-01;hipo:2026-10-02;hipo:2026-10-03;hipo:2026-10-04;hipo:2026-10-05;hipo:2026-10-06;hipo:2026-10-07;hipo:2026-10-08;hipo:2026-10-09,,0,unreachable-dns,apu.ac.jp,
Asahi University,asahi-u.ac.jp,university/college,2026-09-26,Inaccessible,hipo:2026-09-17;hipo:2026-09-18;hipo:2026-09-19;hipo:2026-09-20;hipo:2026-09-21;hipo:2026-09-22;hipo:2026-09-23;hipo:2026-09-24;hipo:2026-09-25;hipo:2026-09-26;hipo:2026-09-27;hipo:2026-09-28;hipo:2026-09-29;hipo:2026-09-30;hipo:2026-10-01;hipo:2026-10-02;hipo:2026-10-03;hipo:2026-10-04;hipo:2026-10-05;hipo:2026-10-06;hipo:2026-10-07;hipo:2026-10-08;hipo:2026-10-09,,0,unreachable-dns,asahi-u.ac.jp,
Asahikawa Medical College,asahikawa-med.ac.jp,university/college,2026-09-26,Inaccessible,hipo:2026-09-17;hipo:2026-09-18;hipo:2026-09-19;hipo:2026-09-20;hipo:2026-09-21;hipo:2026-09-22;hipo:2026-09-23;hipo:2026-09-24;hipo:2026-09-25;hipo:2026-09-26;hipo:2026-09-27;hipo:2026-09-28;hipo:2026-09-29;hipo:2026-09-30;hipo:2026-10-01;hipo:2026-10-02;hipo:2026-10-03;hipo:2026-10-04;hipo:2026-10-05;hipo:2026-10-06;hipo:2026-10-07;hipo:2026-10-08;hipo:2026-10-09,,0,unreachable-dns,asahikawa-med.ac.jp,
"National Institute of Technology, Asahikawa College",asahikawa-nct.ac.jp,university/college,2026-09-26,Inaccessible,hipo:2026-09-17;hipo:2026-09-18;hipo:2026-09-19;hipo:2026-09-20;hipo:2026-09-21;hipo:2026-09-22;hipo:2026-09-23;hipo:2026-09-24;hipo:2026-09-25;hipo:2026-09-26;hipo:2026-09-27;hipo:2026-09-28;hipo:2026-09-29;hipo:2026-09-30;hipo:2026-10-01;hipo:2026-10-02;hipo:2026-10-03;hipo:2026-10-04;hipo:2026-10-05;hipo:2026-10-06;hipo:2026-10-07;hipo:2026-10-08;hipo:2026-10-09,,0,fetch-error:ConnectionError,asahikawa-nct.ac.jp,
Asahikawa University,asahikawa-u.ac.jp,university/college,2026-09-26,Active,hipo:2026-09-17;hipo:2026-09-18;hipo:2026-09-19;hipo:2026-09-20;hipo:2026-09-21;hipo:2026-09-22;hipo:2026-09-23;hipo:2026-09-24;hipo:2026-09-25;hipo:2026-09-26;hipo:2026-09-27;hipo:2026-09-28;hipo:2026-09-29;hipo:2026-09-30;hipo:2026-10-01;hipo:2026-10-02;hipo:2026-10-03;hipo:2026-10-04;hipo:2026-10-05;hipo:2026-10-06;hipo:2026-10-07;hipo:2026-10-08;hipo:2026-10-09,,80,http-2xx-html+multi-source+edu-keywords+structure,asahikawa-u.ac.jp,ja
Ashikaga Institute of Technology,ashitech.ac.jp,university/college,2026-09-26,Inaccessible,hipo:2026-09-17;hipo:2026-09-18;hipo:2026-09-19;hipo:2026-09-20;hipo:2026-09-21;hipo:2026-09-22;hipo:2026-09-23;hipo:2026-09-24;hipo:2026-09-25;hipo:2026-09-26;hipo:2026-09-27;hipo:2026-09-28;hipo:2026-09-29;hipo:2026-09-30;hipo:2026-10-01;hipo:2026-10-02;hipo:2026-10-03;hipo:2026-10-04;hipo:2026-10-05;hipo:2026-10-06;hipo:2026-10-07;hipo:2026-10-08;hipo:2026-10-09,,0,unreachable-dns,ashitech.ac.jp,
Ashiya University,ashiya-u.ac.jp,university/college,2026-09-26,Inaccessible,hipo:2026-09-17;hipo:2026-09-18;hipo:2026-09-19;hipo:2026-09-20;hipo:2026-09-21;hipo:2026-09-22;hipo:2026-09-23;hipo:2026-09-24;hipo:2026-09-25;hipo:2026-09-26;hipo:2026-09-27;hipo:2026-09-28;hipo:2026-09-29;hipo:2026-09-30;hipo:2026-10-01;hipo:2026-10-02;hipo:2026-10-03;hipo:2026-10-04;hipo:2026-10-05;hipo:2026-10-06;hipo:2026-10-07;hipo:2026-10-08;hipo:2026-10-09,,0,unreachable-dns,ashiya-u.ac.jp,
Asia University,asia-u.ac.jp,university/college,2026-09-26,Inaccessible,hipo:2026-09-17;hipo:2026-09-18;hipo:2026-09-19;hipo:2026-09-20;hipo:2026-09-21;hipo:2026-09-22;hipo:2026-09-23;hipo:2026-09-24;hipo:2026-09-25;hipo:2026-09-26;hipo:2026-09-27;hipo:2026-09-28;hipo:2026-09-29;hipo:2026-09-30;hipo:2026-10-01;hipo:2026-10-02;hipo:2026-10-03;hipo:2026-10-04;hipo:2026-10-05;hipo:2026-10-06;hipo:2026-10-07;hipo:2026-10-08;hipo:2026-10-09,,0,unreachable-dns,asia-u.ac.jp,
Aichi Sangyo University,asu.ac.jp,university/college,2026-09-26,Inaccessible,hipo:2026-09-17;hipo:2026-09-18;hipo:2026-09-19;hipo:2026-09-20;hipo:2026-09-21;hipo:2026-09-22;hipo:2026-09-23;hipo:2026-09-24;hipo:2026-09-25;hipo:2026-09-26;hipo:2026-09-27;hipo:2026-09-28;hipo:2026-09-29;hipo:2026-09-30;hipo:2026-10-01;hipo:2026-10-02;hipo:2026-10-03;hipo:2026-10-04;hipo:2026-10-05;hipo:2026-10-06;hipo:2026-10-07;hipo:2026-10-08;hipo:2026-10-09,,0,unreachable-dns,asu.ac.jp,
Atomi College,atomi.ac.jp,university/college,2026-09-26,Inaccessible,hipo:2026-09-17;hipo:2026-09-18;hipo:2026-09-19;hipo:2026-09-20;hipo:2026-09-21;hipo:2026-09-22;hipo:2026-09-23;hipo:2026-09-24;hipo:2026-09-25;hipo:2026-09-26;hipo:2026-09-27;hipo:2026-09-28;hipo:2026-09-29;hipo:2026-09-30;hipo:2026-10-01;hipo:2026-10-02;hipo:2026-10-03;hipo:2026-10-04;hipo:2026-10-05;hipo:2026-10-06;hipo:2026-10-07;hipo:2026-10-08;hipo:2026-10-09,,0,unreachable-dns,atomi.ac.jp,
"American University Extension, Okinawa",aue-okinawa.ac.jp,university/college,2026-09-26,Inaccessible,hipo:2026-09-17;hipo:2026-09-18;hipo:2026-09-19;hipo:2026-09-20;hipo:2026-09-21;hipo:2026-09-22;hipo:2026-09-23;hipo:2026-09-24;hipo:2026-09-25;hipo:2026-09-26;hipo:2026-09-27;hipo:2026-09-28;hipo:2026-09-29;hipo:2026-09-30;hipo:2026-10-01;hipo:2026-10-02;hipo:2026-10-03;hipo:2026-10-04;hipo:2026-10-05;hipo:2026-10-06;hipo:2026-10-07;hipo:2026-10-08;hipo:2026-10-09,,0,unreachable-dns,aue-okinawa.ac.jp,
Aomori University of Health and Welfare,auhw.ac.jp,university/college,2026-09-26,Inaccessible,hipo:2026-09-17;hipo:2026-09-18;hipo:2026-09-19;hipo:2026-09-20;hipo:2026-09-21;hipo:2026-09-22;hipo:2026-09-23;hipo:2026-09-24;hipo:2026-09-25;hipo:2026-09-26;hipo:2026-09-27;hipo:2026-09-28;hipo:2026-09-29;hipo:2026-09-30;hipo:2026-10-01;hipo:2026-10-02;hipo:2026-10-03;hipo:2026-10-04;hipo:2026-10-05;hipo:2026-10-06;hipo:2026-10-07;hipo:2026-10-08;hipo:2026-10-09,,0,unreachable-dns,auhw.ac.jp,
Azabu University,azabu-u.ac.jp,university/college,2026-09-26,Inaccessible,hipo:2026-09-17;hipo:2026-09-18;hipo:2026-09-19;hipo:2026-09-20;hipo:2026-09-21;hipo:2026-09-22;hipo:2026-09-23;hipo:2026-09-24;hipo:2026-09-25;hipo:2026-09-26;hipo:2026-09-27;hipo:2026-09-28;hipo:2026-09-29;hipo:2026-09-30;hipo:2026-10-01;hipo:2026-10-02;hipo:2026-10-03;hipo:2026-10-04;hipo:2026-10-05;hipo:2026-10-06;hipo:2026-10-07;hipo:2026-10-08;hipo:2026-10-09,,0,fetch-error:ConnectTimeout,azabu-u.ac.jp,
Baika Women's College,baika.ac.jp,university/college,2026-09-26,Active,hipo:2026-09-17;hipo:2026-09-18;hipo:2026-09-19;hipo:2026-09-20;hipo:2026-09-21;hipo:2026-09-22;hipo:2026-09-23;hipo:2026-09-24;hipo:2026-09-25;hipo:2026-09-26;hipo:2026-09-27;hipo:2026-09-28;hipo:2026-09-29;hipo:2026-09-30;hipo:2026-10-01;hipo:2026-10-02;hipo:2026-10-03;hipo:2026-10-04;hipo:2026-10-05;hipo:2026-10-06;hipo:2026-10-07;hipo:2026-10-08;hipo:2026-10-09,,80,http-2xx-html+multi-source+edu-keywords+structure,baika.ac.jp,ja
Baiko Women's College,baiko.ac.jp,university/college,2026-09-26,Inaccessible,hipo:2026-09-17;hipo:2026-09-18;hipo:2026-09-19;hipo:2026-09-20;hipo:2026-09-21;hipo:2026-09-22;hipo:2026-09-23;hipo:2026-09-24;hipo:2026-09-25;hipo:2026-09-26;hipo:2026-09-27;hipo:2026-09-28;hipo:2026-09-29;hipo:2026-09-30;hipo:2026-10-01;hipo:2026-10-02;hipo:2026-10-03;hipo:2026-10-04;hipo:2026-10-05;hipo:2026-10-06;hipo:2026-10-07;hipo:2026-10-08;hipo:2026-10-09,,0,unreachable-dns,baiko.ac.jp,
Beppu University,beppu-u.ac.jp,university/college,2026-09-26,Active,hipo:2026-09-17;hipo:2026-09-18;hipo:2026-09-19;hipo:2026-09-20;hipo:2026-09-21;hipo:2026-09-22;hipo:2026-09-23;hipo:2026-09-24;hipo:2026-09-25;hipo:2026-09-26;hipo:2026-09-27;hipo:2026-09-28;hipo:2026-09-29;hipo:2026-09-30;hipo:2026-10-01;hipo:2026-10-02;hipo:2026-10-03;hipo:2026-10-04;hipo:2026-10-05;hipo:2026-10-06;hipo:2026-10-07;hipo:2026-10-08;hipo:2026-10-09,,90,http-2xx-html+multi-source+edu-keywords+structure+substantial-content,beppu-u.ac.jp,ja
Bunkyo Gakuin University,bgu.ac.jp,university/college,2026-10-06,Active,hipo:2026-09-20;hipo:2026-09-21;hipo:2026-09-22;hipo:2026-09-23;hipo:2026-09-24;hipo:2026-09-25;hipo:2026-09-26;hipo:2026-09-27;hipo:2026-09-28;hipo:2026-09-29;hipo:2026-09-30;hipo:2026-10-01;hipo:2026-10-02;hipo:2026-10-03;hipo:2026-10-04;hipo:2026-10-05;hipo:2026-10-06;hipo:2026-10-07;hipo:2026-10-08;hipo:2026-10-09,,100,http-2xx-html+multi-source+schema.org-edu+edu-keywords+trusted-suffix,bgu.ac.jp,ja
Nara Institute of Science and Technology,bs.naist.jp,university/college,2026-10-06,Inaccessible,hipo:2026-09-20;hipo:2026-09-21;hipo:2026-09-22;hipo:2026-09-23;hipo:2026-09-24;hipo:2026-09-25;hipo:2026-09-26;hipo:2026-09-27;hipo:2026-09-28;hipo:2026-09-29;hipo:2026-09-30;hipo:2026-10-01;hipo:2026-10-02;hipo:2026-10-03;hipo:2026-10-04;hipo:2026-10-05;hipo:2026-10-06;hipo:2026-10-07;hipo:2026-10-08;hipo:2026-10-09,,0,unreachable-dns,bs.naist.jp,
International Budo University,budo-u.ac.jp,university/college,2026-09-26,Inaccessible,hipo:2026-09-17;hipo:2026-09-18;hipo:2026-09-19;hipo:2026-09-20;hipo:2026-09-21;hipo:2026-09-22;hipo:2026-09-23;hipo:2026-09-24;hipo:2026-09-25;hipo:2026-09-26;hipo:2026-09-27;hipo:2026-09-28;hipo:2026-09-29;hipo:2026-09-30;hipo:2026-10-01;hipo:2026-10-02;hipo:2026-10-03;hipo:2026-10-04;hipo:2026-10-05;hipo:2026-10-06;hipo:2026-10-07;hipo:2026-10-08;hipo:2026-10-09,,0,fetch-error:ConnectionError,budo-u.ac.jp,
Bukkyo University,bukkyo-u.ac.jp,university/college,2026-09-26,Inaccessible,hipo:2026-09-17;hipo:2026-09-18;hipo:2026-09-19;hipo:2026-09-20;hipo:2026-09-21;hipo:2026-09-22;hipo:2026-09-23;hipo:2026-09-24;hipo:2026-09-25;hipo:2026-09-26;hipo:2026-09-27;hipo:2026-09-28;hipo:2026-09-29;hipo:2026-09-30;hipo:2026-10-01;hipo:2026-10-02;hipo:2026-10-03;hipo:2026-10-04;hipo:2026-10-05;hipo:2026-10-06;hipo:2026-10-07;hipo:2026-10-08;hipo:2026-10-09,,0,unreachable-dns,bukkyo-u.ac.jp,
Bunka Women's University,bunka-wu.ac.jp,university/college,2026-09-26,Inaccessible,hipo:2026-09-17;hipo:2026-09-18;hipo:2026-09-19;hipo:2026-09-20;hipo:2026-09-21;hipo:2026-09-22;hipo:2026-09-23;hipo:2026-09-24;hipo:2026-09-25;hipo:2026-09-26;hipo:2026-09-27;hipo:2026-09-28;hipo:2026-09-29;hipo:2026-09-30;hipo:2026-10-01;hipo:2026-10-02;hipo:2026-10-03;hipo:2026-10-04;hipo:2026-10-05;hipo:2026-10-06;hipo:2026-10-07;hipo:2026-10-08;hipo:2026-10-09,,0,unreachable-dns,bunka-wu.ac.jp,
Bunkyo University,bunkyo.ac.jp,university/college,2026-09-26,Inaccessible,hipo:2026-09-17;hipo:2026-09-18;hipo:2026-09-19;hipo:2026-09-20;hipo:2026-09-21;hipo:2026-09-22;hipo:2026-09-23;hipo:2026-09-24;hipo:2026-09-25;hipo:2026-09-26;hipo:2026-09-27;hipo:2026-09-28;hipo:2026-09-29;hipo:2026-09-30;hipo:2026-10-01;hipo:2026-10-02;hipo:2026-10-03;hipo:2026-10-04;hipo:2026-10-05;hipo:2026-10-06;hipo:2026-10-07;hipo:2026-10-08;hipo:2026-10-09,,0,unreachable-dns,bunkyo.ac.jp,
Tokushima Bunri University,bunri-u.ac.jp,university/college,2026-09-26,Inaccessible,hipo:2026-09-17;hipo:2026-09-18;hipo:2026-09-19;hipo:2026-09-20;hipo:2026-09-21;hipo:2026-09-22;hipo:2026-09-23;hipo:2026-09-24;hipo:2026-09-25;hipo:2026-09-26;hipo:2026-09-27;hipo:2026-09-28;hipo:2026-09-29;hipo:2026-09-30;hipo:2026-10-01;hipo:2026-10-02;hipo:2026-10-03;hipo:2026-10-04;hipo:2026-10-05;hipo:2026-10-06;hipo:2026-10-07;hipo:2026-10-08;hipo:2026-10-09,,0,unreachable-dns,bunri-u.ac.jp,
Osaka Butsuryo University,butsuryo.ac.jp,university/college,2026-10-06,Active,ror:api-p46,,60,http-2xx-html+edu-keywords+structure+substantial-content,butsuryo.ac.jp,ja
Chuo Gakuin University,cgu.ac.jp,university/college,2026-09-26,Inaccessible,hipo:2026-09-17;hipo:2026-09-18;hipo:2026-09-19;hipo:2026-09-20;hipo:2026-09-21;hipo:2026-09-22;hipo:2026-09-23;hipo:2026-09-24;hipo:2026-09-25;hipo:2026-09-26;hipo:2026-09-27;hipo:2026-09-28;hipo:2026-09-29;hipo:2026-09-30;hipo:2026-10-01;hipo:2026-10-02;hipo:2026-10-03;hipo:2026-10-04;hipo:2026-10-05;hipo:2026-10-06;hipo:2026-10-07;hipo:2026-10-08;hipo:2026-10-09,,0,unreachable-dns,cgu.ac.jp,
Chiba University,chiba-u.ac.jp,university/college,2026-09-26,Inaccessible,hipo:2026-09-17;hipo:2026-09-18;hipo:2026-09-19;hipo:2026-09-20;hipo:2026-09-21;hipo:2026-09-22;hipo:2026-09-23;hipo:2026-09-24;hipo:2026-09-25;hipo:2026-09-26;hipo:2026-09-27;hipo:2026-09-28;hipo:2026-09-29;hipo:2026-09-30;hipo:2026-10-01;hipo:2026-10-02;hipo:2026-10-03;hipo:2026-10-04;hipo:2026-10-05;hipo:2026-10-06;hipo:2026-10-07;hipo:2026-10-08;hipo:2026-10-09,,0,unreachable-dns,chiba-u.ac.jp,
Chiba University,chiba-u.jp,university/college,2026-10-06,Inaccessible,hipo:2026-09-20;hipo:2026-09-21;hipo:2026-09-22;hipo:2026-09-23;hipo:2026-09-24;hipo:2026-09-25;hipo:2026-09-26;hipo:2026-09-27;hipo:2026-09-28;hipo:2026-09-29;hipo:2026-09-30;hipo:2026-10-01;hipo:2026-10-02;hipo:2026-10-03;hipo:2026-10-04;hipo:2026-10-05;hipo:2026-10-06;hipo:2026-10-07;hipo:2026-10-08;hipo:2026-10-09,,0,unreachable-dns,chiba-u.jp,
Chikushi Jogakuen University,chikushi.ac.jp,university/college,2026-09-26,Active,hipo:2026-09-17;hipo:2026-09-18;hipo:2026-09-19;hipo:2026-09-20;hipo:2026-09-21;hipo:2026-09-22;hipo:2026-09-23;hipo:2026-09-24;hipo:2026-09-25;hipo:2026-09-26;hipo:2026-09-27;hipo:2026-09-28;hipo:2026-09-29;hipo:2026-09-30;hipo:2026-10-01;hipo:2026-10-02;hipo:2026-10-03;hipo:2026-10-04;hipo:2026-10-05;hipo:2026-10-06;hipo:2026-10-07;hipo:2026-10-08;hipo:2026-10-09,,80,http-2xx-html+multi-source+edu-keywords+structure,chikushi.ac.jp,ja
Chitose Institute of Science and Technology,chitose.ac.jp,university/college,2026-09-25,Inaccessible,ror:api-p6,,0,unreachable-dns,chitose.ac.jp,
Chubu Gakuin University & Chubu Women's College,chubu-gu.ac.jp,university/college,2026-09-26,Inaccessible,hipo:2026-09-17;hipo:2026-09-18;hipo:2026-09-19;hipo:2026-09-20;hipo:2026-09-21;hipo:2026-09-22;hipo:2026-09-23;hipo:2026-09-24;hipo:2026-09-25;hipo:2026-09-26;hipo:2026-09-27;hipo:2026-09-28;hipo:2026-09-29;hipo:2026-09-30;ror:api-p89;hipo:2026-10-01;hipo:2026-10-02;hipo:2026-10-03;hipo:2026-10-04;hipo:2026-10-05;hipo:2026-10-06;hipo:2026-10-07;hipo:2026-10-08;hipo:2026-10-09,,0,unreachable-dns,chubu-gu.ac.jp,
Chubu University,chubu.ac.jp,university/college,2026-09-26,Inaccessible,hipo:2026-09-17;hipo:2026-09-18;hipo:2026-09-19;hipo:2026-09-20;hipo:2026-09-21;hipo:2026-09-22;hipo:2026-09-23;hipo:2026-09-24;hipo:2026-09-25;hipo:2026-09-26;hipo:2026-09-27;hipo:2026-09-28;hipo:2026-09-29;hipo:2026-09-30;hipo:2026-10-01;hipo:2026-10-02;hipo:2026-10-03;hipo:2026-10-04;hipo:2026-10-05;hipo:2026-10-06;hipo:2026-10-07;hipo:2026-10-08;hipo:2026-10-09,,0,fetch-error:ConnectTimeout,chubu.ac.jp,
Chukyo Women's University,chujo-u.ac.jp,university/college,2026-09-26,Inaccessible,hipo:2026-09-17;hipo:2026-09-18;hipo:2026-09-19;hipo:2026-09-20;hipo:2026-09-21;hipo:2026-09-22;hipo:2026-09-23;hipo:2026-09-24;hipo:2026-09-25;hipo:2026-09-26;hipo:2026-09-27;hipo:2026-09-28;hipo:2026-09-29;hipo:2026-09-30;hipo:2026-10-01;hipo:2026-10-02;hipo:2026-10-03;hipo:2026-10-04;hipo:2026-10-05;hipo:2026-10-06;hipo:2026-10-07;hipo:2026-10-08;hipo:2026-10-09,,0,unreachable-dns,chujo-u.ac.jp,
Chukyo University,chukyo-u.ac.jp,university/college,2026-09-26,Inaccessible,hipo:2026-09-17;hipo:2026-09-18;hipo:2026-09-19;hipo:2026-09-20;hipo:2026-09-21;hipo:2026-09-22;hipo:2026-09-23;hipo:2026-09-24;hipo:2026-09-25;hipo:2026-09-26;hipo:2026-09-27;hipo:2026-09-28;hipo:2026-09-29;hipo:2026-09-30;hipo:2026-10-01;hipo:2026-10-02;hipo:2026-10-03;hipo:2026-10-04;hipo:2026-10-05;hipo:2026-10-06;hipo:2026-10-07;hipo:2026-10-08;hipo:2026-10-09,,0,unreachable-dns,chukyo-u.ac.jp,
Chukyo Gakuin University,chukyogakuin-u.ac.jp,university/college,2026-09-26,Inaccessible,hipo:2026-09-17;hipo:2026-09-18;hipo:2026-09-19;hipo:2026-09-20;hipo:2026-09-21;hipo:2026-09-22;hipo:2026-09-23;hipo:2026-09-24;hipo:2026-09-25;hipo:2026-09-26;hipo:2026-09-27;hipo:2026-09-28;hipo:2026-09-29;hipo:2026-09-30;hipo:2026-10-01;hipo:2026-10-02;hipo:2026-10-03;hipo:2026-10-04;hipo:2026-10-05;hipo:2026-10-06;hipo:2026-10-07;hipo:2026-10-08;hipo:2026-10-09,,0,unreachable-dns,chukyogakuin-u.ac.jp,
Chuo University,chuo-u.ac.jp,university/college,2026-09-26,Inaccessible,hipo:2026-09-17;hipo:2026-09-18;hipo:2026-09-19;hipo:2026-09-20;hipo:2026-09-21;hipo:2026-09-22;hipo:2026-09-23;hipo:2026-09-24;hipo:2026-09-25;hipo:2026-09-26;hipo:2026-09-27;hipo:2026-09-28;hipo:2026-09-29;hipo:2026-09-30;hipo:2026-10-01;hipo:2026-10-02;hipo:2026-10-03;hipo:2026-10-04;hipo:2026-10-05;openalex:page112;hipo:2026-10-06;wikidata:P856;hipo:2026-10-07;hipo:2026-10-08;hipo:2026-10-09,,0,unreachable-dns,chuo-u.ac.jp,
Chiba Keizai University,cku.ac.jp,university/college,2026-09-26,Active,hipo:2026-09-17;hipo:2026-09-18;hipo:2026-09-19;hipo:2026-09-20;hipo:2026-09-21;hipo:2026-09-22;hipo:2026-09-23;hipo:2026-09-24;hipo:2026-09-25;hipo:2026-09-26;hipo:2026-09-27;hipo:2026-09-28;hipo:2026-09-29;hipo:2026-09-30;hipo:2026-10-01;hipo:2026-10-02;hipo:2026-10-03;hipo:2026-10-04;hipo:2026-10-05;hipo:2026-10-06;hipo:2026-10-07;hipo:2026-10-08;hipo:2026-10-09,,80,http-2xx-html+multi-source+edu-keywords+structure,cku.ac.jp,ja
Chiba University of Commerce,cuc.ac.jp,university/college,2026-09-26,Inaccessible,hipo:2026-09-17;hipo:2026-09-18;hipo:2026-09-19;hipo:2026-09-20;hipo:2026-09-21;hipo:2026-09-22;hipo:2026-09-23;hipo:2026-09-24;hipo:2026-09-25;hipo:2026-09-26;hipo:2026-09-27;hipo:2026-09-28;hipo:2026-09-29;hipo:2026-09-30;hipo:2026-10-01;hipo:2026-10-02;hipo:2026-10-03;hipo:2026-10-04;hipo:2026-10-05;hipo:2026-10-06;hipo:2026-10-07;hipo:2026-10-08;hipo:2026-10-09,,0,unreachable-dns,cuc.ac.jp,
Daido Institute of Technology,daido-it.ac.jp,university/college,2026-09-26,Inaccessible,hipo:2026-09-17;hipo:2026-09-18;hipo:2026-09-19;hipo:2026-09-20;hipo:2026-09-21;hipo:2026-09-22;hipo:2026-09-23;hipo:2026-09-24;hipo:2026-09-25;hipo:2026-09-26;hipo:2026-09-27;hipo:2026-09-28;hipo:2026-09-29;hipo:2026-09-30;hipo:2026-10-01;hipo:2026-10-02;hipo:2026-10-03;hipo:2026-10-04;hipo:2026-10-05;hipo:2026-10-06;wikidata:P856;hipo:2026-10-07;hipo:2026-10-08;hipo:2026-10-09,,0,unreachable-dns,daido-it.ac.jp,
Daiichi College of Pharmaceutical Sciences,daiichi-cps.ac.jp,university/college,2026-09-26,Active,hipo:2026-09-17;hipo:2026-09-18;hipo:2026-09-19;hipo:2026-09-20;hipo:2026-09-21;hipo:2026-09-22;hipo:2026-09-23;hipo:2026-09-24;hipo:2026-09-25;hipo:2026-09-26;hipo:2026-09-27;hipo:2026-09-28;hipo:2026-09-29;hipo:2026-09-30;hipo:2026-10-01;hipo:2026-10-02;hipo:2026-10-03;hipo:2026-10-04;hipo:2026-10-05;hipo:2026-10-06;hipo:2026-10-07;hipo:2026-10-08;hipo:2026-10-09,,80,http-2xx-html+multi-source+edu-keywords+structure,daiichi-cps.ac.jp,ja
"Dai Ichi University, College of Technology",daiichi-koudai.ac.jp,university/college,2026-09-26,Active,hipo:2026-09-17;hipo:2026-09-18;hipo:2026-09-19;hipo:2026-09-20;hipo:2026-09-21;hipo:2026-09-22;hipo:2026-09-23;hipo:2026-09-24;hipo:2026-09-25;hipo:2026-09-26;hipo:2026-09-27;hipo:2026-09-28;hipo:2026-09-29;hipo:2026-09-30;hipo:2026-10-01;hipo:2026-10-02;hipo:2026-10-03;hipo:2026-10-04;hipo:2026-10-05;hipo:2026-10-06;hipo:2026-10-07;hipo:2026-10-08;hipo:2026-10-09,,80,http-2xx-html+multi-source+edu-keywords+structure,daiichi-koudai.ac.jp,ja
Daiichi University of Economics,daiichi-ue.ac.jp,university/college,2026-09-26,Inaccessible,hipo:2026-09-17;hipo:2026-09-18;hipo:2026-09-19;hipo:2026-09-20;hipo:2026-09-21;hipo:2026-09-22;hipo:2026-09-23;hipo:2026-09-24;hipo:2026-09-25;hipo:2026-09-26;hipo:2026-09-27;hipo:2026-09-28;hipo:2026-09-29;hipo:2026-09-30;hipo:2026-10-01;hipo:2026-10-02;hipo:2026-10-03;hipo:2026-10-04;hipo:2026-10-05;hipo:2026-10-06;hipo:2026-10-07;hipo:2026-10-08;hipo:2026-10-09,,0,unreachable-dns,daiichi-ue.ac.jp,
Osaka College of Music,daion.ac.jp,university/college,2026-09-26,Active,hipo:2026-09-17;hipo:2026-09-18;hipo:2026-09-19;hipo:2026-09-20;hipo:2026-09-21;hipo:2026-09-22;hipo:2026-09-23;hipo:2026-09-24;hipo:2026-09-25;hipo:2026-09-26;hipo:2026-09-27;hipo:2026-09-28;hipo:2026-09-29;hipo:2026-09-30;hipo:2026-10-01;hipo:2026-10-02;hipo:2026-10-03;hipo:2026-10-04;hipo:2026-10-05;hipo:2026-10-06;hipo:2026-10-07;hipo:2026-10-08;hipo:2026-10-09,,80,http-2xx-html+multi-source+edu-keywords+structure,daion.ac.jp,ja
Osaka University of Commerce,daishodai.ac.jp,university/college,2026-09-26,Inaccessible,hipo:2026-09-17;hipo:2026-09-18;hipo:2026-09-19;hipo:2026-09-20;hipo:2026-09-21;hipo:2026-09-22;hipo:2026-09-23;hipo:2026-09-24;hipo:2026-09-25;hipo:2026-09-26;hipo:2026-09-27;hipo:2026-09-28;hipo:2026-09-29;hipo:2026-09-30;hipo:2026-10-01;hipo:2026-10-02;hipo:2026-10-03;hipo:2026-10-04;hipo:2026-10-05;hipo:2026-10-06;hipo:2026-10-07;hipo:2026-10-08;hipo:2026-10-09,,0,unreachable-dns,daishodai.ac.jp,
Daito Bunka University,daito.ac.jp,university/college,2026-09-26,Inaccessible,hipo:2026-09-17;hipo:2026-09-18;hipo:2026-09-19;hipo:2026-09-20;hipo:2026-09-21;hipo:2026-09-22;hipo:2026-09-23;hipo:2026-09-24;hipo:2026-09-25;hipo:2026-09-26;hipo:2026-09-27;hipo:2026-09-28;hipo:2026-09-29;hipo:2026-09-30;hipo:2026-10-01;hipo:2026-10-02;hipo:2026-10-03;hipo:2026-10-04;hipo:2026-10-05;hipo:2026-10-06;hipo:2026-10-07;hipo:2026-10-08;hipo:2026-10-09,,0,unreachable-dns,daito.ac.jp,
Tokyo Denki University,dendai.ac.jp,university/college,2026-09-26,Active,hipo:2026-09-17;hipo:2026-09-18;hipo:2026-09-19;hipo:2026-09-20;hipo:2026-09-21;hipo:2026-09-22;hipo:2026-09-23;hipo:2026-09-24;hipo:2026-09-25;hipo:2026-09-26;hipo:2026-09-27;hipo:2026-09-28;hipo:2026-09-29;hipo:2026-09-30;hipo:2026-10-01;hipo:2026-10-02;hipo:2026-10-03;hipo:2026-10-04;hipo:2026-10-05;hipo:2026-10-06;hipo:2026-10-07;hipo:2026-10-08;hipo:2026-10-09,,90,http-2xx-html+multi-source+edu-keywords+structure+substantial-content,dendai.ac.jp,ja-jp
Hokkaido Information University,do-johodai.ac.jp,university/college,2026-09-26,Active,hipo:2026-09-17;hipo:2026-09-18;hipo:2026-09-19;hipo:2026-09-20;hipo:2026-09-21;hipo:2026-09-22;hipo:2026-09-23;hipo:2026-09-24;hipo:2026-09-25;hipo:2026-09-26;hipo:2026-09-27;hipo:2026-09-28;hipo:2026-09-29;hipo:2026-09-30;ror:api-p89;hipo:2026-10-01;hipo:2026-10-02;hipo:2026-10-03;hipo:2026-10-04;hipo:2026-10-05;hipo:2026-10-06;hipo:2026-10-07;hipo:2026-10-08;hipo:2026-10-09,,90,http-2xx-html+multi-source+edu-keywords+structure+substantial-content,do-johodai.ac.jp,ja
Doho University,doho.ac.jp,university/college,2026-09-26,Inaccessible,hipo:2026-09-17;hipo:2026-09-18;hipo:2026-09-19;hipo:2026-09-20;hipo:2026-09-21;hipo:2026-09-22;hipo:2026-09-23;hipo:2026-09-24;hipo:2026-09-25;hipo:2026-09-26;hipo:2026-09-27;hipo:2026-09-28;hipo:2026-09-29;hipo:2026-09-30;hipo:2026-10-01;hipo:2026-10-02;hipo:2026-10-03;hipo:2026-10-04;hipo:2026-10-05;hipo:2026-10-06;hipo:2026-10-07;hipo:2026-10-08;hipo:2026-10-09,,0,unreachable-dns,doho.ac.jp,
Dohto University,dohto.ac.jp,university/college,2026-09-26,Inaccessible,hipo:2026-09-17;hipo:2026-09-18;hipo:2026-09-19;hipo:2026-09-20;hipo:2026-09-21;hipo:2026-09-22;hipo:2026-09-23;hipo:2026-09-24;hipo:2026-09-25;hipo:2026-09-26;hipo:2026-09-27;hipo:2026-09-28;hipo:2026-09-29;hipo:2026-09-30;hipo:2026-10-01;hipo:2026-10-02;hipo:2026-10-03;hipo:2026-10-04;hipo:2026-10-05;hipo:2026-10-06;hipo:2026-10-07;hipo:2026-10-08;hipo:2026-10-09,,0,unreachable-dns,dohto.ac.jp,
Dokkyo University,dokkyo.ac.jp,university/college,2026-09-26,Inaccessible,hipo:2026-09-17;hipo:2026-09-18;hipo:2026-09-19;hipo:2026-09-20;hipo:2026-09-21;hipo:2026-09-22;hipo:2026-09-23;hipo:2026-09-24;hipo:2026-09-25;hipo:2026-09-26;hipo:2026-09-27;hipo:2026-09-28;hipo:2026-09-29;hipo:2026-09-30;hipo:2026-10-01;hipo:2026-10-02;hipo:2026-10-03;hipo:2026-10-04;hipo:2026-10-05;hipo:2026-10-06;hipo:2026-10-07;hipo:2026-10-08;hipo:2026-10-09,,0,unreachable-dns,dokkyo.ac.jp,
Dokkyo University School of Medicine,dokkyomed.ac.jp,university/college,2026-09-26,Inaccessible,hipo:2026-09-17;hipo:2026-09-18;hipo:2026-09-19;hipo:2026-09-20;hipo:2026-09-21;hipo:2026-09-22;hipo:2026-09-23;hipo:2026-09-24;hipo:2026-09-25;hipo:2026-09-26;hipo:2026-09-27;hipo:2026-09-28;hipo:2026-09-29;hipo:2026-09-30;hipo:2026-10-01;hipo:2026-10-02;hipo:2026-10-03;hipo:2026-10-04;hipo:2026-10-05;hipo:2026-10-06;hipo:2026-10-07;hipo:2026-10-08;hipo:2026-10-09,,0,unreachable-dns,dokkyomed.ac.jp,
Doshisha University,doshisha.ac.jp,university/college,2026-09-26,Inaccessible,hipo:2026-09-17;hipo:2026-09-18;hipo:2026-09-19;hipo:2026-09-20;hipo:2026-09-21;hipo:2026-09-22;hipo:2026-09-23;hipo:2026-09-24;hipo:2026-09-25;hipo:2026-09-26;hipo:2026-09-27;hipo:2026-09-28;hipo:2026-09-29;hipo:2026-09-30;hipo:2026-10-01;hipo:2026-10-02;openalex:page95;hipo:2026-10-03;hipo:2026-10-04;hipo:2026-10-05;hipo:2026-10-06;hipo:2026-10-07;hipo:2026-10-08;hipo:2026-10-09,,0,unreachable-dns,doshisha.ac.jp,
Doshisha Women's College of Liberal Arts,dwc.doshisha.ac.jp,university/college,2026-09-26,Inaccessible,hipo:2026-09-17;hipo:2026-09-18;hipo:2026-09-19;hipo:2026-09-20;hipo:2026-09-21;hipo:2026-09-22;hipo:2026-09-23;hipo:2026-09-24;hipo:2026-09-25;hipo:2026-09-26;hipo:2026-09-27;hipo:2026-09-28;hipo:2026-09-29;hipo:2026-09-30;hipo:2026-10-01;hipo:2026-10-02;hipo:2026-10-03;hipo:2026-10-04;hipo:2026-10-05;hipo:2026-10-06;hipo:2026-10-07;hipo:2026-10-08;hipo:2026-10-09,,0,unreachable-dns,dwc.doshisha.ac.jp,
Edogawa University,edogawa-u.ac.jp,university/college,2026-09-26,Active,hipo:2026-09-17;hipo:2026-09-18;hipo:2026-09-19;hipo:2026-09-20;hipo:2026-09-21;hipo:2026-09-22;hipo:2026-09-23;hipo:2026-09-24;hipo:2026-09-25;hipo:2026-09-26;hipo:2026-09-27;hipo:2026-09-28;hipo:2026-09-29;hipo:2026-09-30;hipo:2026-10-01;hipo:2026-10-02;hipo:2026-10-03;hipo:2026-10-04;hipo:2026-10-05;hipo:2026-10-06;hipo:2026-10-07;hipo:2026-10-08;hipo:2026-10-09,,90,http-2xx-html+multi-source+edu-keywords+structure+substantial-content,edogawa-u.ac.jp,ja
"National Institute of Technology, Asahikawa College",edu.asahikawa-nct.ac.jp,university/college,2026-09-26,Inaccessible,hipo:2026-09-17;hipo:2026-09-18;hipo:2026-09-19;hipo:2026-09-20;hipo:2026-09-21;hipo:2026-09-22;hipo:2026-09-23;hipo:2026-09-24;hipo:2026-09-25;hipo:2026-09-26;hipo:2026-09-27;hipo:2026-09-28;hipo:2026-09-29;hipo:2026-09-30;hipo:2026-10-01;hipo:2026-10-02;hipo:2026-10-03;hipo:2026-10-04;hipo:2026-10-05;hipo:2026-10-06;hipo:2026-10-07;hipo:2026-10-08;hipo:2026-10-09,,0,unreachable-dns,edu.asahikawa-nct.ac.jp,
Ehime University,ehime-u.ac.jp,university/college,2026-09-26,Inaccessible,hipo:2026-09-17;hipo:2026-09-18;hipo:2026-09-19;hipo:2026-09-20;hipo:2026-09-21;hipo:2026-09-22;hipo:2026-09-23;hipo:2026-09-24;hipo:2026-09-25;openalex:page61;hipo:2026-09-26;hipo:2026-09-27;hipo:2026-09-28;hipo:2026-09-29;wikidata:P856;hipo:2026-09-30;hipo:2026-10-01;hipo:2026-10-02;hipo:2026-10-03;hipo:2026-10-04;hipo:2026-10-05;hipo:2026-10-06;hipo:2026-10-07;hipo:2026-10-08;hipo:2026-10-09,,0,unreachable-dns,ehime-u.ac.jp,
Eichi University,eichi-u.ac.jp,university/college,2026-09-26,Inaccessible,hipo:2026-09-17;hipo:2026-09-18;hipo:2026-09-19;hipo:2026-09-20;hipo:2026-09-21;hipo:2026-09-22;hipo:2026-09-23;hipo:2026-09-24;hipo:2026-09-25;hipo:2026-09-26;hipo:2026-09-27;hipo:2026-09-28;hipo:2026-09-29;hipo:2026-09-30;hipo:2026-10-01;hipo:2026-10-02;hipo:2026-10-03;hipo:2026-10-04;hipo:2026-10-05;hipo:2026-10-06;hipo:2026-10-07;hipo:2026-10-08;hipo:2026-10-09,,0,unreachable-dns,eichi-u.ac.jp,
Kagawa Institute of Nutrition,eiyo.ac.jp,university/college,2026-09-26,Inaccessible,hipo:2026-09-17;hipo:2026-09-18;hipo:2026-09-19;hipo:2026-09-20;hipo:2026-09-21;hipo:2026-09-22;hipo:2026-09-23;hipo:2026-09-24;hipo:2026-09-25;hipo:2026-09-26;hipo:2026-09-27;hipo:2026-09-28;hipo:2026-09-29;hipo:2026-09-30;hipo:2026-10-01;hipo:2026-10-02;hipo:2026-10-03;hipo:2026-10-04;hipo:2026-10-05;hipo:2026-10-06;hipo:2026-10-07;hipo:2026-10-08;hipo:2026-10-09,,0,unreachable-dns,eiyo.ac.jp,
Nagoya University,en.nagoya-u.ac.jp,university/college,2026-09-24,Active,openalex:page4,,60,http-2xx-html+edu-keywords+structure+substantial-content,en.nagoya-u.ac.jp,en
Elisabeth University of Music,eum.ac.jp,university/college,2026-09-26,Inaccessible,hipo:2026-09-17;hipo:2026-09-18;hipo:2026-09-19;hipo:2026-09-20;hipo:2026-09-21;hipo:2026-09-22;hipo:2026-09-23;hipo:2026-09-24;hipo:2026-09-25;hipo:2026-09-26;hipo:2026-09-27;hipo:2026-09-28;hipo:2026-09-29;hipo:2026-09-30;hipo:2026-10-01;hipo:2026-10-02;hipo:2026-10-03;hipo:2026-10-04;hipo:2026-10-05;hipo:2026-10-06;hipo:2026-10-07;hipo:2026-10-08;hipo:2026-10-09,,0,unreachable-dns,eum.ac.jp,
Fukuoka Dental College,fdcnet.ac.jp,university/college,2026-09-26,Inaccessible,hipo:2026-09-17;hipo:2026-09-18;hipo:2026-09-19;hipo:2026-09-20;hipo:2026-09-21;hipo:2026-09-22;hipo:2026-09-23;hipo:2026-09-24;hipo:2026-09-25;hipo:2026-09-26;hipo:2026-09-27;hipo:2026-09-28;hipo:2026-09-29;hipo:2026-09-30;hipo:2026-10-01;hipo:2026-10-02;hipo:2026-10-03;hipo:2026-10-04;hipo:2026-10-05;hipo:2026-10-06;hipo:2026-10-07;hipo:2026-10-08;hipo:2026-10-09,,0,unreachable-dns,fdcnet.ac.jp,
Ferris University,ferris.ac.jp,university/college,2026-09-26,Active,hipo:2026-09-17;hipo:2026-09-18;hipo:2026-09-19;hipo:2026-09-20;hipo:2026-09-21;hipo:2026-09-22;hipo:2026-09-23;hipo:2026-09-24;hipo:2026-09-25;hipo:2026-09-26;hipo:2026-09-27;hipo:2026-09-28;hipo:2026-09-29;hipo:2026-09-30;hipo:2026-10-01;hipo:2026-10-02;hipo:2026-10-03;hipo:2026-10-04;hipo:2026-10-05;hipo:2026-10-06;hipo:2026-10-07;hipo:2026-10-08;hipo:2026-10-09,,90,http-2xx-html+multi-source+edu-keywords+structure+substantial-content,ferris.ac.jp,ja
National Fisheries University,fish-u.ac.jp,university/college,2026-09-26,Inaccessible,hipo:2026-09-17;hipo:2026-09-18;hipo:2026-09-19;hipo:2026-09-20;hipo:2026-09-21;hipo:2026-09-22;hipo:2026-09-23;hipo:2026-09-24;hipo:2026-09-25;hipo:2026-09-26;hipo:2026-09-27;hipo:2026-09-28;hipo:2026-09-29;hipo:2026-09-30;hipo:2026-10-01;hipo:2026-10-02;hipo:2026-10-03;hipo:2026-10-04;hipo:2026-10-05;hipo:2026-10-06;hipo:2026-10-07;hipo:2026-10-08;hipo:2026-10-09,,0,unreachable-dns,fish-u.ac.jp,
Fukuoka Institute of Technology,fit.ac.jp,university/college,2026-09-26,Active,hipo:2026-09-17;hipo:2026-09-18;hipo:2026-09-19;hipo:2026-09-20;hipo:2026-09-21;hipo:2026-09-22;hipo:2026-09-23;hipo:2026-09-24;hipo:2026-09-25;hipo:2026-09-26;hipo:2026-09-27;hipo:2026-09-28;hipo:2026-09-29;hipo:2026-09-30;hipo:2026-10-01;hipo:2026-10-02;hipo:2026-10-03;hipo:2026-10-04;hipo:2026-10-05;hipo:2026-10-06;hipo:2026-10-07;hipo:2026-10-08;hipo:2026-10-09,,90,http-2xx-html+multi-source+edu-keywords+structure+substantial-content,fit.ac.jp,ja
Fukushima Medical College,fmu.ac.jp,university/college,2026-09-26,Inaccessible,hipo:2026-09-17;hipo:2026-09-18;hipo:2026-09-19;hipo:2026-09-20;hipo:2026-09-21;hipo:2026-09-22;hipo:2026-09-23;hipo:2026-09-24;hipo:2026-09-25;hipo:2026-09-26;hipo:2026-09-27;hipo:2026-09-28;hipo:2026-09-29;hipo:2026-09-30;hipo:2026-10-01;hipo:2026-10-02;openalex:page94;openalex:page95;hipo:2026-10-03;hipo:2026-10-04;hipo:2026-10-05;hipo:2026-10-06;hipo:2026-10-07;hipo:2026-10-08;hipo:2026-10-09,,0,unreachable-dns,fmu.ac.jp,
Fukui Prefectural University,fpu.ac.jp,university/college,2026-09-26,Inaccessible,hipo:2026-09-17;hipo:2026-09-18;hipo:2026-09-19;hipo:2026-09-20;hipo:2026-09-21;hipo:2026-09-22;hipo:2026-09-23;hipo:2026-09-24;hipo:2026-09-25;hipo:2026-09-26;hipo:2026-09-27;hipo:2026-09-28;hipo:2026-09-29;hipo:2026-09-30;hipo:2026-10-01;hipo:2026-10-02;hipo:2026-10-03;hipo:2026-10-04;hipo:2026-10-05;hipo:2026-10-06;hipo:2026-10-07;hipo:2026-10-08;hipo:2026-10-09,,0,fetch-error:ConnectTimeout,fpu.ac.jp,
Fuji Women's College,fujijoshi.ac.jp,university/college,2026-09-26,Inaccessible,hipo:2026-09-17;hipo:2026-09-18;hipo:2026-09-19;hipo:2026-09-20;hipo:2026-09-21;hipo:2026-09-22;hipo:2026-09-23;hipo:2026-09-24;hipo:2026-09-25;hipo:2026-09-26;hipo:2026-09-27;hipo:2026-09-28;hipo:2026-09-29;hipo:2026-09-30;hipo:2026-10-01;hipo:2026-10-02;hipo:2026-10-03;hipo:2026-10-04;hipo:2026-10-05;hipo:2026-10-06;hipo:2026-10-07;hipo:2026-10-08;hipo:2026-10-09,,0,unreachable-dns,fujijoshi.ac.jp,
Fujita Health University,fujita-hu.ac.jp,university/college,2026-09-26,Active,hipo:2026-09-17;hipo:2026-09-18;hipo:2026-09-19;hipo:2026-09-20;hipo:2026-09-21;hipo:2026-09-22;hipo:2026-09-23;hipo:2026-09-24;hipo:2026-09-25;hipo:2026-09-26;hipo:2026-09-27;hipo:2026-09-28;hipo:2026-09-29;hipo:2026-09-30;hipo:2026-10-01;hipo:2026-10-02;openalex:page95;hipo:2026-10-03;hipo:2026-10-04;hipo:2026-10-05;hipo:2026-10-06;hipo:2026-10-07;hipo:2026-10-08;hipo:2026-10-09,,100,http-2xx-html+multi-source+schema.org-edu+edu-keywords+structure+substantial-content,fujita-hu.ac.jp,ja
Fukui Medical School,fukui-med.ac.jp,university/college,2026-09-26,Inaccessible,hipo:2026-09-17;hipo:2026-09-18;hipo:2026-09-19;hipo:2026-09-20;hipo:2026-09-21;hipo:2026-09-22;hipo:2026-09-23;hipo:2026-09-24;hipo:2026-09-25;hipo:2026-09-26;hipo:2026-09-27;hipo:2026-09-28;hipo:2026-09-29;hipo:2026-09-30;hipo:2026-10-01;hipo:2026-10-02;hipo:2026-10-03;hipo:2026-10-04;hipo:2026-10-05;hipo:2026-10-06;hipo:2026-10-07;hipo:2026-10-08;hipo:2026-10-09,,0,unreachable-dns,fukui-med.ac.jp,
Fukui University,fukui-u.ac.jp,university/college,2026-09-26,Inaccessible,hipo:2026-09-17;hipo:2026-09-18;hipo:2026-09-19;hipo:2026-09-20;hipo:2026-09-21;hipo:2026-09-22;hipo:2026-09-23;hipo:2026-09-24;hipo:2026-09-25;hipo:2026-09-26;hipo:2026-09-27;hipo:2026-09-28;hipo:2026-09-29;hipo:2026-09-30;hipo:2026-10-01;hipo:2026-10-02;hipo:2026-10-03;hipo:2026-10-04;hipo:2026-10-05;hipo:2026-10-06;hipo:2026-10-07;hipo:2026-10-08;hipo:2026-10-09,,0,unreachable-dns,fukui-u.ac.jp,
Fukui University of Technology,fukui-ut.ac.jp,university/college,2026-09-26,Inaccessible,hipo:2026-09-17;hipo:2026-09-18;hipo:2026-09-19;hipo:2026-09-20;hipo:2026-09-21;hipo:2026-09-22;hipo:2026-09-23;hipo:2026-09-24;hipo:2026-09-25;hipo:2026-09-26;hipo:2026-09-27;hipo:2026-09-28;hipo:2026-09-29;hipo:2026-09-30;hipo:2026-10-01;hipo:2026-10-02;hipo:2026-10-03;hipo:2026-10-04;hipo:2026-10-05;hipo:2026-10-06;hipo:2026-10-07;hipo:2026-10-08;hipo:2026-10-09,,0,unreachable-dns,fukui-ut.ac.jp,
Fukuoka University of Education,fukuoka-edu.ac.jp,university/college,2026-09-26,Active,hipo:2026-09-17;hipo:2026-09-18;hipo:2026-09-19;hipo:2026-09-20;hipo:2026-09-21;hipo:2026-09-22;hipo:2026-09-23;hipo:2026-09-24;hipo:2026-09-25;hipo:2026-09-26;hipo:2026-09-27;hipo:2026-09-28;hipo:2026-09-29;hipo:2026-09-30;hipo:2026-10-01;hipo:2026-10-02;hipo:2026-10-03;hipo:2026-10-04;hipo:2026-10-05;hipo:2026-10-06;hipo:2026-10-07;hipo:2026-10-08;hipo:2026-10-09,,80,http-2xx-html+multi-source+edu-keywords+structure,fukuoka-edu.ac.jp,ja
Fukuoka International University,fukuoka-int-u.ac.jp,university/college,2026-09-26,Inaccessible,hipo:2026-09-17;hipo:2026-09-18;hipo:2026-09-19;hipo:2026-09-20;hipo:2026-09-21;hipo:2026-09-22;hipo:2026-09-23;hipo:2026-09-24;hipo:2026-09-25;hipo:2026-09-26;hipo:2026-09-27;hipo:2026-09-28;hipo:2026-09-29;hipo:2026-09-30;hipo:2026-10-01;hipo:2026-10-02;hipo:2026-10-03;hipo:2026-10-04;hipo:2026-10-05;hipo:2026-10-06;hipo:2026-10-07;hipo:2026-10-08;hipo:2026-10-09,,0,unreachable-dns,fukuoka-int-u.ac.jp,
Fukuoka Prefectural University,fukuoka-pu.ac.jp,university/college,2026-09-26,Inaccessible,hipo:2026-09-17;hipo:2026-09-18;hipo:2026-09-19;hipo:2026-09-20;hipo:2026-09-21;hipo:2026-09-22;hipo:2026-09-23;hipo:2026-09-24;hipo:2026-09-25;hipo:2026-09-26;hipo:2026-09-27;hipo:2026-09-28;hipo:2026-09-29;hipo:2026-09-30;hipo:2026-10-01;hipo:2026-10-02;hipo:2026-10-03;hipo:2026-10-04;hipo:2026-10-05;hipo:2026-10-06;wikidata:P856;hipo:2026-10-07;hipo:2026-10-08;hipo:2026-10-09,,0,unreachable-dns,fukuoka-pu.ac.jp,
Fukuoka University,fukuoka-u.ac.jp,university/college,2026-09-26,Inaccessible,hipo:2026-09-17;hipo:2026-09-18;hipo:2026-09-19;hipo:2026-09-20;hipo:2026-09-21;hipo:2026-09-22;hipo:2026-09-23;hipo:2026-09-24;hipo:2026-09-25;hipo:2026-09-26;hipo:2026-09-27;hipo:2026-09-28;openalex:page79;hipo:2026-09-29;hipo:2026-09-30;hipo:2026-10-01;hipo:2026-10-02;hipo:2026-10-03;hipo:2026-10-04;hipo:2026-10-05;hipo:2026-10-06;hipo:2026-10-07;hipo:2026-10-08;hipo:2026-10-09,,0,unreachable-dns,fukuoka-u.ac.jp,
Fukushima University,fukushima-u.ac.jp,university/college,2026-09-26,Inaccessible,hipo:2026-09-17;hipo:2026-09-18;hipo:2026-09-19;hipo:2026-09-20;hipo:2026-09-21;hipo:2026-09-22;hipo:2026-09-23;hipo:2026-09-24;hipo:2026-09-25;hipo:2026-09-26;hipo:2026-09-27;hipo:2026-09-28;hipo:2026-09-29;hipo:2026-09-30;hipo:2026-10-01;hipo:2026-10-02;hipo:2026-10-03;hipo:2026-10-04;hipo:2026-10-05;hipo:2026-10-06;hipo:2026-10-07;hipo:2026-10-08;hipo:2026-10-09,,0,fetch-error:ConnectTimeout,fukushima-u.ac.jp,
Fukuyama University,fukuyama-u.ac.jp,university/college,2026-09-26,Active,hipo:2026-09-17;hipo:2026-09-18;hipo:2026-09-19;hipo:2026-09-20;hipo:2026-09-21;hipo:2026-09-22;hipo:2026-09-23;hipo:2026-09-24;hipo:2026-09-25;hipo:2026-09-26;hipo:2026-09-27;hipo:2026-09-28;hipo:2026-09-29;hipo:2026-09-30;hipo:2026-10-01;hipo:2026-10-02;hipo:2026-10-03;hipo:2026-10-04;hipo:2026-10-05;hipo:2026-10-06;hipo:2026-10-07;hipo:2026-10-08;hipo:2026-10-09,,90,http-2xx-html+multi-source+edu-keywords+structure+substantial-content,fukuyama-u.ac.jp,ja
Fukuoka Women's University,fwu.ac.jp,university/college,2026-09-26,Inaccessible,hipo:2026-09-17;hipo:2026-09-18;hipo:2026-09-19;hipo:2026-09-20;hipo:2026-09-21;hipo:2026-09-22;hipo:2026-09-23;hipo:2026-09-24;hipo:2026-09-25;hipo:2026-09-26;hipo:2026-09-27;hipo:2026-09-28;hipo:2026-09-29;hipo:2026-09-30;hipo:2026-10-01;hipo:2026-10-02;hipo:2026-10-03;hipo:2026-10-04;hipo:2026-10-05;hipo:2026-10-06;hipo:2026-10-07;hipo:2026-10-08;hipo:2026-10-09,,0,fetch-error:ConnectionError,fwu.ac.jp,
Aichi Gakusen University,gakusen.ac.jp,university/college,2026-09-26,Inaccessible,hipo:2026-09-17;hipo:2026-09-18;hipo:2026-09-19;hipo:2026-09-20;hipo:2026-09-21;hipo:2026-09-22;hipo:2026-09-23;hipo:2026-09-24;hipo:2026-09-25;hipo:2026-09-26;hipo:2026-09-27;hipo:2026-09-28;hipo:2026-09-29;hipo:2026-09-30;hipo:2026-10-01;hipo:2026-10-02;hipo:2026-10-03;hipo:2026-10-04;hipo:2026-10-05;hipo:2026-10-06;hipo:2026-10-07;hipo:2026-10-08;hipo:2026-10-09,,0,unreachable-dns,gakusen.ac.jp,
Gakushuin University,gakushuin.ac.jp,university/college,2026-09-26,Inaccessible,hipo:2026-09-17;hipo:2026-09-18;hipo:2026-09-19;hipo:2026-09-20;hipo:2026-09-21;hipo:2026-09-22;hipo:2026-09-23;hipo:2026-09-24;hipo:2026-09-25;hipo:2026-09-26;hipo:2026-09-27;wikidata:P856;hipo:2026-09-28;hipo:2026-09-29;hipo:2026-09-30;hipo:2026-10-01;hipo:2026-10-02;hipo:2026-10-03;hipo:2026-10-04;hipo:2026-10-05;hipo:2026-10-06;hipo:2026-10-07;hipo:2026-10-08;hipo:2026-10-09,,0,unreachable-dns,gakushuin.ac.jp,
Tokyo National University of Fine Arts and Music,geidai.ac.jp,university/college,2026-09-26,Active,hipo:2026-09-17;hipo:2026-09-18;hipo:2026-09-19;hipo:2026-09-20;hipo:2026-09-21;hipo:2026-09-22;hipo:2026-09-23;hipo:2026-09-24;hipo:2026-09-25;hipo:2026-09-26;hipo:2026-09-27;hipo:2026-09-28;hipo:2026-09-29;hipo:2026-09-30;hipo:2026-10-01;hipo:2026-10-02;hipo:2026-10-03;hipo:2026-10-04;hipo:2026-10-05;hipo:2026-10-06;hipo:2026-10-07;hipo:2026-10-08;hipo:2026-10-09,,90,http-2xx-html+multi-source+edu-keywords+structure+substantial-content,geidai.ac.jp,ja
Gifu Keizai University,gifu-keizai.ac.jp,university/college,2026-09-26,Inaccessible,hipo:2026-09-17;hipo:2026-09-18;hipo:2026-09-19;hipo:2026-09-20;hipo:2026-09-21;hipo:2026-09-22;hipo:2026-09-23;hipo:2026-09-24;hipo:2026-09-25;hipo:2026-09-26;hipo:2026-09-27;hipo:2026-09-28;hipo:2026-09-29;hipo:2026-09-30;hipo:2026-10-01;hipo:2026-10-02;hipo:2026-10-03;hipo:2026-10-04;hipo:2026-10-05;hipo:2026-10-06;hipo:2026-10-07;hipo:2026-10-08;hipo:2026-10-09,,0,unreachable-dns,gifu-keizai.ac.jp,
Gifu University for Education and Languages,gifu-kyoiku.ac.jp,university/college,2026-09-26,Inaccessible,hipo:2026-09-17;hipo:2026-09-18;hipo:2026-09-19;hipo:2026-09-20;hipo:2026-09-21;hipo:2026-09-22;hipo:2026-09-23;hipo:2026-09-24;hipo:2026-09-25;hipo:2026-09-26;hipo:2026-09-27;hipo:2026-09-28;hipo:2026-09-29;hipo:2026-09-30;hipo:2026-10-01;hipo:2026-10-02;hipo:2026-10-03;hipo:2026-10-04;hipo:2026-10-05;hipo:2026-10-06;hipo:2026-10-07;hipo:2026-10-08;hipo:2026-10-09,,0,unreachable-dns,gifu-kyoiku.ac.jp,
Gifu Pharmaceutical University,gifu-pu.ac.jp,university/college,2026-09-26,Inaccessible,hipo:2026-09-17;hipo:2026-09-18;hipo:2026-09-19;hipo:2026-09-20;hipo:2026-09-21;hipo:2026-09-22;hipo:2026-09-23;hipo:2026-09-24;hipo:2026-09-25;hipo:2026-09-26;hipo:2026-09-27;hipo:2026-09-28;hipo:2026-09-29;hipo:2026-09-30;hipo:2026-10-01;hipo:2026-10-02;hipo:2026-10-03;hipo:2026-10-04;hipo:2026-10-05;hipo:2026-10-06;hipo:2026-10-07;hipo:2026-10-08;hipo:2026-10-09,,0,fetch-error:ConnectTimeout,gifu-pu.ac.jp,
Gifu University,gifu-u.ac.jp,university/college,2026-09-26,Inaccessible,hipo:2026-09-17;hipo:2026-09-18;hipo:2026-09-19;hipo:2026-09-20;hipo:2026-09-21;hipo:2026-09-22;hipo:2026-09-23;openalex:page54;hipo:2026-09-24;hipo:2026-09-25;hipo:2026-09-26;hipo:2026-09-27;hipo:2026-09-28;hipo:2026-09-29;hipo:2026-09-30;hipo:2026-10-01;hipo:2026-10-02;hipo:2026-10-03;hipo:2026-10-04;hipo:2026-10-05;hipo:2026-10-06;hipo:2026-10-07;hipo:2026-10-08;hipo:2026-10-09,,0,unreachable-dns,gifu-u.ac.jp,
Gifu Women's University,gijodai.ac.jp,university/college,2026-09-26,Inaccessible,hipo:2026-09-17;hipo:2026-09-18;hipo:2026-09-19;hipo:2026-09-20;hipo:2026-09-21;hipo:2026-09-22;hipo:2026-09-23;hipo:2026-09-24;hipo:2026-09-25;hipo:2026-09-26;hipo:2026-09-27;hipo:2026-09-28;hipo:2026-09-29;hipo:2026-09-30;hipo:2026-10-01;hipo:2026-10-02;hipo:2026-10-03;hipo:2026-10-04;hipo:2026-10-05;hipo:2026-10-06;hipo:2026-10-07;hipo:2026-10-08;hipo:2026-10-09,,0,fetch-error:ConnectionError,gijodai.ac.jp,
Hokkaido University,global.hokudai.ac.jp,university/college,2026-09-24,Inaccessible,openalex:page5;wikidata:P856;deqar:2026-10-02,,0,unreachable-dns,global.hokudai.ac.jp,
Gunma Prefectural Women's University,gpwu.ac.jp,university/college,2026-09-26,Inaccessible,hipo:2026-09-17;hipo:2026-09-18;hipo:2026-09-19;hipo:2026-09-20;hipo:2026-09-21;hipo:2026-09-22;hipo:2026-09-23;hipo:2026-09-24;hipo:2026-09-25;hipo:2026-09-26;hipo:2026-09-27;hipo:2026-09-28;hipo:2026-09-29;hipo:2026-09-30;hipo:2026-10-01;hipo:2026-10-02;hipo:2026-10-03;hipo:2026-10-04;hipo:2026-10-05;hipo:2026-10-06;hipo:2026-10-07;hipo:2026-10-08;hipo:2026-10-09,,0,fetch-error:ConnectTimeout,gpwu.ac.jp,
Gunma University,gunma-u.ac.jp,university/college,2026-09-26,Inaccessible,hipo:2026-09-17;hipo:2026-09-18;hipo:2026-09-19;hipo:2026-09-20;hipo:2026-09-21;hipo:2026-09-22;hipo:2026-09-23;openalex:page53;hipo:2026-09-24;hipo:2026-09-25;hipo:2026-09-26;hipo:2026-09-27;hipo:2026-09-28;hipo:2026-09-29;hipo:2026-09-30;hipo:2026-10-01;hipo:2026-10-02;hipo:2026-10-03;hipo:2026-10-04;hipo:2026-10-05;hipo:2026-10-06;hipo:2026-10-07;hipo:2026-10-08;hipo:2026-10-09,,0,unreachable-dns,gunma-u.ac.jp,
Hiroshima Bunkyo Women's University,h-bunkyo.ac.jp,university/college,2026-09-26,Inaccessible,hipo:2026-09-17;hipo:2026-09-18;hipo:2026-09-19;hipo:2026-09-20;hipo:2026-09-21;hipo:2026-09-22;hipo:2026-09-23;hipo:2026-09-24;hipo:2026-09-25;hipo:2026-09-26;hipo:2026-09-27;hipo:2026-09-28;hipo:2026-09-29;hipo:2026-09-30;hipo:2026-10-01;hipo:2026-10-02;hipo:2026-10-03;hipo:2026-10-04;hipo:2026-10-05;hipo:2026-10-06;hipo:2026-10-07;hipo:2026-10-08;hipo:2026-10-09,,0,unreachable-dns,h-bunkyo.ac.jp,
Hachinohe National College of Technology,hachinohe-ct.ac.jp,university/college,2026-09-24,Inaccessible,ror:api-p6,,0,unreachable-dns,hachinohe-ct.ac.jp,
Hachinohe University,hachinohe-u.ac.jp,university/college,2026-09-26,Inaccessible,hipo:2026-09-17;hipo:2026-09-18;hipo:2026-09-19;hipo:2026-09-20;hipo:2026-09-21;hipo:2026-09-22;hipo:2026-09-23;hipo:2026-09-24;hipo:2026-09-25;hipo:2026-09-26;hipo:2026-09-27;hipo:2026-09-28;hipo:2026-09-29;hipo:2026-09-30;hipo:2026-10-01;hipo:2026-10-02;hipo:2026-10-03;hipo:2026-10-04;hipo:2026-10-05;hipo:2026-10-06;hipo:2026-10-07;hipo:2026-10-08;hipo:2026-10-09,,0,unreachable-dns,hachinohe-u.ac.jp,
Hakodate University,hakodate-u.ac.jp,university/college,2026-09-26,Active,hipo:2026-09-17;hipo:2026-09-18;hipo:2026-09-19;hipo:2026-09-20;hipo:2026-09-21;hipo:2026-09-22;hipo:2026-09-23;hipo:2026-09-24;hipo:2026-09-25;hipo:2026-09-26;hipo:2026-09-27;hipo:2026-09-28;hipo:2026-09-29;hipo:2026-09-30;hipo:2026-10-01;hipo:2026-10-02;hipo:2026-10-03;hipo:2026-10-04;hipo:2026-10-05;hipo:2026-10-06;hipo:2026-10-07;hipo:2026-10-08;hipo:2026-10-09,,90,http-2xx-html+multi-source+edu-keywords+structure+substantial-content,hakodate-u.ac.jp,ja
Hakuoh University,hakuoh.ac.jp,university/college,2026-09-26,Inaccessible,hipo:2026-09-17;hipo:2026-09-18;hipo:2026-09-19;hipo:2026-09-20;hipo:2026-09-21;hipo:2026-09-22;hipo:2026-09-23;hipo:2026-09-24;hipo:2026-09-25;hipo:2026-09-26;hipo:2026-09-27;hipo:2026-09-28;hipo:2026-09-29;hipo:2026-09-30;hipo:2026-10-01;hipo:2026-10-02;hipo:2026-10-03;hipo:2026-10-04;hipo:2026-10-05;hipo:2026-10-06;hipo:2026-10-07;hipo:2026-10-08;hipo:2026-10-09,,0,fetch-error:SSLError,hakuoh.ac.jp,
Hamamatsu University School of Medicine,hama-med.ac.jp,university/college,2026-09-26,Inaccessible,hipo:2026-09-17;hipo:2026-09-18;hipo:2026-09-19;hipo:2026-09-20;hipo:2026-09-21;hipo:2026-09-22;hipo:2026-09-23;hipo:2026-09-24;hipo:2026-09-25;hipo:2026-09-26;hipo:2026-09-27;hipo:2026-09-28;hipo:2026-09-29;hipo:2026-09-30;hipo:2026-10-01;hipo:2026-10-02;openalex:page94;hipo:2026-10-03;hipo:2026-10-04;hipo:2026-10-05;hipo:2026-10-06;hipo:2026-10-07;hipo:2026-10-08;hipo:2026-10-09,,0,unreachable-dns,hama-med.ac.jp,
Hamamatsu University,hamamatsu-u.ac.jp,university/college,2026-09-26,Inaccessible,hipo:2026-09-17;hipo:2026-09-18;hipo:2026-09-19;hipo:2026-09-20;hipo:2026-09-21;hipo:2026-09-22;hipo:2026-09-23;hipo:2026-09-24;hipo:2026-09-25;hipo:2026-09-26;hipo:2026-09-27;hipo:2026-09-28;hipo:2026-09-29;hipo:2026-09-30;hipo:2026-10-01;hipo:2026-10-02;hipo:2026-10-03;hipo:2026-10-04;hipo:2026-10-05;hipo:2026-10-06;hipo:2026-10-07;hipo:2026-10-08;hipo:2026-10-09,,0,unreachable-dns,hamamatsu-u.ac.jp,
Hanazono University,hanazono.ac.jp,university/college,2026-09-26,Active,hipo:2026-09-17;hipo:2026-09-18;hipo:2026-09-19;hipo:2026-09-20;hipo:2026-09-21;hipo:2026-09-22;hipo:2026-09-23;hipo:2026-09-24;hipo:2026-09-25;hipo:2026-09-26;hipo:2026-09-27;hipo:2026-09-28;hipo:2026-09-29;hipo:2026-09-30;hipo:2026-10-01;hipo:2026-10-02;hipo:2026-10-03;hipo:2026-10-04;hipo:2026-10-05;hipo:2026-10-06;hipo:2026-10-07;hipo:2026-10-08;hipo:2026-10-09,,90,http-2xx-html+multi-source+edu-keywords+structure+substantial-content,hanazono.ac.jp,ja
Hannan University,hannan-u.ac.jp,university/college,2026-09-26,Active,hipo:2026-09-17;hipo:2026-09-18;hipo:2026-09-19;hipo:2026-09-20;hipo:2026-09-21;hipo:2026-09-22;hipo:2026-09-23;hipo:2026-09-24;hipo:2026-09-25;hipo:2026-09-26;hipo:2026-09-27;hipo:2026-09-28;hipo:2026-09-29;hipo:2026-09-30;hipo:2026-10-01;hipo:2026-10-02;hipo:2026-10-03;hipo:2026-10-04;hipo:2026-10-05;hipo:2026-10-06;hipo:2026-10-07;hipo:2026-10-08;hipo:2026-10-09,,90,http-2xx-html+multi-source+edu-keywords+structure+substantial-content,hannan-u.ac.jp,ja
Fukuyama Heisei University,heisei-u.ac.jp,university/college,2026-09-26,Active,hipo:2026-09-17;hipo:2026-09-18;hipo:2026-09-19;hipo:2026-09-20;hipo:2026-09-21;hipo:2026-09-22;hipo:2026-09-23;hipo:2026-09-24;hipo:2026-09-25;hipo:2026-09-26;hipo:2026-09-27;hipo:2026-09-28;hipo:2026-09-29;hipo:2026-09-30;hipo:2026-10-01;hipo:2026-10-02;hipo:2026-10-03;hipo:2026-10-04;hipo:2026-10-05;hipo:2026-10-06;hipo:2026-10-07;hipo:2026-10-08;hipo:2026-10-09,,90,http-2xx-html+multi-source+edu-keywords+structure+substantial-content,heisei-u.ac.jp,
Hachinohe Institute of Technology,hi-tech.ac.jp,university/college,2026-09-26,Inaccessible,hipo:2026-09-17;hipo:2026-09-18;hipo:2026-09-19;hipo:2026-09-20;hipo:2026-09-21;hipo:2026-09-22;hipo:2026-09-23;hipo:2026-09-24;hipo:2026-09-25;hipo:2026-09-26;hipo:2026-09-27;hipo:2026-09-28;hipo:2026-09-29;hipo:2026-09-30;hipo:2026-10-01;hipo:2026-10-02;hipo:2026-10-03;hipo:2026-10-04;hipo:2026-10-05;hipo:2026-10-06;hipo:2026-10-07;hipo:2026-10-08;hipo:2026-10-09,,0,unreachable-dns,hi-tech.ac.jp,
Hijiyama University,hijiyama-u.ac.jp,university/college,2026-09-26,Inaccessible,hipo:2026-09-17;hipo:2026-09-18;hipo:2026-09-19;hipo:2026-09-20;hipo:2026-09-21;hipo:2026-09-22;hipo:2026-09-23;hipo:2026-09-24;hipo:2026-09-25;hipo:2026-09-26;hipo:2026-09-27;hipo:2026-09-28;hipo:2026-09-29;hipo:2026-09-30;hipo:2026-10-01;hipo:2026-10-02;hipo:2026-10-03;hipo:2026-10-04;hipo:2026-10-05;hipo:2026-10-06;hipo:2026-10-07;hipo:2026-10-08;hipo:2026-10-09,,0,unreachable-dns,hijiyama-u.ac.jp,
Himeji Dokkyo University,himeji-du.ac.jp,university/college,2026-09-26,Inaccessible,hipo:2026-09-17;hipo:2026-09-18;hipo:2026-09-19;hipo:2026-09-20;hipo:2026-09-21;hipo:2026-09-22;hipo:2026-09-23;hipo:2026-09-24;hipo:2026-09-25;hipo:2026-09-26;hipo:2026-09-27;hipo:2026-09-28;hipo:2026-09-29;hipo:2026-09-30;hipo:2026-10-01;hipo:2026-10-02;hipo:2026-10-03;hipo:2026-10-04;hipo:2026-10-05;hipo:2026-10-06;hipo:2026-10-07;hipo:2026-10-08;hipo:2026-10-09,,0,unreachable-dns,himeji-du.ac.jp,
Himeji Institute of Technology,himeji-tech.ac.jp,university/college,2026-09-26,Inaccessible,hipo:2026-09-17;hipo:2026-09-18;hipo:2026-09-19;hipo:2026-09-20;hipo:2026-09-21;hipo:2026-09-22;hipo:2026-09-23;hipo:2026-09-24;hipo:2026-09-25;hipo:2026-09-26;hipo:2026-09-27;hipo:2026-09-28;hipo:2026-09-29;hipo:2026-09-30;hipo:2026-10-01;hipo:2026-10-02;hipo:2026-10-03;hipo:2026-10-04;hipo:2026-10-05;hipo:2026-10-06;hipo:2026-10-07;hipo:2026-10-08;hipo:2026-10-09,,0,unreachable-dns,himeji-tech.ac.jp,
Hirosaki Gakuin University,hirogaku-u.ac.jp,university/college,2026-09-26,Inaccessible,hipo:2026-09-17;hipo:2026-09-18;hipo:2026-09-19;hipo:2026-09-20;hipo:2026-09-21;hipo:2026-09-22;hipo:2026-09-23;hipo:2026-09-24;hipo:2026-09-25;hipo:2026-09-26;hipo:2026-09-27;hipo:2026-09-28;hipo:2026-09-29;hipo:2026-09-30;hipo:2026-10-01;hipo:2026-10-02;hipo:2026-10-03;hipo:2026-10-04;hipo:2026-10-05;hipo:2026-10-06;hipo:2026-10-07;hipo:2026-10-08;hipo:2026-10-09,,0,unreachable-dns,hirogaku-u.ac.jp,
Hiroshima Women's University,hirojo-u.ac.jp,university/college,2026-09-26,Inaccessible,hipo:2026-09-17;hipo:2026-09-18;hipo:2026-09-19;hipo:2026-09-20;hipo:2026-09-21;hipo:2026-09-22;hipo:2026-09-23;hipo:2026-09-24;hipo:2026-09-25;hipo:2026-09-26;hipo:2026-09-27;hipo:2026-09-28;hipo:2026-09-29;hipo:2026-09-30;hipo:2026-10-01;hipo:2026-10-02;hipo:2026-10-03;hipo:2026-10-04;hipo:2026-10-05;hipo:2026-10-06;hipo:2026-10-07;hipo:2026-10-08;hipo:2026-10-09,,0,unreachable-dns,hirojo-u.ac.jp,
Hiroshima International University,hirokoku-u.ac.jp,university/college,2026-09-26,Inaccessible,hipo:2026-09-17;hipo:2026-09-18;hipo:2026-09-19;hipo:2026-09-20;hipo:2026-09-21;hipo:2026-09-22;hipo:2026-09-23;hipo:2026-09-24;hipo:2026-09-25;hipo:2026-09-26;hipo:2026-09-27;hipo:2026-09-28;hipo:2026-09-29;hipo:2026-09-30;hipo:2026-10-01;hipo:2026-10-02;hipo:2026-10-03;hipo:2026-10-04;hipo:2026-10-05;hipo:2026-10-06;hipo:2026-10-07;hipo:2026-10-08;hipo:2026-10-09,,0,unreachable-dns,hirokoku-u.ac.jp,
Hirosaki University,hirosaki-u.ac.jp,university/college,2026-09-26,Inaccessible,hipo:2026-09-17;hipo:2026-09-18;hipo:2026-09-19;hipo:2026-09-20;hipo:2026-09-21;hipo:2026-09-22;hipo:2026-09-23;hipo:2026-09-24;hipo:2026-09-25;hipo:2026-09-26;hipo:2026-09-27;hipo:2026-09-28;hipo:2026-09-29;openalex:page81;hipo:2026-09-30;hipo:2026-10-01;hipo:2026-10-02;hipo:2026-10-03;hipo:2026-10-04;hipo:2026-10-05;hipo:2026-10-06;hipo:2026-10-07;hipo:2026-10-08;hipo:2026-10-09,,0,unreachable-dns,hirosaki-u.ac.jp,
Hiroshima City University,hiroshima-cu.ac.jp,university/college,2026-09-26,Inaccessible,hipo:2026-09-17;hipo:2026-09-18;hipo:2026-09-19;hipo:2026-09-20;hipo:2026-09-21;hipo:2026-09-22;hipo:2026-09-23;hipo:2026-09-24;hipo:2026-09-25;hipo:2026-09-26;hipo:2026-09-27;hipo:2026-09-28;hipo:2026-09-29;hipo:2026-09-30;hipo:2026-10-01;hipo:2026-10-02;hipo:2026-10-03;hipo:2026-10-04;hipo:2026-10-05;hipo:2026-10-06;hipo:2026-10-07;hipo:2026-10-08;hipo:2026-10-09,,0,unreachable-dns,hiroshima-cu.ac.jp,
Hiroshima Prefectural University,hiroshima-pu.ac.jp,university/college,2026-09-26,Inaccessible,hipo:2026-09-17;hipo:2026-09-18;hipo:2026-09-19;hipo:2026-09-20;hipo:2026-09-21;hipo:2026-09-22;hipo:2026-09-23;hipo:2026-09-24;hipo:2026-09-25;hipo:2026-09-26;hipo:2026-09-27;hipo:2026-09-28;hipo:2026-09-29;hipo:2026-09-30;hipo:2026-10-01;hipo:2026-10-02;hipo:2026-10-03;hipo:2026-10-04;hipo:2026-10-05;hipo:2026-10-06;hipo:2026-10-07;hipo:2026-10-08;hipo:2026-10-09,,0,unreachable-dns,hiroshima-pu.ac.jp,
Hiroshima University,hiroshima-u.ac.jp,university/college,2026-09-18,Inaccessible,openalex:page20;hipo:2026-09-17;hipo:2026-09-18;hipo:2026-09-19;hipo:2026-09-20;hipo:2026-09-21;hipo:2026-09-22;hipo:2026-09-23;hipo:2026-09-24;hipo:2026-09-25;hipo:2026-09-26;hipo:2026-09-27;hipo:2026-09-28;hipo:2026-09-29;hipo:2026-09-30;hipo:2026-10-01;hipo:2026-10-02;hipo:2026-10-03;hipo:2026-10-04;hipo:2026-10-05;hipo:2026-10-06;hipo:2026-10-07;hipo:2026-10-08;hipo:2026-10-09,,0,unreachable-dns,,
Hitotsubashi University,hit-u.ac.jp,university/college,2026-09-26,Inaccessible,hipo:2026-09-17;hipo:2026-09-18;hipo:2026-09-19;hipo:2026-09-20;hipo:2026-09-21;hipo:2026-09-22;hipo:2026-09-23;hipo:2026-09-24;hipo:2026-09-25;hipo:2026-09-26;hipo:2026-09-27;hipo:2026-09-28;hipo:2026-09-29;hipo:2026-09-30;hipo:2026-10-01;hipo:2026-10-02;hipo:2026-10-03;hipo:2026-10-04;hipo:2026-10-05;hipo:2026-10-06;hipo:2026-10-07;hipo:2026-10-08;hipo:2026-10-09,,0,unreachable-dns,hit-u.ac.jp,
Hokkaido Institute of Technology,hit.ac.jp,university/college,2026-09-26,Inaccessible,hipo:2026-09-17;hipo:2026-09-18;hipo:2026-09-19;hipo:2026-09-20;hipo:2026-09-21;hipo:2026-09-22;hipo:2026-09-23;hipo:2026-09-24;hipo:2026-09-25;hipo:2026-09-26;hipo:2026-09-27;hipo:2026-09-28;hipo:2026-09-29;hipo:2026-09-30;hipo:2026-10-01;hipo:2026-10-02;hipo:2026-10-03;hipo:2026-10-04;hipo:2026-10-05;hipo:2026-10-06;hipo:2026-10-07;hipo:2026-10-08;hipo:2026-10-09,,0,fetch-error:ConnectTimeout,hit.ac.jp,
Heisei International University,hiu.ac.jp,university/college,2026-09-26,Active,hipo:2026-09-17;hipo:2026-09-18;hipo:2026-09-19;hipo:2026-09-20;hipo:2026-09-21;hipo:2026-09-22;hipo:2026-09-23;hipo:2026-09-24;hipo:2026-09-25;hipo:2026-09-26;hipo:2026-09-27;hipo:2026-09-28;hipo:2026-09-29;hipo:2026-09-30;hipo:2026-10-01;hipo:2026-10-02;hipo:2026-10-03;hipo:2026-10-04;hipo:2026-10-05;hipo:2026-10-06;hipo:2026-10-07;hipo:2026-10-08;hipo:2026-10-09,,90,http-2xx-html+multi-source+edu-keywords+structure+substantial-content,hiu.ac.jp,ja
Hiroshima Jogakuin University,hju.ac.jp,university/college,2026-09-26,Active,hipo:2026-09-17;hipo:2026-09-18;hipo:2026-09-19;hipo:2026-09-20;hipo:2026-09-21;hipo:2026-09-22;hipo:2026-09-23;hipo:2026-09-24;hipo:2026-09-25;hipo:2026-09-26;hipo:2026-09-27;hipo:2026-09-28;hipo:2026-09-29;hipo:2026-09-30;hipo:2026-10-01;hipo:2026-10-02;hipo:2026-10-03;hipo:2026-10-04;hipo:2026-10-05;hipo:2026-10-06;hipo:2026-10-07;hipo:2026-10-08;hipo:2026-10-09,,90,http-2xx-html+multi-source+edu-keywords+structure+substantial-content,hju.ac.jp,ja
Hiroshima Kokusai Gakuin University,hkg.ac.jp,university/college,2026-09-26,Active,hipo:2026-09-17;hipo:2026-09-18;hipo:2026-09-19;hipo:2026-09-20;hipo:2026-09-21;hipo:2026-09-22;hipo:2026-09-23;hipo:2026-09-24;hipo:2026-09-25;hipo:2026-09-26;hipo:2026-09-27;hipo:2026-09-28;hipo:2026-09-29;hipo:2026-09-30;hipo:2026-10-01;hipo:2026-10-02;hipo:2026-10-03;hipo:2026-10-04;hipo:2026-10-05;hipo:2026-10-06;hipo:2026-10-07;hipo:2026-10-08;hipo:2026-10-09,,80,http-2xx-html+multi-source+edu-keywords+structure,hkg.ac.jp,ja
Hokkaigakuen University of Kitami,hokkai-k-u.ac.jp,university/college,2026-09-26,Inaccessible,hipo:2026-09-17;hipo:2026-09-18;hipo:2026-09-19;hipo:2026-09-20;hipo:2026-09-21;hipo:2026-09-22;hipo:2026-09-23;hipo:2026-09-24;hipo:2026-09-25;hipo:2026-09-26;hipo:2026-09-27;hipo:2026-09-28;hipo:2026-09-29;hipo:2026-09-30;hipo:2026-10-01;hipo:2026-10-02;hipo:2026-10-03;hipo:2026-10-04;hipo:2026-10-05;hipo:2026-10-06;hipo:2026-10-07;hipo:2026-10-08;hipo:2026-10-09,,0,unreachable-dns,hokkai-k-u.ac.jp,
Hokkaigakuen University,hokkai-s-u.ac.jp,university/college,2026-09-26,Inaccessible,hipo:2026-09-17;hipo:2026-09-18;hipo:2026-09-19;hipo:2026-09-20;hipo:2026-09-21;hipo:2026-09-22;hipo:2026-09-23;hipo:2026-09-24;hipo:2026-09-25;hipo:2026-09-26;hipo:2026-09-27;hipo:2026-09-28;hipo:2026-09-29;hipo:2026-09-30;hipo:2026-10-01;hipo:2026-10-02;hipo:2026-10-03;hipo:2026-10-04;hipo:2026-10-05;hipo:2026-10-06;hipo:2026-10-07;hipo:2026-10-08;hipo:2026-10-09,,0,unreachable-dns,hokkai-s-u.ac.jp,
Hokkaido University of Education,hokkyodai.ac.jp,university/college,2026-09-26,Inaccessible,hipo:2026-09-17;hipo:2026-09-18;hipo:2026-09-19;hipo:2026-09-20;hipo:2026-09-21;hipo:2026-09-22;hipo:2026-09-23;hipo:2026-09-24;hipo:2026-09-25;hipo:2026-09-26;hipo:2026-09-27;hipo:2026-09-28;hipo:2026-09-29;hipo:2026-09-30;hipo:2026-10-01;hipo:2026-10-02;hipo:2026-10-03;hipo:2026-10-04;hipo:2026-10-05;hipo:2026-10-06;hipo:2026-10-07;hipo:2026-10-08;hipo:2026-10-09,,0,unreachable-dns,hokkyodai.ac.jp,
Hokkaido University of Health Sciences,hoku-iryo-u.ac.jp,university/college,2026-09-26,Inaccessible,hipo:2026-09-17;hipo:2026-09-18;hipo:2026-09-19;hipo:2026-09-20;hipo:2026-09-21;hipo:2026-09-22;hipo:2026-09-23;hipo:2026-09-24;hipo:2026-09-25;hipo:2026-09-26;hipo:2026-09-27;hipo:2026-09-28;hipo:2026-09-29;hipo:2026-09-30;hipo:2026-10-01;hipo:2026-10-02;hipo:2026-10-03;hipo:2026-10-04;hipo:2026-10-05;hipo:2026-10-06;hipo:2026-10-07;hipo:2026-10-08;hipo:2026-10-09,,0,unreachable-dns,hoku-iryo-u.ac.jp,
Hokkaido University,hokudai.ac.jp,university/college,2026-09-26,Inaccessible,hipo:2026-09-17;hipo:2026-09-18;hipo:2026-09-19;hipo:2026-09-20;hipo:2026-09-21;hipo:2026-09-22;hipo:2026-09-23;hipo:2026-09-24;hipo:2026-09-25;hipo:2026-09-26;wikidata:P856;hipo:2026-09-27;hipo:2026-09-28;hipo:2026-09-29;hipo:2026-09-30;hipo:2026-10-01;hipo:2026-10-02;hipo:2026-10-03;hipo:2026-10-04;hipo:2026-10-05;hipo:2026-10-06;hipo:2026-10-07;hipo:2026-10-08;hipo:2026-10-09,,0,unreachable-dns,hokudai.ac.jp,
Hokuriku University,hokuriku-u.ac.jp,university/college,2026-09-26,Inaccessible,hipo:2026-09-17;hipo:2026-09-18;hipo:2026-09-19;hipo:2026-09-20;hipo:2026-09-21;hipo:2026-09-22;hipo:2026-09-23;hipo:2026-09-24;hipo:2026-09-25;hipo:2026-09-26;hipo:2026-09-27;hipo:2026-09-28;hipo:2026-09-29;hipo:2026-09-30;hipo:2026-10-01;hipo:2026-10-02;hipo:2026-10-03;hipo:2026-10-04;hipo:2026-10-05;hipo:2026-10-06;hipo:2026-10-07;hipo:2026-10-08;hipo:2026-10-09,,0,fetch-error:ConnectTimeout,hokuriku-u.ac.jp,
Hokusei Gakuen University,hokusei.ac.jp,university/college,2026-09-26,Inaccessible,hipo:2026-09-17;hipo:2026-09-18;hipo:2026-09-19;hipo:2026-09-20;hipo:2026-09-21;hipo:2026-09-22;hipo:2026-09-23;hipo:2026-09-24;hipo:2026-09-25;hipo:2026-09-26;hipo:2026-09-27;hipo:2026-09-28;hipo:2026-09-29;hipo:2026-09-30;hipo:2026-10-01;hipo:2026-10-02;hipo:2026-10-03;hipo:2026-10-04;hipo:2026-10-05;hipo:2026-10-06;hipo:2026-10-07;hipo:2026-10-08;hipo:2026-10-09,,0,unreachable-dns,hokusei.ac.jp,
Hokkaido Institute of Pharmaceutical Sciences,hokuyakudai.ac.jp,university/college,2026-09-26,Inaccessible,hipo:2026-09-17;hipo:2026-09-18;hipo:2026-09-19;hipo:2026-09-20;hipo:2026-09-21;hipo:2026-09-22;hipo:2026-09-23;hipo:2026-09-24;hipo:2026-09-25;hipo:2026-09-26;hipo:2026-09-27;hipo:2026-09-28;hipo:2026-09-29;hipo:2026-09-30;hipo:2026-10-01;hipo:2026-10-02;hipo:2026-10-03;hipo:2026-10-04;hipo:2026-10-05;hipo:2026-10-06;hipo:2026-10-07;hipo:2026-10-08;hipo:2026-10-09,,0,fetch-error:ConnectTimeout,hokuyakudai.ac.jp,
Hosei University,hosei.ac.jp,university/college,2026-09-26,Inaccessible,hipo:2026-09-17;hipo:2026-09-18;hipo:2026-09-19;hipo:2026-09-20;hipo:2026-09-21;hipo:2026-09-22;hipo:2026-09-23;hipo:2026-09-24;hipo:2026-09-25;hipo:2026-09-26;hipo:2026-09-27;hipo:2026-09-28;hipo:2026-09-29;hipo:2026-09-30;hipo:2026-10-01;hipo:2026-10-02;hipo:2026-10-03;hipo:2026-10-04;hipo:2026-10-05;openalex:page111;hipo:2026-10-06;hipo:2026-10-07;hipo:2026-10-08;hipo:2026-10-09,,0,unreachable-dns,hosei.ac.jp,
Hoshi University,hoshi.ac.jp,university/college,2026-09-26,Active,hipo:2026-09-17;hipo:2026-09-18;hipo:2026-09-19;hipo:2026-09-20;hipo:2026-09-21;hipo:2026-09-22;hipo:2026-09-23;hipo:2026-09-24;hipo:2026-09-25;hipo:2026-09-26;hipo:2026-09-27;hipo:2026-09-28;hipo:2026-09-29;hipo:2026-09-30;hipo:2026-10-01;hipo:2026-10-02;hipo:2026-10-03;hipo:2026-10-04;hipo:2026-10-05;hipo:2026-10-06;hipo:2026-10-07;hipo:2026-10-08;hipo:2026-10-09,,100,http-2xx-html+multi-source+schema.org-edu+edu-keywords+structure+substantial-content,hoshi.ac.jp,ja
Hiroshima University of Economics,hue.ac.jp,university/college,2026-09-26,Inaccessible,hipo:2026-09-17;hipo:2026-09-18;hipo:2026-09-19;hipo:2026-09-20;hipo:2026-09-21;hipo:2026-09-22;hipo:2026-09-23;hipo:2026-09-24;hipo:2026-09-25;hipo:2026-09-26;hipo:2026-09-27;hipo:2026-09-28;hipo:2026-09-29;hipo:2026-09-30;hipo:2026-10-01;hipo:2026-10-02;hipo:2026-10-03;hipo:2026-10-04;hipo:2026-10-05;hipo:2026-10-06;hipo:2026-10-07;hipo:2026-10-08;hipo:2026-10-09,,0,unreachable-dns,hue.ac.jp,
Hyogo College of Medicine,hyo-med.ac.jp,university/college,2026-09-26,Inaccessible,hipo:2026-09-17;hipo:2026-09-18;hipo:2026-09-19;hipo:2026-09-20;hipo:2026-09-21;hipo:2026-09-22;hipo:2026-09-23;hipo:2026-09-24;hipo:2026-09-25;hipo:2026-09-26;hipo:2026-09-27;hipo:2026-09-28;hipo:2026-09-29;hipo:2026-09-30;hipo:2026-10-01;hipo:2026-10-02;hipo:2026-10-03;openalex:page102;hipo:2026-10-04;hipo:2026-10-05;hipo:2026-10-06;hipo:2026-10-07;hipo:2026-10-08;hipo:2026-10-09,,0,unreachable-dns,hyo-med.ac.jp,
Hyogo University,hyogo-dai.ac.jp,university/college,2026-09-26,Inaccessible,hipo:2026-09-17;hipo:2026-09-18;hipo:2026-09-19;hipo:2026-09-20;hipo:2026-09-21;hipo:2026-09-22;hipo:2026-09-23;hipo:2026-09-24;hipo:2026-09-25;hipo:2026-09-26;hipo:2026-09-27;hipo:2026-09-28;hipo:2026-09-29;hipo:2026-09-30;hipo:2026-10-01;hipo:2026-10-02;hipo:2026-10-03;hipo:2026-10-04;hipo:2026-10-05;hipo:2026-10-06;hipo:2026-10-07;hipo:2026-10-08;hipo:2026-10-09,,0,unreachable-dns,hyogo-dai.ac.jp,
Hyogo University of Education,hyogo-u.ac.jp,university/college,2026-09-26,Inaccessible,hipo:2026-09-17;hipo:2026-09-18;hipo:2026-09-19;hipo:2026-09-20;hipo:2026-09-21;hipo:2026-09-22;hipo:2026-09-23;hipo:2026-09-24;hipo:2026-09-25;hipo:2026-09-26;hipo:2026-09-27;hipo:2026-09-28;hipo:2026-09-29;hipo:2026-09-30;hipo:2026-10-01;hipo:2026-10-02;hipo:2026-10-03;hipo:2026-10-04;hipo:2026-10-05;hipo:2026-10-06;hipo:2026-10-07;hipo:2026-10-08;hipo:2026-10-09,,0,unreachable-dns,hyogo-u.ac.jp,
Ibaraki University,ibaraki.ac.jp,university/college,2026-09-26,Inaccessible,hipo:2026-09-17;hipo:2026-09-18;hipo:2026-09-19;hipo:2026-09-20;hipo:2026-09-21;hipo:2026-09-22;hipo:2026-09-23;hipo:2026-09-24;hipo:2026-09-25;hipo:2026-09-26;hipo:2026-09-27;hipo:2026-09-28;hipo:2026-09-29;hipo:2026-09-30;openalex:page88;hipo:2026-10-01;hipo:2026-10-02;hipo:2026-10-03;hipo:2026-10-04;hipo:2026-10-05;hipo:2026-10-06;hipo:2026-10-07;hipo:2026-10-08;hipo:2026-10-09,,0,fetch-error:ConnectTimeout,ibaraki.ac.jp,
Ibaraki Christian College,icc.ac.jp,university/college,2026-09-26,Inaccessible,hipo:2026-09-17;hipo:2026-09-18;hipo:2026-09-19;hipo:2026-09-20;hipo:2026-09-21;hipo:2026-09-22;hipo:2026-09-23;hipo:2026-09-24;hipo:2026-09-25;hipo:2026-09-26;hipo:2026-09-27;hipo:2026-09-28;hipo:2026-09-29;hipo:2026-09-30;hipo:2026-10-01;hipo:2026-10-02;hipo:2026-10-03;hipo:2026-10-04;hipo:2026-10-05;hipo:2026-10-06;hipo:2026-10-07;hipo:2026-10-08;hipo:2026-10-09,,0,unreachable-dns,icc.ac.jp,
International Christian University,icu.ac.jp,university/college,2026-09-26,Inaccessible,hipo:2026-09-17;hipo:2026-09-18;hipo:2026-09-19;hipo:2026-09-20;hipo:2026-09-21;hipo:2026-09-22;hipo:2026-09-23;hipo:2026-09-24;hipo:2026-09-25;hipo:2026-09-26;hipo:2026-09-27;hipo:2026-09-28;hipo:2026-09-29;hipo:2026-09-30;hipo:2026-10-01;hipo:2026-10-02;hipo:2026-10-03;hipo:2026-10-04;hipo:2026-10-05;hipo:2026-10-06;hipo:2026-10-07;hipo:2026-10-08;hipo:2026-10-09,,0,unreachable-dns,icu.ac.jp,
Kyushu Sangyo University,ip.kyusan-u.ac.jp,university/college,2026-09-26,Inaccessible,hipo:2026-09-17;hipo:2026-09-18;hipo:2026-09-19;hipo:2026-09-20;hipo:2026-09-21;hipo:2026-09-22;hipo:2026-09-23;hipo:2026-09-24;hipo:2026-09-25;hipo:2026-09-26;hipo:2026-09-27;hipo:2026-09-28;hipo:2026-09-29;hipo:2026-09-30;hipo:2026-10-01;hipo:2026-10-02;hipo:2026-10-03;hipo:2026-10-04;hipo:2026-10-05;hipo:2026-10-06;hipo:2026-10-07;hipo:2026-10-08;hipo:2026-10-09,,0,unreachable-dns,ip.kyusan-u.ac.jp,
Ibaraki Prefectural University of Health Sciences,ipu.ac.jp,university/college,2026-09-26,Inaccessible,hipo:2026-09-17;hipo:2026-09-18;hipo:2026-09-19;hipo:2026-09-20;hipo:2026-09-21;hipo:2026-09-22;hipo:2026-09-23;hipo:2026-09-24;hipo:2026-09-25;hipo:2026-09-26;hipo:2026-09-27;hipo:2026-09-28;hipo:2026-09-29;hipo:2026-09-30;hipo:2026-10-01;hipo:2026-10-02;hipo:2026-10-03;hipo:2026-10-04;hipo:2026-10-05;hipo:2026-10-06;hipo:2026-10-07;hipo:2026-10-08;hipo:2026-10-09,,0,unreachable-dns,ipu.ac.jp,
Ishinomaki Senshu University,isenshu-u.ac.jp,university/college,2026-09-26,Inaccessible,hipo:2026-09-17;hipo:2026-09-18;hipo:2026-09-19;hipo:2026-09-20;hipo:2026-09-21;hipo:2026-09-22;hipo:2026-09-23;hipo:2026-09-24;hipo:2026-09-25;hipo:2026-09-26;hipo:2026-09-27;hipo:2026-09-28;hipo:2026-09-29;hipo:2026-09-30;hipo:2026-10-01;hipo:2026-10-02;hipo:2026-10-03;hipo:2026-10-04;hipo:2026-10-05;hipo:2026-10-06;hipo:2026-10-07;hipo:2026-10-08;hipo:2026-10-09,,0,unreachable-dns,isenshu-u.ac.jp,
Chiba Institute of Technology,it-chiba.ac.jp,university/college,2026-09-26,Inaccessible,hipo:2026-09-17;hipo:2026-09-18;hipo:2026-09-19;hipo:2026-09-20;hipo:2026-09-21;hipo:2026-09-22;hipo:2026-09-23;hipo:2026-09-24;hipo:2026-09-25;hipo:2026-09-26;hipo:2026-09-27;hipo:2026-09-28;hipo:2026-09-29;hipo:2026-09-30;hipo:2026-10-01;hipo:2026-10-02;hipo:2026-10-03;hipo:2026-10-04;hipo:2026-10-05;hipo:2026-10-06;hipo:2026-10-07;hipo:2026-10-08;hipo:2026-10-09,,0,unreachable-dns,it-chiba.ac.jp,
Hiroshima Institute of Technology,it-hiroshima.ac.jp,university/college,2026-09-26,Inaccessible,hipo:2026-09-17;hipo:2026-09-18;hipo:2026-09-19;hipo:2026-09-20;hipo:2026-09-21;hipo:2026-09-22;hipo:2026-09-23;hipo:2026-09-24;hipo:2026-09-25;hipo:2026-09-26;hipo:2026-09-27;hipo:2026-09-28;hipo:2026-09-29;hipo:2026-09-30;hipo:2026-10-01;hipo:2026-10-02;hipo:2026-10-03;hipo:2026-10-04;hipo:2026-10-05;hipo:2026-10-06;hipo:2026-10-07;hipo:2026-10-08;hipo:2026-10-09,,0,unreachable-dns,it-hiroshima.ac.jp,
International University of Health and Welfare,iuhw.ac.jp,university/college,2026-09-26,Inaccessible,hipo:2026-09-17;hipo:2026-09-18;hipo:2026-09-19;hipo:2026-09-20;hipo:2026-09-21;hipo:2026-09-22;hipo:2026-09-23;hipo:2026-09-24;hipo:2026-09-25;hipo:2026-09-26;hipo:2026-09-27;hipo:2026-09-28;hipo:2026-09-29;hipo:2026-09-30;hipo:2026-10-01;hipo:2026-10-02;hipo:2026-10-03;hipo:2026-10-04;hipo:2026-10-05;hipo:2026-10-06;hipo:2026-10-07;hipo:2026-10-08;hipo:2026-10-09,,0,fetch-error:ConnectTimeout,iuhw.ac.jp,
International University of Japan,iuj.ac.jp,university/college,2026-09-26,Inaccessible,hipo:2026-09-17;hipo:2026-09-18;hipo:2026-09-19;hipo:2026-09-20;hipo:2026-09-21;hipo:2026-09-22;hipo:2026-09-23;hipo:2026-09-24;hipo:2026-09-25;hipo:2026-09-26;hipo:2026-09-27;hipo:2026-09-28;hipo:2026-09-29;hipo:2026-09-30;hipo:2026-10-01;hipo:2026-10-02;hipo:2026-10-03;hipo:2026-10-04;hipo:2026-10-05;hipo:2026-10-06;hipo:2026-10-07;hipo:2026-10-08;hipo:2026-10-09,,0,unreachable-dns,iuj.ac.jp,
International University of Kagoshima,iuk.ac.jp,university/college,2026-09-26,Inaccessible,hipo:2026-09-17;hipo:2026-09-18;hipo:2026-09-19;hipo:2026-09-20;hipo:2026-09-21;hipo:2026-09-22;hipo:2026-09-23;hipo:2026-09-24;hipo:2026-09-25;hipo:2026-09-26;hipo:2026-09-27;hipo:2026-09-28;hipo:2026-09-29;hipo:2026-09-30;hipo:2026-10-01;hipo:2026-10-02;hipo:2026-10-03;hipo:2026-10-04;hipo:2026-10-05;hipo:2026-10-06;hipo:2026-10-07;hipo:2026-10-08;hipo:2026-10-09,,0,unreachable-dns,iuk.ac.jp,
Iwaki Meisei University,iwakimu.ac.jp,university/college,2026-09-26,Inaccessible,hipo:2026-09-17;hipo:2026-09-18;hipo:2026-09-19;hipo:2026-09-20;hipo:2026-09-21;hipo:2026-09-22;hipo:2026-09-23;hipo:2026-09-24;hipo:2026-09-25;hipo:2026-09-26;hipo:2026-09-27;hipo:2026-09-28;hipo:2026-09-29;hipo:2026-09-30;hipo:2026-10-01;hipo:2026-10-02;hipo:2026-10-03;hipo:2026-10-04;hipo:2026-10-05;hipo:2026-10-06;hipo:2026-10-07;hipo:2026-10-08;hipo:2026-10-09,,0,unreachable-dns,iwakimu.ac.jp,
Iwate Medical University,iwate-med.ac.jp,university/college,2026-09-26,Inaccessible,hipo:2026-09-17;hipo:2026-09-18;hipo:2026-09-19;hipo:2026-09-20;hipo:2026-09-21;hipo:2026-09-22;hipo:2026-09-23;hipo:2026-09-24;hipo:2026-09-25;hipo:2026-09-26;hipo:2026-09-27;hipo:2026-09-28;hipo:2026-09-29;hipo:2026-09-30;hipo:2026-10-01;hipo:2026-10-02;hipo:2026-10-03;hipo:2026-10-04;hipo:2026-10-05;hipo:2026-10-06;hipo:2026-10-07;hipo:2026-10-08;hipo:2026-10-09,,0,unreachable-dns,iwate-med.ac.jp,
Iwate Prefectural University,iwate-pu.ac.jp,university/college,2026-09-26,Inaccessible,hipo:2026-09-17;hipo:2026-09-18;hipo:2026-09-19;hipo:2026-09-20;hipo:2026-09-21;hipo:2026-09-22;hipo:2026-09-23;hipo:2026-09-24;hipo:2026-09-25;hipo:2026-09-26;hipo:2026-09-27;hipo:2026-09-28;hipo:2026-09-29;hipo:2026-09-30;hipo:2026-10-01;hipo:2026-10-02;hipo:2026-10-03;hipo:2026-10-04;hipo:2026-10-05;hipo:2026-10-06;hipo:2026-10-07;hipo:2026-10-08;hipo:2026-10-09,,0,fetch-error:ConnectTimeout,iwate-pu.ac.jp,
Iwate University,iwate-u.ac.jp,university/college,2026-09-26,Inaccessible,hipo:2026-09-17;hipo:2026-09-18;hipo:2026-09-19;hipo:2026-09-20;hipo:2026-09-21;hipo:2026-09-22;hipo:2026-09-23;hipo:2026-09-24;hipo:2026-09-25;hipo:2026-09-26;hipo:2026-09-27;hipo:2026-09-28;hipo:2026-09-29;hipo:2026-09-30;hipo:2026-10-01;hipo:2026-10-02;hipo:2026-10-03;hipo:2026-10-04;openalex:page107;hipo:2026-10-05;hipo:2026-10-06;hipo:2026-10-07;hipo:2026-10-08;hipo:2026-10-09,,0,unreachable-dns,iwate-u.ac.jp,
Japan Advanced Institute of Science and Technology,jaist.ac.jp,university/college,2026-09-26,Active,hipo:2026-09-17;hipo:2026-09-18;hipo:2026-09-19;hipo:2026-09-20;hipo:2026-09-21;hipo:2026-09-22;hipo:2026-09-23;hipo:2026-09-24;hipo:2026-09-25;hipo:2026-09-26;hipo:2026-09-27;hipo:2026-09-28;hipo:2026-09-29;hipo:2026-09-30;hipo:2026-10-01;hipo:2026-10-02;hipo:2026-10-03;hipo:2026-10-04;hipo:2026-10-05;hipo:2026-10-06;hipo:2026-10-07;hipo:2026-10-08;hipo:2026-10-09,,90,http-2xx-html+multi-source+edu-keywords+structure+substantial-content,jaist.ac.jp,ja
Jichi Medical School,jichi.ac.jp,university/college,2026-09-26,Inaccessible,hipo:2026-09-17;hipo:2026-09-18;hipo:2026-09-19;hipo:2026-09-20;hipo:2026-09-21;hipo:2026-09-22;hipo:2026-09-23;hipo:2026-09-24;hipo:2026-09-25;hipo:2026-09-26;hipo:2026-09-27;openalex:page75;hipo:2026-09-28;hipo:2026-09-29;hipo:2026-09-30;hipo:2026-10-01;hipo:2026-10-02;hipo:2026-10-03;hipo:2026-10-04;hipo:2026-10-05;hipo:2026-10-06;hipo:2026-10-07;hipo:2026-10-08;hipo:2026-10-09,,0,unreachable-dns,jichi.ac.jp,
Jikei University School of Medicine,jikei.ac.jp,university/college,2026-09-26,Inaccessible,hipo:2026-09-17;hipo:2026-09-18;hipo:2026-09-19;hipo:2026-09-20;hipo:2026-09-21;hipo:2026-09-22;hipo:2026-09-23;hipo:2026-09-24;hipo:2026-09-25;hipo:2026-09-26;hipo:2026-09-27;hipo:2026-09-28;hipo:2026-09-29;hipo:2026-09-30;hipo:2026-10-01;hipo:2026-10-02;hipo:2026-10-03;hipo:2026-10-04;hipo:2026-10-05;hipo:2026-10-06;hipo:2026-10-07;hipo:2026-10-08;hipo:2026-10-09,,0,unreachable-dns,jikei.ac.jp,
Jissen Women's University,jissen.ac.jp,university/college,2026-09-26,Inaccessible,hipo:2026-09-17;hipo:2026-09-18;hipo:2026-09-19;hipo:2026-09-20;hipo:2026-09-21;hipo:2026-09-22;hipo:2026-09-23;hipo:2026-09-24;hipo:2026-09-25;hipo:2026-09-26;hipo:2026-09-27;hipo:2026-09-28;hipo:2026-09-29;hipo:2026-09-30;hipo:2026-10-01;hipo:2026-10-02;hipo:2026-10-03;hipo:2026-10-04;hipo:2026-10-05;hipo:2026-10-06;hipo:2026-10-07;hipo:2026-10-08;hipo:2026-10-09,,0,unreachable-dns,jissen.ac.jp,
Josai International University,jiu.ac.jp,university/college,2026-09-26,Inaccessible,hipo:2026-09-17;hipo:2026-09-18;hipo:2026-09-19;hipo:2026-09-20;hipo:2026-09-21;hipo:2026-09-22;wikidata:P856;hipo:2026-09-23;hipo:2026-09-24;hipo:2026-09-25;hipo:2026-09-26;hipo:2026-09-27;hipo:2026-09-28;hipo:2026-09-29;hipo:2026-09-30;ror:api-p89;hipo:2026-10-01;hipo:2026-10-02;hipo:2026-10-03;hipo:2026-10-04;hipo:2026-10-05;hipo:2026-10-06;hipo:2026-10-07;hipo:2026-10-08;hipo:2026-10-09,,0,unreachable-dns,jiu.ac.jp,
Jobu University,jobu.ac.jp,university/college,2026-09-26,Active,hipo:2026-09-17;hipo:2026-09-18;hipo:2026-09-19;hipo:2026-09-20;hipo:2026-09-21;hipo:2026-09-22;hipo:2026-09-23;hipo:2026-09-24;hipo:2026-09-25;hipo:2026-09-26;hipo:2026-09-27;hipo:2026-09-28;hipo:2026-09-29;hipo:2026-09-30;ror:api-p89;hipo:2026-10-01;hipo:2026-10-02;hipo:2026-10-03;hipo:2026-10-04;hipo:2026-10-05;hipo:2026-10-06;hipo:2026-10-07;hipo:2026-10-08;hipo:2026-10-09,,80,http-2xx-html+multi-source+edu-keywords+structure,jobu.ac.jp,ja
Josai University,josai.ac.jp,university/college,2026-09-26,Active,hipo:2026-09-17;hipo:2026-09-18;hipo:2026-09-19;hipo:2026-09-20;hipo:2026-09-21;hipo:2026-09-22;hipo:2026-09-23;hipo:2026-09-24;hipo:2026-09-25;hipo:2026-09-26;hipo:2026-09-27;hipo:2026-09-28;hipo:2026-09-29;hipo:2026-09-30;hipo:2026-10-01;hipo:2026-10-02;hipo:2026-10-03;hipo:2026-10-04;hipo:2026-10-05;hipo:2026-10-06;hipo:2026-10-07;hipo:2026-10-08;hipo:2026-10-09,,90,http-2xx-html+multi-source+edu-keywords+structure+substantial-content,josai.ac.jp,ja
Women's College of Fine Arts,joshibi.ac.jp,university/college,2026-09-26,Inaccessible,hipo:2026-09-17;hipo:2026-09-18;hipo:2026-09-19;hipo:2026-09-20;hipo:2026-09-21;hipo:2026-09-22;hipo:2026-09-23;hipo:2026-09-24;hipo:2026-09-25;hipo:2026-09-26;hipo:2026-09-27;hipo:2026-09-28;hipo:2026-09-29;hipo:2026-09-30;hipo:2026-10-01;hipo:2026-10-02;hipo:2026-10-03;hipo:2026-10-04;hipo:2026-10-05;hipo:2026-10-06;hipo:2026-10-07;hipo:2026-10-08;hipo:2026-10-09,,0,fetch-error:ConnectTimeout,joshibi.ac.jp,
Joetsu University of Education,juen.ac.jp,university/college,2026-09-26,Inaccessible,hipo:2026-09-17;hipo:2026-09-18;hipo:2026-09-19;hipo:2026-09-20;hipo:2026-09-21;hipo:2026-09-22;hipo:2026-09-23;hipo:2026-09-24;hipo:2026-09-25;hipo:2026-09-26;hipo:2026-09-27;hipo:2026-09-28;hipo:2026-09-29;hipo:2026-09-30;ror:api-p89;hipo:2026-10-01;hipo:2026-10-02;hipo:2026-10-03;hipo:2026-10-04;hipo:2026-10-05;hipo:2026-10-06;hipo:2026-10-07;hipo:2026-10-08;hipo:2026-10-09,,0,unreachable-dns,juen.ac.jp,
Juntendo University,juntendo.ac.jp,university/college,2026-09-26,Inaccessible,hipo:2026-09-17;hipo:2026-09-18;hipo:2026-09-19;hipo:2026-09-20;hipo:2026-09-21;hipo:2026-09-22;hipo:2026-09-23;hipo:2026-09-24;openalex:page59;hipo:2026-09-25;hipo:2026-09-26;hipo:2026-09-27;hipo:2026-09-28;hipo:2026-09-29;hipo:2026-09-30;hipo:2026-10-01;hipo:2026-10-02;hipo:2026-10-03;hipo:2026-10-04;hipo:2026-10-05;hipo:2026-10-06;hipo:2026-10-07;hipo:2026-10-08;hipo:2026-10-09,,0,unreachable-dns,juntendo.ac.jp,
Japan Women's University,jwu.ac.jp,university/college,2026-09-26,Inaccessible,hipo:2026-09-17;hipo:2026-09-18;hipo:2026-09-19;hipo:2026-09-20;hipo:2026-09-21;hipo:2026-09-22;hipo:2026-09-23;hipo:2026-09-24;hipo:2026-09-25;hipo:2026-09-26;hipo:2026-09-27;hipo:2026-09-28;hipo:2026-09-29;hipo:2026-09-30;hipo:2026-10-01;ror:api-p96;hipo:2026-10-02;hipo:2026-10-03;hipo:2026-10-04;hipo:2026-10-05;hipo:2026-10-06;hipo:2026-10-07;hipo:2026-10-08;hipo:2026-10-09,,0,unreachable-dns,jwu.ac.jp,
Kagoshima Immaculate Heart University,k-junshin.ac.jp,university/college,2026-09-26,Inaccessible,hipo:2026-09-17;hipo:2026-09-18;hipo:2026-09-19;hipo:2026-09-20;hipo:2026-09-21;hipo:2026-09-22;hipo:2026-09-23;hipo:2026-09-24;hipo:2026-09-25;hipo:2026-09-26;hipo:2026-09-27;hipo:2026-09-28;hipo:2026-09-29;hipo:2026-09-30;hipo:2026-10-01;hipo:2026-10-02;hipo:2026-10-03;hipo:2026-10-04;hipo:2026-10-05;hipo:2026-10-06;hipo:2026-10-07;hipo:2026-10-08;hipo:2026-10-09,,0,unreachable-dns,k-junshin.ac.jp,
Kagawa University,kagawa-u.ac.jp,university/college,2026-09-26,Inaccessible,hipo:2026-09-17;hipo:2026-09-18;hipo:2026-09-19;hipo:2026-09-20;hipo:2026-09-21;hipo:2026-09-22;hipo:2026-09-23;hipo:2026-09-24;hipo:2026-09-25;hipo:2026-09-26;hipo:2026-09-27;hipo:2026-09-28;hipo:2026-09-29;hipo:2026-09-30;hipo:2026-10-01;openalex:page93;hipo:2026-10-02;hipo:2026-10-03;hipo:2026-10-04;hipo:2026-10-05;hipo:2026-10-06;hipo:2026-10-07;hipo:2026-10-08;hipo:2026-10-09,,0,fetch-error:ConnectTimeout,kagawa-u.ac.jp,
Kagoshima University,kagoshima-u.ac.jp,university/college,2026-09-26,Inaccessible,hipo:2026-09-17;hipo:2026-09-18;hipo:2026-09-19;hipo:2026-09-20;hipo:2026-09-21;hipo:2026-09-22;hipo:2026-09-23;openalex:page55;hipo:2026-09-24;hipo:2026-09-25;hipo:2026-09-26;hipo:2026-09-27;hipo:2026-09-28;hipo:2026-09-29;hipo:2026-09-30;hipo:2026-10-01;hipo:2026-10-02;deqar:2026-10-02;hipo:2026-10-03;hipo:2026-10-04;hipo:2026-10-05;hipo:2026-10-06;hipo:2026-10-07;hipo:2026-10-08;hipo:2026-10-09,,0,unreachable-dns,kagoshima-u.ac.jp,
Kamakura Women's College,kamakura-u.ac.jp,university/college,2026-09-26,Inaccessible,hipo:2026-09-17;hipo:2026-09-18;hipo:2026-09-19;hipo:2026-09-20;hipo:2026-09-21;hipo:2026-09-22;hipo:2026-09-23;hipo:2026-09-24;hipo:2026-09-25;hipo:2026-09-26;hipo:2026-09-27;hipo:2026-09-28;hipo:2026-09-29;hipo:2026-09-30;hipo:2026-10-01;hipo:2026-10-02;hipo:2026-10-03;hipo:2026-10-04;hipo:2026-10-05;hipo:2026-10-06;hipo:2026-10-07;hipo:2026-10-08;hipo:2026-10-09,,0,unreachable-dns,kamakura-u.ac.jp,
Kanagawa Institute of Technology,kanagawa-it.ac.jp,university/college,2026-09-26,Inaccessible,hipo:2026-09-17;hipo:2026-09-18;hipo:2026-09-19;hipo:2026-09-20;hipo:2026-09-21;hipo:2026-09-22;hipo:2026-09-23;hipo:2026-09-24;hipo:2026-09-25;hipo:2026-09-26;hipo:2026-09-27;hipo:2026-09-28;hipo:2026-09-29;hipo:2026-09-30;hipo:2026-10-01;hipo:2026-10-02;hipo:2026-10-03;hipo:2026-10-04;hipo:2026-10-05;hipo:2026-10-06;hipo:2026-10-07;hipo:2026-10-08;hipo:2026-10-09,,0,unreachable-dns,kanagawa-it.ac.jp,
Kanagawa University,kanagawa-u.ac.jp,university/college,2026-09-26,Inaccessible,hipo:2026-09-17;hipo:2026-09-18;hipo:2026-09-19;hipo:2026-09-20;hipo:2026-09-21;hipo:2026-09-22;hipo:2026-09-23;hipo:2026-09-24;hipo:2026-09-25;hipo:2026-09-26;hipo:2026-09-27;hipo:2026-09-28;hipo:2026-09-29;hipo:2026-09-30;hipo:2026-10-01;hipo:2026-10-02;hipo:2026-10-03;hipo:2026-10-04;hipo:2026-10-05;hipo:2026-10-06;hipo:2026-10-07;hipo:2026-10-08;hipo:2026-10-09,,0,fetch-error:ConnectTimeout,kanagawa-u.ac.jp,
Kanazawa College of Art,kanazawa-bidai.ac.jp,university/college,2026-09-26,Inaccessible,hipo:2026-09-17;hipo:2026-09-18;hipo:2026-09-19;hipo:2026-09-20;hipo:2026-09-21;hipo:2026-09-22;hipo:2026-09-23;hipo:2026-09-24;hipo:2026-09-25;hipo:2026-09-26;hipo:2026-09-27;hipo:2026-09-28;hipo:2026-09-29;hipo:2026-09-30;hipo:2026-10-01;hipo:2026-10-02;hipo:2026-10-03;hipo:2026-10-04;hipo:2026-10-05;hipo:2026-10-06;hipo:2026-10-07;hipo:2026-10-08;hipo:2026-10-09,,0,unreachable-dns,kanazawa-bidai.ac.jp,
Kanazawa College of Economics,kanazawa-eco.ac.jp,university/college,2026-09-26,Inaccessible,hipo:2026-09-17;hipo:2026-09-18;hipo:2026-09-19;hipo:2026-09-20;hipo:2026-09-21;hipo:2026-09-22;hipo:2026-09-23;hipo:2026-09-24;hipo:2026-09-25;hipo:2026-09-26;hipo:2026-09-27;hipo:2026-09-28;hipo:2026-09-29;hipo:2026-09-30;hipo:2026-10-01;hipo:2026-10-02;hipo:2026-10-03;hipo:2026-10-04;hipo:2026-10-05;hipo:2026-10-06;hipo:2026-10-07;hipo:2026-10-08;hipo:2026-10-09,,0,unreachable-dns,kanazawa-eco.ac.jp,
Kanazawa Gakuin University,kanazawa-gu.ac.jp,university/college,2026-09-26,Inaccessible,hipo:2026-09-17;hipo:2026-09-18;hipo:2026-09-19;hipo:2026-09-20;hipo:2026-09-21;hipo:2026-09-22;hipo:2026-09-23;hipo:2026-09-24;hipo:2026-09-25;hipo:2026-09-26;hipo:2026-09-27;hipo:2026-09-28;hipo:2026-09-29;hipo:2026-09-30;hipo:2026-10-01;hipo:2026-10-02;hipo:2026-10-03;hipo:2026-10-04;hipo:2026-10-05;hipo:2026-10-06;hipo:2026-10-07;hipo:2026-10-08;hipo:2026-10-09,,0,unreachable-dns,kanazawa-gu.ac.jp,
Kanazawa Institute of Technology,kanazawa-it.ac.jp,university/college,2026-09-26,Inaccessible,hipo:2026-09-17;hipo:2026-09-18;hipo:2026-09-19;hipo:2026-09-20;hipo:2026-09-21;hipo:2026-09-22;hipo:2026-09-23;hipo:2026-09-24;hipo:2026-09-25;hipo:2026-09-26;hipo:2026-09-27;hipo:2026-09-28;hipo:2026-09-29;hipo:2026-09-30;hipo:2026-10-01;hipo:2026-10-02;hipo:2026-10-03;hipo:2026-10-04;hipo:2026-10-05;hipo:2026-10-06;hipo:2026-10-07;hipo:2026-10-08;hipo:2026-10-09,,0,fetch-error:ConnectTimeout,kanazawa-it.ac.jp,
Kanazawa Medical University,kanazawa-med.ac.jp,university/college,2026-09-26,Inaccessible,hipo:2026-09-17;hipo:2026-09-18;hipo:2026-09-19;hipo:2026-09-20;hipo:2026-09-21;hipo:2026-09-22;hipo:2026-09-23;hipo:2026-09-24;hipo:2026-09-25;hipo:2026-09-26;hipo:2026-09-27;hipo:2026-09-28;hipo:2026-09-29;hipo:2026-09-30;hipo:2026-10-01;hipo:2026-10-02;hipo:2026-10-03;hipo:2026-10-04;hipo:2026-10-05;hipo:2026-10-06;hipo:2026-10-07;hipo:2026-10-08;hipo:2026-10-09,,0,fetch-error:SSLError,kanazawa-med.ac.jp,
Kanazawa University,kanazawa-u.ac.jp,university/college,2026-09-26,Active,hipo:2026-09-17;hipo:2026-09-18;hipo:2026-09-19;hipo:2026-09-20;hipo:2026-09-21;hipo:2026-09-22;hipo:2026-09-23;hipo:2026-09-24;hipo:2026-09-25;hipo:2026-09-26;hipo:2026-09-27;hipo:2026-09-28;hipo:2026-09-29;hipo:2026-09-30;hipo:2026-10-01;hipo:2026-10-02;deqar:2026-10-02;hipo:2026-10-03;hipo:2026-10-04;hipo:2026-10-05;hipo:2026-10-06;hipo:2026-10-07;hipo:2026-10-08;hipo:2026-10-09,,80,http-2xx-html+multi-source+edu-keywords+structure,kanazawa-u.ac.jp,ja
Tottori University of Environmental Studies,kankyo-u.ac.jp,university/college,2026-09-26,Inaccessible,hipo:2026-09-17;hipo:2026-09-18;hipo:2026-09-19;hipo:2026-09-20;hipo:2026-09-21;hipo:2026-09-22;hipo:2026-09-23;hipo:2026-09-24;hipo:2026-09-25;hipo:2026-09-26;hipo:2026-09-27;hipo:2026-09-28;hipo:2026-09-29;hipo:2026-09-30;hipo:2026-10-01;hipo:2026-10-02;hipo:2026-10-03;hipo:2026-10-04;hipo:2026-10-05;hipo:2026-10-06;hipo:2026-10-07;hipo:2026-10-08;hipo:2026-10-09,,0,unreachable-dns,kankyo-u.ac.jp,
Kansai Gaidai University,kansai-gaidai-u.ac.jp,university/college,2026-09-26,Inaccessible,hipo:2026-09-17;hipo:2026-09-18;hipo:2026-09-19;hipo:2026-09-20;hipo:2026-09-21;hipo:2026-09-22;hipo:2026-09-23;hipo:2026-09-24;hipo:2026-09-25;hipo:2026-09-26;hipo:2026-09-27;hipo:2026-09-28;hipo:2026-09-29;hipo:2026-09-30;hipo:2026-10-01;hipo:2026-10-02;hipo:2026-10-03;hipo:2026-10-04;hipo:2026-10-05;hipo:2026-10-06;hipo:2026-10-07;hipo:2026-10-08;hipo:2026-10-09,,0,unreachable-dns,kansai-gaidai-u.ac.jp,
Kansai University,kansai-u.ac.jp,university/college,2026-09-26,Inaccessible,hipo:2026-09-17;hipo:2026-09-18;hipo:2026-09-19;hipo:2026-09-20;hipo:2026-09-21;hipo:2026-09-22;hipo:2026-09-23;hipo:2026-09-24;hipo:2026-09-25;hipo:2026-09-26;hipo:2026-09-27;hipo:2026-09-28;hipo:2026-09-29;hipo:2026-09-30;hipo:2026-10-01;ror:api-p96;hipo:2026-10-02;hipo:2026-10-03;openalex:page99;hipo:2026-10-04;hipo:2026-10-05;hipo:2026-10-06;hipo:2026-10-07;hipo:2026-10-08;hipo:2026-10-09,,0,unreachable-dns,kansai-u.ac.jp,
Kanto Gakuen University,kanto-gakuen.ac.jp,university/college,2026-09-26,Inaccessible,hipo:2026-09-17;hipo:2026-09-18;hipo:2026-09-19;hipo:2026-09-20;hipo:2026-09-21;hipo:2026-09-22;hipo:2026-09-23;hipo:2026-09-24;hipo:2026-09-25;hipo:2026-09-26;hipo:2026-09-27;hipo:2026-09-28;hipo:2026-09-29;hipo:2026-09-30;hipo:2026-10-01;hipo:2026-10-02;hipo:2026-10-03;hipo:2026-10-04;hipo:2026-10-05;hipo:2026-10-06;hipo:2026-10-07;hipo:2026-10-08;hipo:2026-10-09,,0,fetch-error:ConnectTimeout,kanto-gakuen.ac.jp,
Kanto Gakuin University,kanto-gakuin.ac.jp,university/college,2026-09-26,Inaccessible,hipo:2026-09-17;hipo:2026-09-18;hipo:2026-09-19;hipo:2026-09-20;hipo:2026-09-21;hipo:2026-09-22;hipo:2026-09-23;hipo:2026-09-24;hipo:2026-09-25;hipo:2026-09-26;hipo:2026-09-27;hipo:2026-09-28;hipo:2026-09-29;hipo:2026-09-30;hipo:2026-10-01;hipo:2026-10-02;hipo:2026-10-03;hipo:2026-10-04;hipo:2026-10-05;hipo:2026-10-06;hipo:2026-10-07;hipo:2026-10-08;hipo:2026-10-09,,0,unreachable-dns,kanto-gakuin.ac.jp,
Kawasaki Medical School,kawasaki-m.ac.jp,university/college,2026-09-26,Inaccessible,hipo:2026-09-17;hipo:2026-09-18;hipo:2026-09-19;hipo:2026-09-20;hipo:2026-09-21;hipo:2026-09-22;hipo:2026-09-23;hipo:2026-09-24;hipo:2026-09-25;hipo:2026-09-26;hipo:2026-09-27;hipo:2026-09-28;hipo:2026-09-29;hipo:2026-09-30;hipo:2026-10-01;hipo:2026-10-02;hipo:2026-10-03;hipo:2026-10-04;hipo:2026-10-05;hipo:2026-10-06;hipo:2026-10-07;hipo:2026-10-08;hipo:2026-10-09,,0,unreachable-dns,kawasaki-m.ac.jp,
Kyoto Bunkyo University,kbu.ac.jp,university/college,2026-09-26,Inaccessible,hipo:2026-09-17;hipo:2026-09-18;hipo:2026-09-19;hipo:2026-09-20;hipo:2026-09-21;hipo:2026-09-22;hipo:2026-09-23;hipo:2026-09-24;hipo:2026-09-25;hipo:2026-09-26;hipo:2026-09-27;hipo:2026-09-28;hipo:2026-09-29;hipo:2026-09-30;hipo:2026-10-01;hipo:2026-10-02;hipo:2026-10-03;hipo:2026-10-04;hipo:2026-10-05;hipo:2026-10-06;hipo:2026-10-07;hipo:2026-10-08;hipo:2026-10-09,,0,unreachable-dns,kbu.ac.jp,
Kyoto City University of Arts,kcua.ac.jp,university/college,2026-09-26,Inaccessible,hipo:2026-09-17;hipo:2026-09-18;hipo:2026-09-19;hipo:2026-09-20;hipo:2026-09-21;hipo:2026-09-22;hipo:2026-09-23;hipo:2026-09-24;hipo:2026-09-25;hipo:2026-09-26;hipo:2026-09-27;hipo:2026-09-28;hipo:2026-09-29;hipo:2026-09-30;hipo:2026-10-01;hipo:2026-10-02;hipo:2026-10-03;hipo:2026-10-04;hipo:2026-10-05;hipo:2026-10-06;hipo:2026-10-07;hipo:2026-10-08;hipo:2026-10-09,,0,unreachable-dns,kcua.ac.jp,
Kanagawa Dental College,kdcnet.ac.jp,university/college,2026-09-26,Inaccessible,hipo:2026-09-17;hipo:2026-09-18;hipo:2026-09-19;hipo:2026-09-20;hipo:2026-09-21;hipo:2026-09-22;hipo:2026-09-23;hipo:2026-09-24;hipo:2026-09-25;hipo:2026-09-26;hipo:2026-09-27;hipo:2026-09-28;hipo:2026-09-29;hipo:2026-09-30;hipo:2026-10-01;hipo:2026-10-02;hipo:2026-10-03;hipo:2026-10-04;hipo:2026-10-05;hipo:2026-10-06;hipo:2026-10-07;hipo:2026-10-08;hipo:2026-10-09,,0,unreachable-dns,kdcnet.ac.jp,
Osaka University of Economics & Law,keiho-u.ac.jp,university/college,2026-09-26,Active,hipo:2026-09-17;hipo:2026-09-18;hipo:2026-09-19;hipo:2026-09-20;hipo:2026-09-21;hipo:2026-09-22;hipo:2026-09-23;hipo:2026-09-24;hipo:2026-09-25;hipo:2026-09-26;hipo:2026-09-27;hipo:2026-09-28;hipo:2026-09-29;hipo:2026-09-30;hipo:2026-10-01;hipo:2026-10-02;hipo:2026-10-03;hipo:2026-10-04;hipo:2026-10-05;hipo:2026-10-06;hipo:2026-10-07;hipo:2026-10-08;hipo:2026-10-09,,90,http-2xx-html+multi-source+edu-keywords+structure+substantial-content,keiho-u.ac.jp,ja
Keio University,keio.ac.jp,university/college,2026-09-18,Inaccessible,openalex:page18;hipo:2026-09-17;hipo:2026-09-18;hipo:2026-09-19;hipo:2026-09-20;hipo:2026-09-21;hipo:2026-09-22;hipo:2026-09-23;hipo:2026-09-24;hipo:2026-09-25;hipo:2026-09-26;hipo:2026-09-27;hipo:2026-09-28;hipo:2026-09-29;hipo:2026-09-30;hipo:2026-10-01;hipo:2026-10-02;hipo:2026-10-03;hipo:2026-10-04;hipo:2026-10-05;hipo:2026-10-06;hipo:2026-10-07;hipo:2026-10-08;hipo:2026-10-09,,0,unreachable-dns,,
Keisen Jogaku-en College,keisen.ac.jp,university/college,2026-09-26,Active,hipo:2026-09-17;hipo:2026-09-18;hipo:2026-09-19;hipo:2026-09-20;hipo:2026-09-21;hipo:2026-09-22;hipo:2026-09-23;hipo:2026-09-24;hipo:2026-09-25;hipo:2026-09-26;hipo:2026-09-27;hipo:2026-09-28;hipo:2026-09-29;hipo:2026-09-30;hipo:2026-10-01;hipo:2026-10-02;hipo:2026-10-03;hipo:2026-10-04;hipo:2026-10-05;hipo:2026-10-06;hipo:2026-10-07;hipo:2026-10-08;hipo:2026-10-09,,90,http-2xx-html+multi-source+edu-keywords+structure+substantial-content,keisen.ac.jp,
Keiwa College,keiwa-c.ac.jp,university/college,2026-09-26,Active,hipo:2026-09-17;hipo:2026-09-18;hipo:2026-09-19;hipo:2026-09-20;hipo:2026-09-21;hipo:2026-09-22;hipo:2026-09-23;hipo:2026-09-24;hipo:2026-09-25;hipo:2026-09-26;hipo:2026-09-27;hipo:2026-09-28;hipo:2026-09-29;hipo:2026-09-30;hipo:2026-10-01;hipo:2026-10-02;hipo:2026-10-03;hipo:2026-10-04;hipo:2026-10-05;hipo:2026-10-06;hipo:2026-10-07;hipo:2026-10-08;hipo:2026-10-09,,80,http-2xx-html+multi-source+edu-keywords+structure,keiwa-c.ac.jp,ja
Kawamura Gakuen Woman's University,kgwu.ac.jp,university/college,2026-09-26,Inaccessible,hipo:2026-09-17;hipo:2026-09-18;hipo:2026-09-19;hipo:2026-09-20;hipo:2026-09-21;hipo:2026-09-22;hipo:2026-09-23;hipo:2026-09-24;hipo:2026-09-25;hipo:2026-09-26;hipo:2026-09-27;hipo:2026-09-28;hipo:2026-09-29;hipo:2026-09-30;hipo:2026-10-01;hipo:2026-10-02;hipo:2026-10-03;hipo:2026-10-04;hipo:2026-10-05;hipo:2026-10-06;hipo:2026-10-07;hipo:2026-10-08;hipo:2026-10-09,,0,unreachable-dns,kgwu.ac.jp,
Kindai University,kindai.ac.jp,university/college,2026-09-26,Inaccessible,hipo:2026-09-17;hipo:2026-09-18;hipo:2026-09-19;hipo:2026-09-20;hipo:2026-09-21;hipo:2026-09-22;openalex:page48;hipo:2026-09-23;hipo:2026-09-24;hipo:2026-09-25;hipo:2026-09-26;hipo:2026-09-27;hipo:2026-09-28;hipo:2026-09-29;hipo:2026-09-30;hipo:2026-10-01;hipo:2026-10-02;hipo:2026-10-03;hipo:2026-10-04;hipo:2026-10-05;hipo:2026-10-06;hipo:2026-10-07;hipo:2026-10-08;hipo:2026-10-09,,0,fetch-error:ConnectTimeout,kindai.ac.jp,
Kinjo Gakuin University,kinjo-u.ac.jp,university/college,2026-09-26,Active,hipo:2026-09-17;hipo:2026-09-18;hipo:2026-09-19;hipo:2026-09-20;hipo:2026-09-21;hipo:2026-09-22;hipo:2026-09-23;hipo:2026-09-24;hipo:2026-09-25;hipo:2026-09-26;hipo:2026-09-27;hipo:2026-09-28;hipo:2026-09-29;hipo:2026-09-30;hipo:2026-10-01;hipo:2026-10-02;hipo:2026-10-03;hipo:2026-10-04;hipo:2026-10-05;hipo:2026-10-06;hipo:2026-10-07;hipo:2026-10-08;hipo:2026-10-09,,90,http-2xx-html+multi-source+edu-keywords+structure+substantial-content,kinjo-u.ac.jp,ja
Kyoto Institute of Technology,kit.ac.jp,university/college,2026-09-26,Inaccessible,hipo:2026-09-17;hipo:2026-09-18;hipo:2026-09-19;hipo:2026-09-20;hipo:2026-09-21;hipo:2026-09-22;hipo:2026-09-23;hipo:2026-09-24;hipo:2026-09-25;hipo:2026-09-26;hipo:2026-09-27;hipo:2026-09-28;hipo:2026-09-29;hipo:2026-09-30;hipo:2026-10-01;openalex:page93;hipo:2026-10-02;hipo:2026-10-03;hipo:2026-10-04;hipo:2026-10-05;hipo:2026-10-06;hipo:2026-10-07;hipo:2026-10-08;hipo:2026-10-09,,0,unreachable-dns,kit.ac.jp,
Kitakyushu University,kitakyu-u.ac.jp,university/college,2026-09-26,Inaccessible,hipo:2026-09-17;hipo:2026-09-18;hipo:2026-09-19;hipo:2026-09-20;hipo:2026-09-21;hipo:2026-09-22;hipo:2026-09-23;hipo:2026-09-24;hipo:2026-09-25;hipo:2026-09-26;hipo:2026-09-27;hipo:2026-09-28;hipo:2026-09-29;hipo:2026-09-30;hipo:2026-10-01;hipo:2026-10-02;hipo:2026-10-03;hipo:2026-10-04;hipo:2026-10-05;hipo:2026-10-06;hipo:2026-10-07;hipo:2026-10-08;hipo:2026-10-09,,0,unreachable-dns,kitakyu-u.ac.jp,
Kitami Institute of Technology,kitami-it.ac.jp,university/college,2026-09-26,Inaccessible,hipo:2026-09-17;hipo:2026-09-18;hipo:2026-09-19;hipo:2026-09-20;hipo:2026-09-21;hipo:2026-09-22;hipo:2026-09-23;hipo:2026-09-24;hipo:2026-09-25;hipo:2026-09-26;hipo:2026-09-27;hipo:2026-09-28;hipo:2026-09-29;hipo:2026-09-30;hipo:2026-10-01;hipo:2026-10-02;hipo:2026-10-03;hipo:2026-10-04;hipo:2026-10-05;hipo:2026-10-06;hipo:2026-10-07;hipo:2026-10-08;hipo:2026-10-09,,0,unreachable-dns,kitami-it.ac.jp,
Kitasato University,kitasato-u.ac.jp,university/college,2026-09-26,Inaccessible,hipo:2026-09-17;hipo:2026-09-18;hipo:2026-09-19;hipo:2026-09-20;hipo:2026-09-21;hipo:2026-09-22;hipo:2026-09-23;hipo:2026-09-24;hipo:2026-09-25;hipo:2026-09-26;openalex:page66;hipo:2026-09-27;hipo:2026-09-28;hipo:2026-09-29;hipo:2026-09-30;hipo:2026-10-01;hipo:2026-10-02;hipo:2026-10-03;hipo:2026-10-04;hipo:2026-10-05;hipo:2026-10-06;hipo:2026-10-07;hipo:2026-10-08;hipo:2026-10-09,,0,fetch-error:ConnectTimeout,kitasato-u.ac.jp,
Kyushu International University,kiu.ac.jp,university/college,2026-09-26,Inaccessible,hipo:2026-09-17;hipo:2026-09-18;hipo:2026-09-19;hipo:2026-09-20;hipo:2026-09-21;hipo:2026-09-22;hipo:2026-09-23;hipo:2026-09-24;hipo:2026-09-25;hipo:2026-09-26;hipo:2026-09-27;hipo:2026-09-28;hipo:2026-09-29;hipo:2026-09-30;hipo:2026-10-01;hipo:2026-10-02;hipo:2026-10-03;hipo:2026-10-04;hipo:2026-10-05;hipo:2026-10-06;hipo:2026-10-07;hipo:2026-10-08;hipo:2026-10-09,,0,unreachable-dns,kiu.ac.jp,
Kibi International University,kiui.ac.jp,university/college,2026-09-26,Active,hipo:2026-09-17;hipo:2026-09-18;hipo:2026-09-19;hipo:2026-09-20;hipo:2026-09-21;hipo:2026-09-22;hipo:2026-09-23;hipo:2026-09-24;hipo:2026-09-25;hipo:2026-09-26;hipo:2026-09-27;hipo:2026-09-28;hipo:2026-09-29;hipo:2026-09-30;hipo:2026-10-01;hipo:2026-10-02;hipo:2026-10-03;hipo:2026-10-04;hipo:2026-10-05;hipo:2026-10-06;hipo:2026-10-07;hipo:2026-10-08;hipo:2026-10-09,,80,http-2xx-html+multi-source+edu-keywords+structure,kiui.ac.jp,ja
Kagawa Medical School,kms.ac.jp,university/college,2026-09-26,Inaccessible,hipo:2026-09-17;hipo:2026-09-18;hipo:2026-09-19;hipo:2026-09-20;hipo:2026-09-21;hipo:2026-09-22;hipo:2026-09-23;hipo:2026-09-24;hipo:2026-09-25;hipo:2026-09-26;hipo:2026-09-27;hipo:2026-09-28;hipo:2026-09-29;hipo:2026-09-30;hipo:2026-10-01;hipo:2026-10-02;hipo:2026-10-03;hipo:2026-10-04;hipo:2026-10-05;hipo:2026-10-06;hipo:2026-10-07;hipo:2026-10-08;hipo:2026-10-09,,0,unreachable-dns,kms.ac.jp,
Kansai Medical University,kmu.ac.jp,university/college,2026-09-26,Inaccessible,hipo:2026-09-17;hipo:2026-09-18;hipo:2026-09-19;hipo:2026-09-20;hipo:2026-09-21;hipo:2026-09-22;hipo:2026-09-23;hipo:2026-09-24;hipo:2026-09-25;hipo:2026-09-26;hipo:2026-09-27;hipo:2026-09-28;hipo:2026-09-29;hipo:2026-09-30;hipo:2026-10-01;hipo:2026-10-02;hipo:2026-10-03;openalex:page104;hipo:2026-10-04;hipo:2026-10-05;hipo:2026-10-06;hipo:2026-10-07;hipo:2026-10-08;hipo:2026-10-09,,0,unreachable-dns,kmu.ac.jp,
Kumamoto Institute of Technology,knct.ac.jp,university/college,2026-09-26,Inaccessible,hipo:2026-09-17;hipo:2026-09-18;hipo:2026-09-19;hipo:2026-09-20;hipo:2026-09-21;hipo:2026-09-22;hipo:2026-09-23;hipo:2026-09-24;hipo:2026-09-25;hipo:2026-09-26;hipo:2026-09-27;hipo:2026-09-28;hipo:2026-09-29;hipo:2026-09-30;hipo:2026-10-01;hipo:2026-10-02;hipo:2026-10-03;hipo:2026-10-04;hipo:2026-10-05;hipo:2026-10-06;hipo:2026-10-07;hipo:2026-10-08;hipo:2026-10-09,,0,unreachable-dns,knct.ac.jp,
Kobe Jogakuin University,kobe-c.ac.jp,university/college,2026-09-26,Active,hipo:2026-09-17;hipo:2026-09-18;hipo:2026-09-19;hipo:2026-09-20;hipo:2026-09-21;hipo:2026-09-22;hipo:2026-09-23;hipo:2026-09-24;hipo:2026-09-25;hipo:2026-09-26;hipo:2026-09-27;hipo:2026-09-28;hipo:2026-09-29;hipo:2026-09-30;hipo:2026-10-01;hipo:2026-10-02;hipo:2026-10-03;hipo:2026-10-04;hipo:2026-10-05;hipo:2026-10-06;hipo:2026-10-07;hipo:2026-10-08;hipo:2026-10-09,,90,http-2xx-html+multi-source+edu-keywords+structure+substantial-content,kobe-c.ac.jp,ja
Kobe City University of ForeignStudies,kobe-cufs.ac.jp,university/college,2026-09-26,Inaccessible,hipo:2026-09-17;hipo:2026-09-18;hipo:2026-09-19;hipo:2026-09-20;hipo:2026-09-21;hipo:2026-09-22;hipo:2026-09-23;hipo:2026-09-24;hipo:2026-09-25;hipo:2026-09-26;hipo:2026-09-27;hipo:2026-09-28;hipo:2026-09-29;hipo:2026-09-30;hipo:2026-10-01;hipo:2026-10-02;hipo:2026-10-03;hipo:2026-10-04;hipo:2026-10-05;hipo:2026-10-06;hipo:2026-10-07;hipo:2026-10-08;hipo:2026-10-09,,0,unreachable-dns,kobe-cufs.ac.jp,
Kobe Design University,kobe-du.ac.jp,university/college,2026-09-26,Inaccessible,hipo:2026-09-17;hipo:2026-09-18;hipo:2026-09-19;hipo:2026-09-20;hipo:2026-09-21;hipo:2026-09-22;hipo:2026-09-23;hipo:2026-09-24;hipo:2026-09-25;hipo:2026-09-26;hipo:2026-09-27;hipo:2026-09-28;hipo:2026-09-29;hipo:2026-09-30;hipo:2026-10-01;hipo:2026-10-02;hipo:2026-10-03;hipo:2026-10-04;hipo:2026-10-05;hipo:2026-10-06;hipo:2026-10-07;hipo:2026-10-08;hipo:2026-10-09,,0,unreachable-dns,kobe-du.ac.jp,
Kobe International University,kobe-kiu.ac.jp,university/college,2026-09-26,Inaccessible,hipo:2026-09-17;hipo:2026-09-18;hipo:2026-09-19;hipo:2026-09-20;hipo:2026-09-21;hipo:2026-09-22;hipo:2026-09-23;hipo:2026-09-24;hipo:2026-09-25;hipo:2026-09-26;hipo:2026-09-27;hipo:2026-09-28;hipo:2026-09-29;hipo:2026-09-30;hipo:2026-10-01;hipo:2026-10-02;hipo:2026-10-03;hipo:2026-10-04;hipo:2026-10-05;hipo:2026-10-06;hipo:2026-10-07;hipo:2026-10-08;hipo:2026-10-09,,0,unreachable-dns,kobe-kiu.ac.jp,
Kobe City College of Technology,kobe-kosen.ac.jp,university/college,2026-09-23,Inaccessible,ror:api-p7,,0,unreachable-dns,kobe-kosen.ac.jp,
Kobe Shinwa Women's University,kobe-shinwa.ac.jp,university/college,2026-09-26,Inaccessible,hipo:2026-09-17;hipo:2026-09-18;hipo:2026-09-19;hipo:2026-09-20;hipo:2026-09-21;hipo:2026-09-22;hipo:2026-09-23;hipo:2026-09-24;hipo:2026-09-25;hipo:2026-09-26;hipo:2026-09-27;hipo:2026-09-28;hipo:2026-09-29;hipo:2026-09-30;hipo:2026-10-01;hipo:2026-10-02;hipo:2026-10-03;hipo:2026-10-04;hipo:2026-10-05;hipo:2026-10-06;hipo:2026-10-07;hipo:2026-10-08;hipo:2026-10-09,,0,unreachable-dns,kobe-shinwa.ac.jp,
Kobe University,kobe-u.ac.jp,university/college,2026-09-26,Inaccessible,hipo:2026-09-17;hipo:2026-09-18;openalex:page26;hipo:2026-09-19;hipo:2026-09-20;hipo:2026-09-21;hipo:2026-09-22;hipo:2026-09-23;hipo:2026-09-24;hipo:2026-09-25;hipo:2026-09-26;hipo:2026-09-27;hipo:2026-09-28;hipo:2026-09-29;hipo:2026-09-30;hipo:2026-10-01;hipo:2026-10-02;hipo:2026-10-03;hipo:2026-10-04;hipo:2026-10-05;hipo:2026-10-06;hipo:2026-10-07;hipo:2026-10-08;hipo:2026-10-09,,0,unreachable-dns,kobe-u.ac.jp,
Kobe Gakuin University,kobegakuin.ac.jp,university/college,2026-09-26,Active,hipo:2026-09-17;hipo:2026-09-18;hipo:2026-09-19;hipo:2026-09-20;hipo:2026-09-21;hipo:2026-09-22;hipo:2026-09-23;hipo:2026-09-24;hipo:2026-09-25;hipo:2026-09-26;hipo:2026-09-27;hipo:2026-09-28;hipo:2026-09-29;hipo:2026-09-30;hipo:2026-10-01;hipo:2026-10-02;hipo:2026-10-03;hipo:2026-10-04;hipo:2026-10-05;hipo:2026-10-06;hipo:2026-10-07;hipo:2026-10-08;hipo:2026-10-09,,90,http-2xx-html+multi-source+edu-keywords+structure+substantial-content,kobegakuin.ac.jp,ja
Kobe Pharmaceutical University,kobepharma-u.ac.jp,university/college,2026-09-26,Inaccessible,hipo:2026-09-17;hipo:2026-09-18;hipo:2026-09-19;hipo:2026-09-20;hipo:2026-09-21;hipo:2026-09-22;hipo:2026-09-23;hipo:2026-09-24;hipo:2026-09-25;hipo:2026-09-26;hipo:2026-09-27;hipo:2026-09-28;hipo:2026-09-29;hipo:2026-09-30;hipo:2026-10-01;hipo:2026-10-02;hipo:2026-10-03;hipo:2026-10-04;hipo:2026-10-05;hipo:2026-10-06;hipo:2026-10-07;hipo:2026-10-08;hipo:2026-10-09,,0,unreachable-dns,kobepharma-u.ac.jp,
Kochi Medical School,kochi-ms.ac.jp,university/college,2026-09-26,Inaccessible,hipo:2026-09-17;hipo:2026-09-18;hipo:2026-09-19;hipo:2026-09-20;hipo:2026-09-21;hipo:2026-09-22;hipo:2026-09-23;hipo:2026-09-24;hipo:2026-09-25;hipo:2026-09-26;hipo:2026-09-27;hipo:2026-09-28;hipo:2026-09-29;hipo:2026-09-30;hipo:2026-10-01;hipo:2026-10-02;hipo:2026-10-03;hipo:2026-10-04;hipo:2026-10-05;hipo:2026-10-06;hipo:2026-10-07;hipo:2026-10-08;hipo:2026-10-09,,0,unreachable-dns,kochi-ms.ac.jp,
Kochi University of Technology,kochi-tech.ac.jp,university/college,2026-09-26,Inaccessible,hipo:2026-09-17;hipo:2026-09-18;hipo:2026-09-19;hipo:2026-09-20;hipo:2026-09-21;hipo:2026-09-22;hipo:2026-09-23;hipo:2026-09-24;hipo:2026-09-25;hipo:2026-09-26;hipo:2026-09-27;hipo:2026-09-28;hipo:2026-09-29;hipo:2026-09-30;hipo:2026-10-01;hipo:2026-10-02;hipo:2026-10-03;hipo:2026-10-04;hipo:2026-10-05;hipo:2026-10-06;hipo:2026-10-07;hipo:2026-10-08;hipo:2026-10-09,,0,unreachable-dns,kochi-tech.ac.jp,
Kochi University,kochi-u.ac.jp,university/college,2026-09-26,Active,hipo:2026-09-17;hipo:2026-09-18;hipo:2026-09-19;hipo:2026-09-20;hipo:2026-09-21;hipo:2026-09-22;hipo:2026-09-23;hipo:2026-09-24;hipo:2026-09-25;hipo:2026-09-26;hipo:2026-09-27;hipo:2026-09-28;hipo:2026-09-29;hipo:2026-09-30;hipo:2026-10-01;hipo:2026-10-02;hipo:2026-10-03;openalex:page101;hipo:2026-10-04;hipo:2026-10-05;hipo:2026-10-06;hipo:2026-10-07;hipo:2026-10-08;hipo:2026-10-09,,90,http-2xx-html+multi-source+edu-keywords+structure+substantial-content,kochi-u.ac.jp,ja
Kochi Women's University,kochi-wu.ac.jp,university/college,2026-09-26,Inaccessible,hipo:2026-09-17;hipo:2026-09-18;hipo:2026-09-19;hipo:2026-09-20;hipo:2026-09-21;hipo:2026-09-22;hipo:2026-09-23;hipo:2026-09-24;hipo:2026-09-25;hipo:2026-09-26;hipo:2026-09-27;hipo:2026-09-28;hipo:2026-09-29;hipo:2026-09-30;hipo:2026-10-01;hipo:2026-10-02;hipo:2026-10-03;hipo:2026-10-04;hipo:2026-10-05;hipo:2026-10-06;hipo:2026-10-07;hipo:2026-10-08;hipo:2026-10-09,,0,unreachable-dns,kochi-wu.ac.jp,
Kogakkan University,kogakkan-u.ac.jp,university/college,2026-09-26,Inaccessible,hipo:2026-09-17;hipo:2026-09-18;hipo:2026-09-19;hipo:2026-09-20;hipo:2026-09-21;hipo:2026-09-22;hipo:2026-09-23;hipo:2026-09-24;hipo:2026-09-25;hipo:2026-09-26;hipo:2026-09-27;hipo:2026-09-28;hipo:2026-09-29;hipo:2026-09-30;hipo:2026-10-01;hipo:2026-10-02;hipo:2026-10-03;hipo:2026-10-04;hipo:2026-10-05;hipo:2026-10-06;hipo:2026-10-07;hipo:2026-10-08;hipo:2026-10-09,,0,fetch-error:SSLError,kogakkan-u.ac.jp,
Kogakuin University,kogakuin.ac.jp,university/college,2026-09-26,Inaccessible,hipo:2026-09-17;hipo:2026-09-18;hipo:2026-09-19;hipo:2026-09-20;hipo:2026-09-21;hipo:2026-09-22;hipo:2026-09-23;hipo:2026-09-24;hipo:2026-09-25;hipo:2026-09-26;hipo:2026-09-27;hipo:2026-09-28;hipo:2026-09-29;hipo:2026-09-30;hipo:2026-10-01;hipo:2026-10-02;hipo:2026-10-03;hipo:2026-10-04;hipo:2026-10-05;hipo:2026-10-06;hipo:2026-10-07;hipo:2026-10-08;hipo:2026-10-09,,0,unreachable-dns,kogakuin.ac.jp,
Koka Women's College,koka.ac.jp,university/college,2026-09-26,Inaccessible,hipo:2026-09-17;hipo:2026-09-18;hipo:2026-09-19;hipo:2026-09-20;hipo:2026-09-21;hipo:2026-09-22;hipo:2026-09-23;hipo:2026-09-24;hipo:2026-09-25;hipo:2026-09-26;hipo:2026-09-27;hipo:2026-09-28;hipo:2026-09-29;hipo:2026-09-30;hipo:2026-10-01;hipo:2026-10-02;hipo:2026-10-03;hipo:2026-10-04;hipo:2026-10-05;hipo:2026-10-06;hipo:2026-10-07;hipo:2026-10-08;hipo:2026-10-09,,0,unreachable-dns,koka.ac.jp,
Kokugakuin University,kokugakuin.ac.jp,university/college,2026-09-26,Inaccessible,hipo:2026-09-17;hipo:2026-09-18;hipo:2026-09-19;hipo:2026-09-20;hipo:2026-09-21;hipo:2026-09-22;hipo:2026-09-23;hipo:2026-09-24;hipo:2026-09-25;hipo:2026-09-26;hipo:2026-09-27;hipo:2026-09-28;hipo:2026-09-29;hipo:2026-09-30;ror:api-p89;hipo:2026-10-01;hipo:2026-10-02;hipo:2026-10-03;hipo:2026-10-04;hipo:2026-10-05;hipo:2026-10-06;hipo:2026-10-07;hipo:2026-10-08;hipo:2026-10-09,,0,unreachable-dns,kokugakuin.ac.jp,
Kokushikan University,kokushikan.ac.jp,university/college,2026-09-26,Inaccessible,hipo:2026-09-17;hipo:2026-09-18;hipo:2026-09-19;hipo:2026-09-20;hipo:2026-09-21;hipo:2026-09-22;hipo:2026-09-23;hipo:2026-09-24;hipo:2026-09-25;hipo:2026-09-26;hipo:2026-09-27;hipo:2026-09-28;hipo:2026-09-29;hipo:2026-09-30;hipo:2026-10-01;hipo:2026-10-02;hipo:2026-10-03;hipo:2026-10-04;hipo:2026-10-05;hipo:2026-10-06;hipo:2026-10-07;hipo:2026-10-08;hipo:2026-10-09,,0,unreachable-dns,kokushikan.ac.jp,
Komazawa University,komazawa-u.ac.jp,university/college,2026-09-26,Inaccessible,hipo:2026-09-17;hipo:2026-09-18;hipo:2026-09-19;hipo:2026-09-20;hipo:2026-09-21;hipo:2026-09-22;hipo:2026-09-23;hipo:2026-09-24;hipo:2026-09-25;hipo:2026-09-26;hipo:2026-09-27;hipo:2026-09-28;hipo:2026-09-29;hipo:2026-09-30;ror:api-p89;hipo:2026-10-01;hipo:2026-10-02;hipo:2026-10-03;hipo:2026-10-04;hipo:2026-10-05;hipo:2026-10-06;hipo:2026-10-07;hipo:2026-10-08;hipo:2026-10-09,,0,unreachable-dns,komazawa-u.ac.jp,
Konan University,konan-u.ac.jp,university/college,2026-09-26,Inaccessible,hipo:2026-09-17;hipo:2026-09-18;hipo:2026-09-19;hipo:2026-09-20;hipo:2026-09-21;hipo:2026-09-22;wikidata:P856;hipo:2026-09-23;hipo:2026-09-24;hipo:2026-09-25;hipo:2026-09-26;hipo:2026-09-27;hipo:2026-09-28;hipo:2026-09-29;hipo:2026-09-30;hipo:2026-10-01;hipo:2026-10-02;hipo:2026-10-03;hipo:2026-10-04;hipo:2026-10-05;hipo:2026-10-06;hipo:2026-10-07;hipo:2026-10-08;hipo:2026-10-09,,0,fetch-error:ConnectTimeout,konan-u.ac.jp,
Konan Women's University,konan-wu.ac.jp,university/college,2026-09-26,Inaccessible,hipo:2026-09-17;hipo:2026-09-18;hipo:2026-09-19;hipo:2026-09-20;hipo:2026-09-21;hipo:2026-09-22;hipo:2026-09-23;hipo:2026-09-24;hipo:2026-09-25;hipo:2026-09-26;hipo:2026-09-27;hipo:2026-09-28;hipo:2026-09-29;hipo:2026-09-30;hipo:2026-10-01;hipo:2026-10-02;hipo:2026-10-03;hipo:2026-10-04;hipo:2026-10-05;hipo:2026-10-06;hipo:2026-10-07;hipo:2026-10-08;hipo:2026-10-09,,0,unreachable-dns,konan-wu.ac.jp,
Korea University,korea-u.ac.jp,university/college,2026-09-26,Inaccessible,hipo:2026-09-17;hipo:2026-09-18;hipo:2026-09-19;hipo:2026-09-20;hipo:2026-09-21;hipo:2026-09-22;hipo:2026-09-23;hipo:2026-09-24;hipo:2026-09-25;hipo:2026-09-26;hipo:2026-09-27;hipo:2026-09-28;hipo:2026-09-29;hipo:2026-09-30;hipo:2026-10-01;hipo:2026-10-02;hipo:2026-10-03;hipo:2026-10-04;hipo:2026-10-05;hipo:2026-10-06;hipo:2026-10-07;hipo:2026-10-08;hipo:2026-10-09,,0,unreachable-dns,korea-u.ac.jp,
Koriyama Women's University and College,koriyama-kgc.ac.jp,university/college,2026-09-26,Inaccessible,hipo:2026-09-17;hipo:2026-09-18;hipo:2026-09-19;hipo:2026-09-20;hipo:2026-09-21;hipo:2026-09-22;hipo:2026-09-23;hipo:2026-09-24;hipo:2026-09-25;hipo:2026-09-26;hipo:2026-09-27;hipo:2026-09-28;hipo:2026-09-29;hipo:2026-09-30;ror:api-p89;hipo:2026-10-01;hipo:2026-10-02;hipo:2026-10-03;hipo:2026-10-04;hipo:2026-10-05;hipo:2026-10-06;hipo:2026-10-07;hipo:2026-10-08;hipo:2026-10-09,,0,fetch-error:ConnectTimeout,koriyama-kgc.ac.jp,
Koshien University,koshien.ac.jp,university/college,2026-09-26,Inaccessible,hipo:2026-09-17;hipo:2026-09-18;hipo:2026-09-19;hipo:2026-09-20;hipo:2026-09-21;hipo:2026-09-22;hipo:2026-09-23;hipo:2026-09-24;hipo:2026-09-25;hipo:2026-09-26;hipo:2026-09-27;hipo:2026-09-28;hipo:2026-09-29;hipo:2026-09-30;hipo:2026-10-01;hipo:2026-10-02;hipo:2026-10-03;hipo:2026-10-04;hipo:2026-10-05;hipo:2026-10-06;hipo:2026-10-07;hipo:2026-10-08;hipo:2026-10-09,,5,http-403,koshien.ac.jp,
Koyasan University,koyasan-u.ac.jp,university/college,2026-09-26,Active,hipo:2026-09-17;hipo:2026-09-18;hipo:2026-09-19;hipo:2026-09-20;hipo:2026-09-21;hipo:2026-09-22;hipo:2026-09-23;hipo:2026-09-24;hipo:2026-09-25;hipo:2026-09-26;hipo:2026-09-27;hipo:2026-09-28;hipo:2026-09-29;hipo:2026-09-30;hipo:2026-10-01;hipo:2026-10-02;hipo:2026-10-03;hipo:2026-10-04;hipo:2026-10-05;hipo:2026-10-06;hipo:2026-10-07;hipo:2026-10-08;hipo:2026-10-09,,90,http-2xx-html+multi-source+edu-keywords+structure+substantial-content,koyasan-u.ac.jp,
Kyoto Prefectural University of Medicine,kpu-m.ac.jp,university/college,2026-09-26,Inaccessible,hipo:2026-09-17;hipo:2026-09-18;hipo:2026-09-19;hipo:2026-09-20;hipo:2026-09-21;hipo:2026-09-22;hipo:2026-09-23;hipo:2026-09-24;hipo:2026-09-25;hipo:2026-09-26;hipo:2026-09-27;hipo:2026-09-28;hipo:2026-09-29;hipo:2026-09-30;hipo:2026-10-01;hipo:2026-10-02;hipo:2026-10-03;hipo:2026-10-04;hipo:2026-10-05;hipo:2026-10-06;hipo:2026-10-07;hipo:2026-10-08;hipo:2026-10-09,,0,unreachable-dns,kpu-m.ac.jp,
Kyoto Prefectural University,kpu.ac.jp,university/college,2026-09-26,Inaccessible,hipo:2026-09-17;hipo:2026-09-18;hipo:2026-09-19;hipo:2026-09-20;hipo:2026-09-21;hipo:2026-09-22;hipo:2026-09-23;hipo:2026-09-24;hipo:2026-09-25;hipo:2026-09-26;hipo:2026-09-27;hipo:2026-09-28;hipo:2026-09-29;hipo:2026-09-30;hipo:2026-10-01;hipo:2026-10-02;hipo:2026-10-03;hipo:2026-10-04;hipo:2026-10-05;hipo:2026-10-06;hipo:2026-10-07;hipo:2026-10-08;hipo:2026-10-09,,0,unreachable-dns,kpu.ac.jp,
Kobe University of Mercantile Marine,kshosen.ac.jp,university/college,2026-09-26,Inaccessible,hipo:2026-09-17;hipo:2026-09-18;hipo:2026-09-19;hipo:2026-09-20;hipo:2026-09-21;hipo:2026-09-22;hipo:2026-09-23;hipo:2026-09-24;hipo:2026-09-25;hipo:2026-09-26;hipo:2026-09-27;hipo:2026-09-28;hipo:2026-09-29;hipo:2026-09-30;hipo:2026-10-01;hipo:2026-10-02;hipo:2026-10-03;hipo:2026-10-04;hipo:2026-10-05;hipo:2026-10-06;hipo:2026-10-07;hipo:2026-10-08;hipo:2026-10-09,,0,unreachable-dns,kshosen.ac.jp,
Kurashiki Sakuyo University,ksu.ac.jp,university/college,2026-09-26,Inaccessible,hipo:2026-09-17;hipo:2026-09-18;hipo:2026-09-19;hipo:2026-09-20;hipo:2026-09-21;hipo:2026-09-22;hipo:2026-09-23;hipo:2026-09-24;hipo:2026-09-25;hipo:2026-09-26;hipo:2026-09-27;hipo:2026-09-28;hipo:2026-09-29;hipo:2026-09-30;hipo:2026-10-01;hipo:2026-10-02;hipo:2026-10-03;hipo:2026-10-04;hipo:2026-10-05;hipo:2026-10-06;hipo:2026-10-07;hipo:2026-10-08;hipo:2026-10-09,,0,fetch-error:ConnectTimeout,ksu.ac.jp,
Kyushu Tokai University,ktokai-u.ac.jp,university/college,2026-09-26,Inaccessible,hipo:2026-09-17;hipo:2026-09-18;hipo:2026-09-19;hipo:2026-09-20;hipo:2026-09-21;hipo:2026-09-22;hipo:2026-09-23;hipo:2026-09-24;hipo:2026-09-25;hipo:2026-09-26;hipo:2026-09-27;hipo:2026-09-28;hipo:2026-09-29;hipo:2026-09-30;hipo:2026-10-01;hipo:2026-10-02;hipo:2026-10-03;hipo:2026-10-04;hipo:2026-10-05;hipo:2026-10-06;hipo:2026-10-07;hipo:2026-10-08;hipo:2026-10-09,,0,unreachable-dns,ktokai-u.ac.jp,
Kyoto University of Foreign Studies,kufs.ac.jp,university/college,2026-09-26,Inaccessible,hipo:2026-09-17;hipo:2026-09-18;hipo:2026-09-19;hipo:2026-09-20;hipo:2026-09-21;hipo:2026-09-22;hipo:2026-09-23;hipo:2026-09-24;hipo:2026-09-25;hipo:2026-09-26;hipo:2026-09-27;hipo:2026-09-28;hipo:2026-09-29;hipo:2026-09-30;hipo:2026-10-01;hipo:2026-10-02;hipo:2026-10-03;hipo:2026-10-04;hipo:2026-10-05;hipo:2026-10-06;hipo:2026-10-07;hipo:2026-10-08;hipo:2026-10-09,,0,unreachable-dns,kufs.ac.jp,
Kansai University of International Studies,kuins.ac.jp,university/college,2026-09-26,Active,hipo:2026-09-17;hipo:2026-09-18;hipo:2026-09-19;hipo:2026-09-20;hipo:2026-09-21;hipo:2026-09-22;hipo:2026-09-23;hipo:2026-09-24;hipo:2026-09-25;hipo:2026-09-26;hipo:2026-09-27;hipo:2026-09-28;hipo:2026-09-29;hipo:2026-09-30;hipo:2026-10-01;hipo:2026-10-02;hipo:2026-10-03;hipo:2026-10-04;hipo:2026-10-05;hipo:2026-10-06;hipo:2026-10-07;hipo:2026-10-08;hipo:2026-10-09,,90,http-2xx-html+multi-source+edu-keywords+structure+substantial-content,kuins.ac.jp,ja
Kanda University of International Studies,kuis.ac.jp,university/college,2026-09-26,Inaccessible,hipo:2026-09-17;hipo:2026-09-18;hipo:2026-09-19;hipo:2026-09-20;hipo:2026-09-21;hipo:2026-09-22;hipo:2026-09-23;hipo:2026-09-24;hipo:2026-09-25;hipo:2026-09-26;hipo:2026-09-27;hipo:2026-09-28;hipo:2026-09-29;hipo:2026-09-30;hipo:2026-10-01;hipo:2026-10-02;hipo:2026-10-03;hipo:2026-10-04;hipo:2026-10-05;hipo:2026-10-06;hipo:2026-10-07;hipo:2026-10-08;hipo:2026-10-09,,0,unreachable-dns,kuis.ac.jp,
Kumamoto Gakuen University,kumagaku.ac.jp,university/college,2026-09-26,Inaccessible,hipo:2026-09-17;hipo:2026-09-18;hipo:2026-09-19;hipo:2026-09-20;hipo:2026-09-21;hipo:2026-09-22;hipo:2026-09-23;hipo:2026-09-24;hipo:2026-09-25;hipo:2026-09-26;hipo:2026-09-27;hipo:2026-09-28;hipo:2026-09-29;hipo:2026-09-30;hipo:2026-10-01;hipo:2026-10-02;hipo:2026-10-03;hipo:2026-10-04;hipo:2026-10-05;hipo:2026-10-06;hipo:2026-10-07;hipo:2026-10-08;hipo:2026-10-09,,0,unreachable-dns,kumagaku.ac.jp,
Kumamoto University,kumamoto-u.ac.jp,university/college,2026-09-26,Inaccessible,hipo:2026-09-17;hipo:2026-09-18;hipo:2026-09-19;hipo:2026-09-20;hipo:2026-09-21;hipo:2026-09-22;hipo:2026-09-23;hipo:2026-09-24;hipo:2026-09-25;hipo:2026-09-26;hipo:2026-09-27;hipo:2026-09-28;hipo:2026-09-29;hipo:2026-09-30;hipo:2026-10-01;hipo:2026-10-02;hipo:2026-10-03;hipo:2026-10-04;hipo:2026-10-05;hipo:2026-10-06;hipo:2026-10-07;hipo:2026-10-08;hipo:2026-10-09,,0,unreachable-dns,kumamoto-u.ac.jp,
Kunitachi College of Music,kunitachi.ac.jp,university/college,2026-09-26,Inaccessible,hipo:2026-09-17;hipo:2026-09-18;hipo:2026-09-19;hipo:2026-09-20;hipo:2026-09-21;hipo:2026-09-22;hipo:2026-09-23;hipo:2026-09-24;hipo:2026-09-25;hipo:2026-09-26;hipo:2026-09-27;hipo:2026-09-28;hipo:2026-09-29;hipo:2026-09-30;hipo:2026-10-01;hipo:2026-10-02;hipo:2026-10-03;hipo:2026-10-04;hipo:2026-10-05;hipo:2026-10-06;hipo:2026-10-07;hipo:2026-10-08;hipo:2026-10-09,,0,unreachable-dns,kunitachi.ac.jp,
Kure University,kure-u.ac.jp,university/college,2026-09-26,Inaccessible,hipo:2026-09-17;hipo:2026-09-18;hipo:2026-09-19;hipo:2026-09-20;hipo:2026-09-21;hipo:2026-09-22;hipo:2026-09-23;hipo:2026-09-24;hipo:2026-09-25;hipo:2026-09-26;hipo:2026-09-27;hipo:2026-09-28;hipo:2026-09-29;hipo:2026-09-30;hipo:2026-10-01;hipo:2026-10-02;hipo:2026-10-03;hipo:2026-10-04;hipo:2026-10-05;hipo:2026-10-06;hipo:2026-10-07;hipo:2026-10-08;hipo:2026-10-09,,0,unreachable-dns,kure-u.ac.jp,
Kurume Institute of Technology,kurume-it.ac.jp,university/college,2026-09-26,Inaccessible,hipo:2026-09-17;hipo:2026-09-18;hipo:2026-09-19;hipo:2026-09-20;hipo:2026-09-21;hipo:2026-09-22;hipo:2026-09-23;hipo:2026-09-24;hipo:2026-09-25;hipo:2026-09-26;hipo:2026-09-27;hipo:2026-09-28;hipo:2026-09-29;hipo:2026-09-30;hipo:2026-10-01;hipo:2026-10-02;hipo:2026-10-03;hipo:2026-10-04;hipo:2026-10-05;hipo:2026-10-06;hipo:2026-10-07;hipo:2026-10-08;hipo:2026-10-09,,0,fetch-error:ConnectionError,kurume-it.ac.jp,
Kurume University,kurume-u.ac.jp,university/college,2026-09-26,Inaccessible,hipo:2026-09-17;hipo:2026-09-18;hipo:2026-09-19;hipo:2026-09-20;hipo:2026-09-21;hipo:2026-09-22;hipo:2026-09-23;hipo:2026-09-24;hipo:2026-09-25;hipo:2026-09-26;hipo:2026-09-27;hipo:2026-09-28;hipo:2026-09-29;hipo:2026-09-30;hipo:2026-10-01;hipo:2026-10-02;hipo:2026-10-03;hipo:2026-10-04;hipo:2026-10-05;hipo:2026-10-06;hipo:2026-10-07;hipo:2026-10-08;hipo:2026-10-09,,0,unreachable-dns,kurume-u.ac.jp,
Sakura Walnut Kindergarten,kurumikko.ed.jp,university/college,2026-10-06,Inaccessible,ror:api-p46,,0,fetch-error:ConnectionError,kurumikko.ed.jp,
Kurashiki University of Science and the Arts,kusa.ac.jp,university/college,2026-09-26,Inaccessible,hipo:2026-09-17;hipo:2026-09-18;hipo:2026-09-19;hipo:2026-09-20;hipo:2026-09-21;hipo:2026-09-22;hipo:2026-09-23;hipo:2026-09-24;hipo:2026-09-25;hipo:2026-09-26;hipo:2026-09-27;hipo:2026-09-28;hipo:2026-09-29;hipo:2026-09-30;ror:api-p89;hipo:2026-10-01;hipo:2026-10-02;hipo:2026-10-03;hipo:2026-10-04;hipo:2026-10-05;hipo:2026-10-06;hipo:2026-10-07;hipo:2026-10-08;hipo:2026-10-09,,0,unreachable-dns,kusa.ac.jp,
Kushiro Public University of Economics,kushiro-pu.ac.jp,university/college,2026-09-26,Inaccessible,hipo:2026-09-17;hipo:2026-09-18;hipo:2026-09-19;hipo:2026-09-20;hipo:2026-09-21;hipo:2026-09-22;hipo:2026-09-23;hipo:2026-09-24;hipo:2026-09-25;hipo:2026-09-26;hipo:2026-09-27;hipo:2026-09-28;hipo:2026-09-29;hipo:2026-09-30;hipo:2026-10-01;hipo:2026-10-02;hipo:2026-10-03;hipo:2026-10-04;hipo:2026-10-05;hipo:2026-10-06;hipo:2026-10-07;hipo:2026-10-08;hipo:2026-10-09,,0,unreachable-dns,kushiro-pu.ac.jp,
Kansai University of Social Welfare,kusw.ac.jp,university/college,2026-09-26,Active,hipo:2026-09-17;hipo:2026-09-18;hipo:2026-09-19;hipo:2026-09-20;hipo:2026-09-21;hipo:2026-09-22;hipo:2026-09-23;hipo:2026-09-24;hipo:2026-09-25;hipo:2026-09-26;hipo:2026-09-27;hipo:2026-09-28;hipo:2026-09-29;hipo:2026-09-30;hipo:2026-10-01;hipo:2026-10-02;hipo:2026-10-03;hipo:2026-10-04;hipo:2026-10-05;hipo:2026-10-06;hipo:2026-10-07;hipo:2026-10-08;hipo:2026-10-09,,90,http-2xx-html+multi-source+edu-keywords+structure+substantial-content,kusw.ac.jp,ja
Kwansei Gakuin University,kwansei.ac.jp,university/college,2026-09-26,Inaccessible,hipo:2026-09-17;hipo:2026-09-18;hipo:2026-09-19;hipo:2026-09-20;hipo:2026-09-21;hipo:2026-09-22;hipo:2026-09-23;hipo:2026-09-24;hipo:2026-09-25;hipo:2026-09-26;hipo:2026-09-27;hipo:2026-09-28;hipo:2026-09-29;hipo:2026-09-30;hipo:2026-10-01;hipo:2026-10-02;hipo:2026-10-03;hipo:2026-10-04;hipo:2026-10-05;hipo:2026-10-06;hipo:2026-10-07;hipo:2026-10-08;hipo:2026-10-09,,0,unreachable-dns,kwansei.ac.jp,
Kwassui Women's College,kwassui.ac.jp,university/college,2026-09-26,Active,hipo:2026-09-17;hipo:2026-09-18;hipo:2026-09-19;hipo:2026-09-20;hipo:2026-09-21;hipo:2026-09-22;hipo:2026-09-23;hipo:2026-09-24;hipo:2026-09-25;hipo:2026-09-26;hipo:2026-09-27;hipo:2026-09-28;hipo:2026-09-29;hipo:2026-09-30;hipo:2026-10-01;hipo:2026-10-02;hipo:2026-10-03;hipo:2026-10-04;hipo:2026-10-05;hipo:2026-10-06;hipo:2026-10-07;hipo:2026-10-08;hipo:2026-10-09,,80,http-2xx-html+multi-source+edu-keywords+structure,kwassui.ac.jp,ja
Kagoshima Women's College,kwc-u.ac.jp,university/college,2026-09-26,Inaccessible,hipo:2026-09-17;hipo:2026-09-18;hipo:2026-09-19;hipo:2026-09-20;hipo:2026-09-21;hipo:2026-09-22;hipo:2026-09-23;hipo:2026-09-24;hipo:2026-09-25;hipo:2026-09-26;hipo:2026-09-27;hipo:2026-09-28;hipo:2026-09-29;hipo:2026-09-30;hipo:2026-10-01;hipo:2026-10-02;hipo:2026-10-03;hipo:2026-10-04;hipo:2026-10-05;hipo:2026-10-06;hipo:2026-10-07;hipo:2026-10-08;hipo:2026-10-09,,0,unreachable-dns,kwc-u.ac.jp,
Kyushu Women's University,kwuc.ac.jp,university/college,2026-09-26,Active,hipo:2026-09-17;hipo:2026-09-18;hipo:2026-09-19;hipo:2026-09-20;hipo:2026-09-21;hipo:2026-09-22;hipo:2026-09-23;hipo:2026-09-24;hipo:2026-09-25;hipo:2026-09-26;hipo:2026-09-27;hipo:2026-09-28;hipo:2026-09-29;hipo:2026-09-30;hipo:2026-10-01;hipo:2026-10-02;hipo:2026-10-03;hipo:2026-10-04;hipo:2026-10-05;hipo:2026-10-06;hipo:2026-10-07;hipo:2026-10-08;hipo:2026-10-09,,90,http-2xx-html+multi-source+edu-keywords+structure+substantial-content,kwuc.ac.jp,ja
Tokyo Metropolitan School Personnel in Service Training Center,kyoiku-kensyu.metro.tokyo.jp,university/college,2026-10-06,Inaccessible,ror:api-p46,,0,unreachable-dns,kyoiku-kensyu.metro.tokyo.jp,
Kyoto University of Education,kyokyo-u.ac.jp,university/college,2026-09-26,Inaccessible,hipo:2026-09-17;hipo:2026-09-18;hipo:2026-09-19;hipo:2026-09-20;hipo:2026-09-21;hipo:2026-09-22;hipo:2026-09-23;hipo:2026-09-24;hipo:2026-09-25;hipo:2026-09-26;hipo:2026-09-27;hipo:2026-09-28;hipo:2026-09-29;hipo:2026-09-30;hipo:2026-10-01;hipo:2026-10-02;hipo:2026-10-03;hipo:2026-10-04;hipo:2026-10-05;hipo:2026-10-06;hipo:2026-10-07;hipo:2026-10-08;hipo:2026-10-09,,0,unreachable-dns,kyokyo-u.ac.jp,
Kyorin University,kyorin-u.ac.jp,university/college,2026-09-26,Inaccessible,hipo:2026-09-17;hipo:2026-09-18;hipo:2026-09-19;hipo:2026-09-20;hipo:2026-09-21;hipo:2026-09-22;hipo:2026-09-23;hipo:2026-09-24;hipo:2026-09-25;hipo:2026-09-26;hipo:2026-09-27;hipo:2026-09-28;hipo:2026-09-29;hipo:2026-09-30;hipo:2026-10-01;hipo:2026-10-02;hipo:2026-10-03;hipo:2026-10-04;hipo:2026-10-05;hipo:2026-10-06;openalex:page114;hipo:2026-10-07;hipo:2026-10-08;hipo:2026-10-09,,0,unreachable-dns,kyorin-u.ac.jp,
Kyoritsu Pharmaceutical University,kyoritsu-ph.ac.jp,university/college,2026-09-26,Inaccessible,hipo:2026-09-17;hipo:2026-09-18;hipo:2026-09-19;hipo:2026-09-20;hipo:2026-09-21;hipo:2026-09-22;hipo:2026-09-23;hipo:2026-09-24;hipo:2026-09-25;hipo:2026-09-26;hipo:2026-09-27;hipo:2026-09-28;hipo:2026-09-29;hipo:2026-09-30;hipo:2026-10-01;hipo:2026-10-02;hipo:2026-10-03;hipo:2026-10-04;hipo:2026-10-05;hipo:2026-10-06;hipo:2026-10-07;hipo:2026-10-08;hipo:2026-10-09,,0,unreachable-dns,kyoritsu-ph.ac.jp,
Kyoritsu Woman's University,kyoritsu-wu.ac.jp,university/college,2026-09-26,Inaccessible,hipo:2026-09-17;hipo:2026-09-18;hipo:2026-09-19;hipo:2026-09-20;hipo:2026-09-21;hipo:2026-09-22;hipo:2026-09-23;hipo:2026-09-24;hipo:2026-09-25;hipo:2026-09-26;hipo:2026-09-27;hipo:2026-09-28;hipo:2026-09-29;hipo:2026-09-30;hipo:2026-10-01;hipo:2026-10-02;hipo:2026-10-03;hipo:2026-10-04;hipo:2026-10-05;hipo:2026-10-06;hipo:2026-10-07;hipo:2026-10-08;hipo:2026-10-09,,0,unreachable-dns,kyoritsu-wu.ac.jp,
Kyoto University of Art and Design,kyoto-art.ac.jp,university/college,2026-09-26,Inaccessible,hipo:2026-09-17;hipo:2026-09-18;hipo:2026-09-19;hipo:2026-09-20;hipo:2026-09-21;hipo:2026-09-22;hipo:2026-09-23;hipo:2026-09-24;hipo:2026-09-25;hipo:2026-09-26;hipo:2026-09-27;hipo:2026-09-28;hipo:2026-09-29;hipo:2026-09-30;hipo:2026-10-01;hipo:2026-10-02;hipo:2026-10-03;hipo:2026-10-04;hipo:2026-10-05;hipo:2026-10-06;hipo:2026-10-07;hipo:2026-10-08;hipo:2026-10-09,,0,unreachable-dns,kyoto-art.ac.jp,
Kyoto Pharmaceutical University,kyoto-phu.ac.jp,university/college,2026-09-26,Inaccessible,hipo:2026-09-17;hipo:2026-09-18;hipo:2026-09-19;hipo:2026-09-20;hipo:2026-09-21;hipo:2026-09-22;hipo:2026-09-23;hipo:2026-09-24;hipo:2026-09-25;hipo:2026-09-26;hipo:2026-09-27;hipo:2026-09-28;hipo:2026-09-29;hipo:2026-09-30;hipo:2026-10-01;hipo:2026-10-02;hipo:2026-10-03;hipo:2026-10-04;hipo:2026-10-05;hipo:2026-10-06;hipo:2026-10-07;hipo:2026-10-08;hipo:2026-10-09,,0,unreachable-dns,kyoto-phu.ac.jp,
Kyoto Seika University,kyoto-seika.ac.jp,university/college,2026-09-26,Active,hipo:2026-09-17;hipo:2026-09-18;hipo:2026-09-19;hipo:2026-09-20;hipo:2026-09-21;hipo:2026-09-22;hipo:2026-09-23;hipo:2026-09-24;hipo:2026-09-25;hipo:2026-09-26;hipo:2026-09-27;hipo:2026-09-28;hipo:2026-09-29;hipo:2026-09-30;hipo:2026-10-01;hipo:2026-10-02;hipo:2026-10-03;hipo:2026-10-04;hipo:2026-10-05;hipo:2026-10-06;hipo:2026-10-07;hipo:2026-10-08;hipo:2026-10-09,,90,http-2xx-html+multi-source+edu-keywords+structure+substantial-content,kyoto-seika.ac.jp,ja
Kyoto Sangyo University,kyoto-su.ac.jp,university/college,2026-09-26,Inaccessible,hipo:2026-09-17;hipo:2026-09-18;hipo:2026-09-19;hipo:2026-09-20;hipo:2026-09-21;hipo:2026-09-22;hipo:2026-09-23;hipo:2026-09-24;hipo:2026-09-25;hipo:2026-09-26;hipo:2026-09-27;hipo:2026-09-28;hipo:2026-09-29;hipo:2026-09-30;hipo:2026-10-01;hipo:2026-10-02;hipo:2026-10-03;hipo:2026-10-04;hipo:2026-10-05;hipo:2026-10-06;hipo:2026-10-07;hipo:2026-10-08;hipo:2026-10-09,,0,unreachable-dns,kyoto-su.ac.jp,
Kyoto University,kyoto-u.ac.jp,university/college,2026-09-23,Active,openalex:page3;hipo:2026-09-17;hipo:2026-09-18;hipo:2026-09-19;hipo:2026-09-20;hipo:2026-09-21;hipo:2026-09-22;hipo:2026-09-23;hipo:2026-09-24;hipo:2026-09-25;hipo:2026-09-26;hipo:2026-09-27;hipo:2026-09-28;hipo:2026-09-29;hipo:2026-09-30;hipo:2026-10-01;hipo:2026-10-02;hipo:2026-10-03;hipo:2026-10-04;hipo:2026-10-05;hipo:2026-10-06;hipo:2026-10-07;hipo:2026-10-08;hipo:2026-10-09,,80,http-2xx-html+multi-source+edu-keywords+structure,kyoto-u.ac.jp,ja
Kyoto Women's University,kyoto-wu.ac.jp,university/college,2026-09-26,Inaccessible,hipo:2026-09-17;hipo:2026-09-18;hipo:2026-09-19;hipo:2026-09-20;hipo:2026-09-21;hipo:2026-09-22;hipo:2026-09-23;hipo:2026-09-24;hipo:2026-09-25;hipo:2026-09-26;hipo:2026-09-27;hipo:2026-09-28;hipo:2026-09-29;hipo:2026-09-30;hipo:2026-10-01;hipo:2026-10-02;hipo:2026-10-03;hipo:2026-10-04;hipo:2026-10-05;hipo:2026-10-06;hipo:2026-10-07;hipo:2026-10-08;hipo:2026-10-09,,0,unreachable-dns,kyoto-wu.ac.jp,
Kyoto Gakuen University,kyotogakuen-u.ac.jp,university/college,2026-09-26,Inaccessible,hipo:2026-09-17;hipo:2026-09-18;hipo:2026-09-19;hipo:2026-09-20;hipo:2026-09-21;hipo:2026-09-22;hipo:2026-09-23;hipo:2026-09-24;hipo:2026-09-25;hipo:2026-09-26;hipo:2026-09-27;hipo:2026-09-28;hipo:2026-09-29;hipo:2026-09-30;hipo:2026-10-01;hipo:2026-10-02;hipo:2026-10-03;hipo:2026-10-04;hipo:2026-10-05;hipo:2026-10-06;hipo:2026-10-07;hipo:2026-10-08;hipo:2026-10-09,,0,unreachable-dns,kyotogakuen-u.ac.jp,
Kyushu Dental College,kyu-dent.ac.jp,university/college,2026-09-26,Active,hipo:2026-09-17;hipo:2026-09-18;hipo:2026-09-19;hipo:2026-09-20;hipo:2026-09-21;hipo:2026-09-22;hipo:2026-09-23;hipo:2026-09-24;hipo:2026-09-25;hipo:2026-09-26;hipo:2026-09-27;hipo:2026-09-28;hipo:2026-09-29;hipo:2026-09-30;hipo:2026-10-01;hipo:2026-10-02;hipo:2026-10-03;hipo:2026-10-04;hipo:2026-10-05;hipo:2026-10-06;hipo:2026-10-07;hipo:2026-10-08;hipo:2026-10-09,,90,http-2xx-html+multi-source+edu-keywords+structure+substantial-content,kyu-dent.ac.jp,ja
Kyushu Kyoritsu University,kyukyo-u.ac.jp,university/college,2026-09-26,Active,hipo:2026-09-17;hipo:2026-09-18;hipo:2026-09-19;hipo:2026-09-20;hipo:2026-09-21;hipo:2026-09-22;hipo:2026-09-23;hipo:2026-09-24;hipo:2026-09-25;hipo:2026-09-26;hipo:2026-09-27;hipo:2026-09-28;hipo:2026-09-29;hipo:2026-09-30;hipo:2026-10-01;hipo:2026-10-02;hipo:2026-10-03;hipo:2026-10-04;hipo:2026-10-05;hipo:2026-10-06;hipo:2026-10-07;hipo:2026-10-08;hipo:2026-10-09,,90,http-2xx-html+multi-source+edu-keywords+trusted-suffix+substantial-content,kyukyo-u.ac.jp,ja
Kyushu Institute of Design,kyushu-id.ac.jp,university/college,2026-09-26,Inaccessible,hipo:2026-09-17;hipo:2026-09-18;hipo:2026-09-19;hipo:2026-09-20;hipo:2026-09-21;hipo:2026-09-22;hipo:2026-09-23;hipo:2026-09-24;hipo:2026-09-25;hipo:2026-09-26;hipo:2026-09-27;hipo:2026-09-28;hipo:2026-09-29;hipo:2026-09-30;hipo:2026-10-01;hipo:2026-10-02;hipo:2026-10-03;hipo:2026-10-04;hipo:2026-10-05;hipo:2026-10-06;hipo:2026-10-07;hipo:2026-10-08;hipo:2026-10-09,,0,unreachable-dns,kyushu-id.ac.jp,
Kyushu University of Nursing and SocialWelfare,kyushu-ns.ac.jp,university/college,2026-09-26,Inaccessible,hipo:2026-09-17;hipo:2026-09-18;hipo:2026-09-19;hipo:2026-09-20;hipo:2026-09-21;hipo:2026-09-22;hipo:2026-09-23;hipo:2026-09-24;hipo:2026-09-25;hipo:2026-09-26;hipo:2026-09-27;hipo:2026-09-28;hipo:2026-09-29;hipo:2026-09-30;hipo:2026-10-01;hipo:2026-10-02;hipo:2026-10-03;hipo:2026-10-04;hipo:2026-10-05;hipo:2026-10-06;hipo:2026-10-07;hipo:2026-10-08;hipo:2026-10-09,,0,fetch-error:ConnectTimeout,kyushu-ns.ac.jp,
Kyushu University,kyushu-u.ac.jp,university/college,2026-09-30,Inaccessible,openalex:page7;hipo:2026-09-17;hipo:2026-09-18;hipo:2026-09-19;hipo:2026-09-20;hipo:2026-09-21;hipo:2026-09-22;hipo:2026-09-23;hipo:2026-09-24;hipo:2026-09-25;hipo:2026-09-26;hipo:2026-09-27;hipo:2026-09-28;hipo:2026-09-29;hipo:2026-09-30;hipo:2026-10-01;hipo:2026-10-02;hipo:2026-10-03;hipo:2026-10-04;hipo:2026-10-05;hipo:2026-10-06;hipo:2026-10-07;hipo:2026-10-08;hipo:2026-10-09,,0,unreachable-dns,kyushu-u.ac.jp,
Kyushu Institute of Technology,kyutech.ac.jp,university/college,2026-09-26,Inaccessible,hipo:2026-09-17;hipo:2026-09-18;hipo:2026-09-19;hipo:2026-09-20;hipo:2026-09-21;hipo:2026-09-22;hipo:2026-09-23;hipo:2026-09-24;hipo:2026-09-25;hipo:2026-09-26;hipo:2026-09-27;hipo:2026-09-28;openalex:page77;hipo:2026-09-29;hipo:2026-09-30;hipo:2026-10-01;hipo:2026-10-02;hipo:2026-10-03;hipo:2026-10-04;hipo:2026-10-05;hipo:2026-10-06;hipo:2026-10-07;hipo:2026-10-08;hipo:2026-10-09,,0,unreachable-dns,kyutech.ac.jp,
St. Marianna University School of Medicine,marianna-u.ac.jp,university/college,2026-09-26,Inaccessible,hipo:2026-09-17;hipo:2026-09-18;hipo:2026-09-19;hipo:2026-09-20;hipo:2026-09-21;hipo:2026-09-22;hipo:2026-09-23;hipo:2026-09-24;hipo:2026-09-25;hipo:2026-09-26;hipo:2026-09-27;hipo:2026-09-28;hipo:2026-09-29;hipo:2026-09-30;hipo:2026-10-01;hipo:2026-10-02;hipo:2026-10-03;hipo:2026-10-04;hipo:2026-10-05;openalex:page112;hipo:2026-10-06;hipo:2026-10-07;hipo:2026-10-08;hipo:2026-10-09,,0,unreachable-dns,marianna-u.ac.jp,
Matsuyama University,matsuyama-u.ac.jp,university/college,2026-09-26,Inaccessible,hipo:2026-09-17;hipo:2026-09-18;hipo:2026-09-19;hipo:2026-09-20;hipo:2026-09-21;hipo:2026-09-22;hipo:2026-09-23;hipo:2026-09-24;hipo:2026-09-25;hipo:2026-09-26;hipo:2026-09-27;hipo:2026-09-28;hipo:2026-09-29;hipo:2026-09-30;hipo:2026-10-01;hipo:2026-10-02;hipo:2026-10-03;hipo:2026-10-04;hipo:2026-10-05;hipo:2026-10-06;hipo:2026-10-07;hipo:2026-10-08;hipo:2026-10-09,,0,unreachable-dns,matsuyama-u.ac.jp,
Matsumoto Dental University,mdu.ac.jp,university/college,2026-09-26,Active,hipo:2026-09-17;hipo:2026-09-18;hipo:2026-09-19;hipo:2026-09-20;hipo:2026-09-21;hipo:2026-09-22;hipo:2026-09-23;hipo:2026-09-24;hipo:2026-09-25;hipo:2026-09-26;hipo:2026-09-27;hipo:2026-09-28;hipo:2026-09-29;hipo:2026-09-30;hipo:2026-10-01;hipo:2026-10-02;hipo:2026-10-03;hipo:2026-10-04;hipo:2026-10-05;hipo:2026-10-06;hipo:2026-10-07;hipo:2026-10-08;hipo:2026-10-09,,80,http-2xx-html+multi-source+edu-keywords+structure,mdu.ac.jp,ja
Meiji University of Oriental Medicine,meiji-u.ac.jp,university/college,2026-09-26,Active,hipo:2026-09-17;hipo:2026-09-18;hipo:2026-09-19;hipo:2026-09-20;hipo:2026-09-21;hipo:2026-09-22;hipo:2026-09-23;hipo:2026-09-24;hipo:2026-09-25;hipo:2026-09-26;hipo:2026-09-27;hipo:2026-09-28;hipo:2026-09-29;hipo:2026-09-30;hipo:2026-10-01;hipo:2026-10-02;hipo:2026-10-03;hipo:2026-10-04;hipo:2026-10-05;hipo:2026-10-06;hipo:2026-10-07;hipo:2026-10-08;hipo:2026-10-09,,90,http-2xx-html+multi-source+edu-keywords+trusted-suffix+substantial-content,meiji-u.ac.jp,ja
Meiji University,meiji.ac.jp,university/college,2026-09-26,Inaccessible,hipo:2026-09-17;hipo:2026-09-18;hipo:2026-09-19;hipo:2026-09-20;hipo:2026-09-21;hipo:2026-09-22;hipo:2026-09-23;hipo:2026-09-24;hipo:2026-09-25;hipo:2026-09-26;hipo:2026-09-27;hipo:2026-09-28;hipo:2026-09-29;hipo:2026-09-30;hipo:2026-10-01;hipo:2026-10-02;hipo:2026-10-03;hipo:2026-10-04;openalex:page106;hipo:2026-10-05;hipo:2026-10-06;hipo:2026-10-07;hipo:2026-10-08;hipo:2026-10-09,,0,unreachable-dns,meiji.ac.jp,
Meiji Gakuin University,meijigakuin.ac.jp,university/college,2026-09-26,Inaccessible,hipo:2026-09-17;hipo:2026-09-18;hipo:2026-09-19;hipo:2026-09-20;hipo:2026-09-21;hipo:2026-09-22;hipo:2026-09-23;hipo:2026-09-24;hipo:2026-09-25;hipo:2026-09-26;hipo:2026-09-27;hipo:2026-09-28;hipo:2026-09-29;hipo:2026-09-30;hipo:2026-10-01;hipo:2026-10-02;hipo:2026-10-03;hipo:2026-10-04;hipo:2026-10-05;hipo:2026-10-06;hipo:2026-10-07;hipo:2026-10-08;hipo:2026-10-09,,0,unreachable-dns,meijigakuin.ac.jp,
Meijo University,meijo-u.ac.jp,university/college,2026-09-26,Inaccessible,hipo:2026-09-17;hipo:2026-09-18;hipo:2026-09-19;hipo:2026-09-20;hipo:2026-09-21;hipo:2026-09-22;hipo:2026-09-23;hipo:2026-09-24;hipo:2026-09-25;hipo:2026-09-26;hipo:2026-09-27;hipo:2026-09-28;hipo:2026-09-29;hipo:2026-09-30;hipo:2026-10-01;hipo:2026-10-02;hipo:2026-10-03;hipo:2026-10-04;hipo:2026-10-05;hipo:2026-10-06;hipo:2026-10-07;hipo:2026-10-08;hipo:2026-10-09,,0,unreachable-dns,meijo-u.ac.jp,
Meikai University,meikai.ac.jp,university/college,2026-09-26,Active,hipo:2026-09-17;hipo:2026-09-18;hipo:2026-09-19;hipo:2026-09-20;hipo:2026-09-21;hipo:2026-09-22;hipo:2026-09-23;hipo:2026-09-24;hipo:2026-09-25;hipo:2026-09-26;hipo:2026-09-27;hipo:2026-09-28;hipo:2026-09-29;hipo:2026-09-30;hipo:2026-10-01;hipo:2026-10-02;hipo:2026-10-03;hipo:2026-10-04;hipo:2026-10-05;hipo:2026-10-06;hipo:2026-10-07;hipo:2026-10-08;hipo:2026-10-09,,90,http-2xx-html+multi-source+edu-keywords+structure+substantial-content,meikai.ac.jp,ja
Meio University,meio-u.ac.jp,university/college,2026-09-26,Inaccessible,hipo:2026-09-17;hipo:2026-09-18;hipo:2026-09-19;hipo:2026-09-20;hipo:2026-09-21;hipo:2026-09-22;hipo:2026-09-23;hipo:2026-09-24;hipo:2026-09-25;hipo:2026-09-26;hipo:2026-09-27;hipo:2026-09-28;hipo:2026-09-29;hipo:2026-09-30;hipo:2026-10-01;hipo:2026-10-02;hipo:2026-10-03;hipo:2026-10-04;hipo:2026-10-05;hipo:2026-10-06;hipo:2026-10-07;hipo:2026-10-08;hipo:2026-10-09,,0,unreachable-dns,meio-u.ac.jp,
Meisei University,meisei-u.ac.jp,university/college,2026-09-26,Inaccessible,hipo:2026-09-17;hipo:2026-09-18;hipo:2026-09-19;hipo:2026-09-20;hipo:2026-09-21;hipo:2026-09-22;hipo:2026-09-23;hipo:2026-09-24;hipo:2026-09-25;hipo:2026-09-26;hipo:2026-09-27;hipo:2026-09-28;hipo:2026-09-29;hipo:2026-09-30;hipo:2026-10-01;hipo:2026-10-02;hipo:2026-10-03;hipo:2026-10-04;hipo:2026-10-05;hipo:2026-10-06;hipo:2026-10-07;hipo:2026-10-08;hipo:2026-10-09,,0,unreachable-dns,meisei-u.ac.jp,
Mejiro University,mejiro.ac.jp,university/college,2026-09-26,Inaccessible,hipo:2026-09-17;hipo:2026-09-18;hipo:2026-09-19;hipo:2026-09-20;hipo:2026-09-21;hipo:2026-09-22;hipo:2026-09-23;hipo:2026-09-24;hipo:2026-09-25;hipo:2026-09-26;hipo:2026-09-27;hipo:2026-09-28;hipo:2026-09-29;hipo:2026-09-30;hipo:2026-10-01;hipo:2026-10-02;hipo:2026-10-03;hipo:2026-10-04;hipo:2026-10-05;hipo:2026-10-06;hipo:2026-10-07;hipo:2026-10-08;hipo:2026-10-09,,0,unreachable-dns,mejiro.ac.jp,
Tokyo Metropolitan University of Health Sciences,metro-hs.ac.jp,university/college,2026-09-26,Inaccessible,hipo:2026-09-17;hipo:2026-09-18;hipo:2026-09-19;hipo:2026-09-20;hipo:2026-09-21;hipo:2026-09-22;hipo:2026-09-23;hipo:2026-09-24;hipo:2026-09-25;hipo:2026-09-26;hipo:2026-09-27;hipo:2026-09-28;hipo:2026-09-29;hipo:2026-09-30;hipo:2026-10-01;hipo:2026-10-02;hipo:2026-10-03;hipo:2026-10-04;hipo:2026-10-05;hipo:2026-10-06;hipo:2026-10-07;hipo:2026-10-08;hipo:2026-10-09,,0,unreachable-dns,metro-hs.ac.jp,
Tokyo Metropolitan University,metro-u.ac.jp,university/college,2026-09-26,Inaccessible,hipo:2026-09-17;hipo:2026-09-18;hipo:2026-09-19;hipo:2026-09-20;hipo:2026-09-21;hipo:2026-09-22;hipo:2026-09-23;hipo:2026-09-24;hipo:2026-09-25;hipo:2026-09-26;hipo:2026-09-27;hipo:2026-09-28;hipo:2026-09-29;hipo:2026-09-30;hipo:2026-10-01;hipo:2026-10-02;hipo:2026-10-03;hipo:2026-10-04;hipo:2026-10-05;hipo:2026-10-06;hipo:2026-10-07;hipo:2026-10-08;hipo:2026-10-09,,0,unreachable-dns,metro-u.ac.jp,
Miyagi Gakuin Women's College,mgu.ac.jp,university/college,2026-09-26,Inaccessible,hipo:2026-09-17;hipo:2026-09-18;hipo:2026-09-19;hipo:2026-09-20;hipo:2026-09-21;hipo:2026-09-22;hipo:2026-09-23;hipo:2026-09-24;hipo:2026-09-25;hipo:2026-09-26;hipo:2026-09-27;hipo:2026-09-28;hipo:2026-09-29;hipo:2026-09-30;hipo:2026-10-01;hipo:2026-10-02;hipo:2026-10-03;hipo:2026-10-04;hipo:2026-10-05;hipo:2026-10-06;hipo:2026-10-07;hipo:2026-10-08;hipo:2026-10-09,,0,fetch-error:ConnectTimeout,mgu.ac.jp,
Matsusaka University,mie-chukyo-u.ac.jp,university/college,2026-09-26,Inaccessible,hipo:2026-09-17;hipo:2026-09-18;hipo:2026-09-19;hipo:2026-09-20;hipo:2026-09-21;hipo:2026-09-22;hipo:2026-09-23;hipo:2026-09-24;hipo:2026-09-25;hipo:2026-09-26;hipo:2026-09-27;hipo:2026-09-28;hipo:2026-09-29;hipo:2026-09-30;hipo:2026-10-01;hipo:2026-10-02;hipo:2026-10-03;hipo:2026-10-04;hipo:2026-10-05;hipo:2026-10-06;hipo:2026-10-07;hipo:2026-10-08;hipo:2026-10-09,,0,unreachable-dns,mie-chukyo-u.ac.jp,
Mie University,mie-u.ac.jp,university/college,2026-09-26,Inaccessible,hipo:2026-09-17;hipo:2026-09-18;hipo:2026-09-19;hipo:2026-09-20;hipo:2026-09-21;hipo:2026-09-22;hipo:2026-09-23;hipo:2026-09-24;hipo:2026-09-25;hipo:2026-09-26;openalex:page69;hipo:2026-09-27;hipo:2026-09-28;hipo:2026-09-29;hipo:2026-09-30;hipo:2026-10-01;hipo:2026-10-02;hipo:2026-10-03;hipo:2026-10-04;hipo:2026-10-05;hipo:2026-10-06;hipo:2026-10-07;hipo:2026-10-08;hipo:2026-10-09,,0,fetch-error:ConnectTimeout,mie-u.ac.jp,
Mimasaka Women's College,mimasaka.ac.jp,university/college,2026-09-26,Inaccessible,hipo:2026-09-17;hipo:2026-09-18;hipo:2026-09-19;hipo:2026-09-20;hipo:2026-09-21;hipo:2026-09-22;hipo:2026-09-23;hipo:2026-09-24;hipo:2026-09-25;hipo:2026-09-26;hipo:2026-09-27;hipo:2026-09-28;hipo:2026-09-29;hipo:2026-09-30;hipo:2026-10-01;hipo:2026-10-02;hipo:2026-10-03;hipo:2026-10-04;hipo:2026-10-05;hipo:2026-10-06;hipo:2026-10-07;hipo:2026-10-08;hipo:2026-10-09,,0,fetch-error:SSLError,mimasaka.ac.jp,
Miyagi University of Education,miyakyo-u.ac.jp,university/college,2026-09-26,Inaccessible,hipo:2026-09-17;hipo:2026-09-18;hipo:2026-09-19;hipo:2026-09-20;hipo:2026-09-21;hipo:2026-09-22;hipo:2026-09-23;hipo:2026-09-24;hipo:2026-09-25;hipo:2026-09-26;hipo:2026-09-27;hipo:2026-09-28;hipo:2026-09-29;hipo:2026-09-30;hipo:2026-10-01;hipo:2026-10-02;hipo:2026-10-03;hipo:2026-10-04;hipo:2026-10-05;hipo:2026-10-06;hipo:2026-10-07;hipo:2026-10-08;hipo:2026-10-09,,0,unreachable-dns,miyakyo-u.ac.jp,
Sankei University,miyasankei-u.ac.jp,university/college,2026-09-26,Inaccessible,hipo:2026-09-17;hipo:2026-09-18;hipo:2026-09-19;hipo:2026-09-20;hipo:2026-09-21;hipo:2026-09-22;hipo:2026-09-23;hipo:2026-09-24;hipo:2026-09-25;hipo:2026-09-26;hipo:2026-09-27;hipo:2026-09-28;hipo:2026-09-29;hipo:2026-09-30;hipo:2026-10-01;hipo:2026-10-02;hipo:2026-10-03;hipo:2026-10-04;hipo:2026-10-05;hipo:2026-10-06;hipo:2026-10-07;hipo:2026-10-08;hipo:2026-10-09,,0,fetch-error:ConnectTimeout,miyasankei-u.ac.jp,
Miyazaki Medical College,miyazaki-med.ac.jp,university/college,2026-09-26,Inaccessible,hipo:2026-09-17;hipo:2026-09-18;hipo:2026-09-19;hipo:2026-09-20;hipo:2026-09-21;hipo:2026-09-22;hipo:2026-09-23;hipo:2026-09-24;hipo:2026-09-25;hipo:2026-09-26;hipo:2026-09-27;hipo:2026-09-28;hipo:2026-09-29;hipo:2026-09-30;hipo:2026-10-01;hipo:2026-10-02;hipo:2026-10-03;hipo:2026-10-04;hipo:2026-10-05;hipo:2026-10-06;hipo:2026-10-07;hipo:2026-10-08;hipo:2026-10-09,,0,unreachable-dns,miyazaki-med.ac.jp,
Miyazaki Municipal University,miyazaki-mu.ac.jp,university/college,2026-09-26,Inaccessible,hipo:2026-09-17;hipo:2026-09-18;hipo:2026-09-19;hipo:2026-09-20;hipo:2026-09-21;hipo:2026-09-22;hipo:2026-09-23;hipo:2026-09-24;hipo:2026-09-25;hipo:2026-09-26;hipo:2026-09-27;hipo:2026-09-28;hipo:2026-09-29;hipo:2026-09-30;hipo:2026-10-01;hipo:2026-10-02;hipo:2026-10-03;hipo:2026-10-04;hipo:2026-10-05;hipo:2026-10-06;hipo:2026-10-07;hipo:2026-10-08;hipo:2026-10-09,,0,unreachable-dns,miyazaki-mu.ac.jp,
Miyazaki University,miyazaki-u.ac.jp,university/college,2026-09-26,Inaccessible,hipo:2026-09-17;hipo:2026-09-18;hipo:2026-09-19;hipo:2026-09-20;hipo:2026-09-21;hipo:2026-09-22;hipo:2026-09-23;hipo:2026-09-24;hipo:2026-09-25;hipo:2026-09-26;hipo:2026-09-27;hipo:2026-09-28;hipo:2026-09-29;openalex:page82;hipo:2026-09-30;hipo:2026-10-01;hipo:2026-10-02;hipo:2026-10-03;hipo:2026-10-04;hipo:2026-10-05;hipo:2026-10-06;hipo:2026-10-07;hipo:2026-10-08;hipo:2026-10-09,,0,fetch-error:ConnectTimeout,miyazaki-u.ac.jp,
Morioka College,morioka-u.ac.jp,university/college,2026-09-26,Active,hipo:2026-09-17;hipo:2026-09-18;hipo:2026-09-19;hipo:2026-09-20;hipo:2026-09-21;hipo:2026-09-22;hipo:2026-09-23;hipo:2026-09-24;hipo:2026-09-25;hipo:2026-09-26;hipo:2026-09-27;hipo:2026-09-28;hipo:2026-09-29;hipo:2026-09-30;hipo:2026-10-01;hipo:2026-10-02;hipo:2026-10-03;hipo:2026-10-04;hipo:2026-10-05;hipo:2026-10-06;hipo:2026-10-07;hipo:2026-10-08;hipo:2026-10-09,,90,http-2xx-html+multi-source+edu-keywords+structure+substantial-content,morioka-u.ac.jp,ja
Miyazaki Prefectural Nursing University,mpu.ac.jp,university/college,2026-09-26,Inaccessible,hipo:2026-09-17;hipo:2026-09-18;hipo:2026-09-19;hipo:2026-09-20;hipo:2026-09-21;hipo:2026-09-22;hipo:2026-09-23;hipo:2026-09-24;hipo:2026-09-25;hipo:2026-09-26;hipo:2026-09-27;hipo:2026-09-28;hipo:2026-09-29;hipo:2026-09-30;hipo:2026-10-01;hipo:2026-10-02;hipo:2026-10-03;hipo:2026-10-04;hipo:2026-10-05;hipo:2026-10-06;hipo:2026-10-07;hipo:2026-10-08;hipo:2026-10-09,,0,unreachable-dns,mpu.ac.jp,
Mukogawa Women's University,mukogawa-u.ac.jp,university/college,2026-09-26,Inaccessible,hipo:2026-09-17;hipo:2026-09-18;hipo:2026-09-19;hipo:2026-09-20;hipo:2026-09-21;hipo:2026-09-22;hipo:2026-09-23;hipo:2026-09-24;hipo:2026-09-25;hipo:2026-09-26;hipo:2026-09-27;hipo:2026-09-28;hipo:2026-09-29;hipo:2026-09-30;hipo:2026-10-01;hipo:2026-10-02;hipo:2026-10-03;hipo:2026-10-04;hipo:2026-10-05;hipo:2026-10-06;hipo:2026-10-07;hipo:2026-10-08;hipo:2026-10-09,,0,unreachable-dns,mukogawa-u.ac.jp,
Muroran Institute of Technology,muroran-it.ac.jp,university/college,2026-09-26,Active,hipo:2026-09-17;hipo:2026-09-18;hipo:2026-09-19;hipo:2026-09-20;hipo:2026-09-21;hipo:2026-09-22;hipo:2026-09-23;hipo:2026-09-24;hipo:2026-09-25;hipo:2026-09-26;hipo:2026-09-27;hipo:2026-09-28;hipo:2026-09-29;hipo:2026-09-30;hipo:2026-10-01;hipo:2026-10-02;hipo:2026-10-03;hipo:2026-10-04;hipo:2026-10-05;hipo:2026-10-06;hipo:2026-10-07;hipo:2026-10-08;hipo:2026-10-09,,90,http-2xx-html+multi-source+edu-keywords+structure+substantial-content,muroran-it.ac.jp,
Musashino Art University,musabi.ac.jp,university/college,2026-09-26,Inaccessible,hipo:2026-09-17;hipo:2026-09-18;hipo:2026-09-19;hipo:2026-09-20;hipo:2026-09-21;hipo:2026-09-22;hipo:2026-09-23;hipo:2026-09-24;hipo:2026-09-25;hipo:2026-09-26;hipo:2026-09-27;hipo:2026-09-28;hipo:2026-09-29;hipo:2026-09-30;hipo:2026-10-01;hipo:2026-10-02;hipo:2026-10-03;hipo:2026-10-04;hipo:2026-10-05;hipo:2026-10-06;hipo:2026-10-07;hipo:2026-10-08;hipo:2026-10-09,,0,unreachable-dns,musabi.ac.jp,
Musashi Institute of Technology,musashi-tech.ac.jp,university/college,2026-09-26,Inaccessible,hipo:2026-09-17;hipo:2026-09-18;hipo:2026-09-19;hipo:2026-09-20;hipo:2026-09-21;hipo:2026-09-22;hipo:2026-09-23;hipo:2026-09-24;hipo:2026-09-25;hipo:2026-09-26;hipo:2026-09-27;hipo:2026-09-28;hipo:2026-09-29;hipo:2026-09-30;hipo:2026-10-01;hipo:2026-10-02;hipo:2026-10-03;hipo:2026-10-04;hipo:2026-10-05;hipo:2026-10-06;hipo:2026-10-07;hipo:2026-10-08;hipo:2026-10-09,,0,unreachable-dns,musashi-tech.ac.jp,
Musashi University,musashi.ac.jp,university/college,2026-09-26,Inaccessible,hipo:2026-09-17;hipo:2026-09-18;hipo:2026-09-19;hipo:2026-09-20;hipo:2026-09-21;hipo:2026-09-22;hipo:2026-09-23;hipo:2026-09-24;hipo:2026-09-25;hipo:2026-09-26;hipo:2026-09-27;hipo:2026-09-28;hipo:2026-09-29;hipo:2026-09-30;hipo:2026-10-01;hipo:2026-10-02;hipo:2026-10-03;hipo:2026-10-04;hipo:2026-10-05;hipo:2026-10-06;hipo:2026-10-07;hipo:2026-10-08;hipo:2026-10-09,,0,unreachable-dns,musashi.ac.jp,
Musashino Academy of Music,musashino-music.ac.jp,university/college,2026-09-26,Active,hipo:2026-09-17;hipo:2026-09-18;hipo:2026-09-19;hipo:2026-09-20;hipo:2026-09-21;hipo:2026-09-22;hipo:2026-09-23;hipo:2026-09-24;hipo:2026-09-25;hipo:2026-09-26;hipo:2026-09-27;hipo:2026-09-28;hipo:2026-09-29;hipo:2026-09-30;hipo:2026-10-01;hipo:2026-10-02;hipo:2026-10-03;hipo:2026-10-04;hipo:2026-10-05;hipo:2026-10-06;hipo:2026-10-07;hipo:2026-10-08;hipo:2026-10-09,,90,http-2xx-html+multi-source+edu-keywords+structure+substantial-content,musashino-music.ac.jp,ja
Musashino Women's University,musashino-wu.ac.jp,university/college,2026-09-26,Inaccessible,hipo:2026-09-17;hipo:2026-09-18;hipo:2026-09-19;hipo:2026-09-20;hipo:2026-09-21;hipo:2026-09-22;hipo:2026-09-23;hipo:2026-09-24;hipo:2026-09-25;hipo:2026-09-26;hipo:2026-09-27;hipo:2026-09-28;hipo:2026-09-29;hipo:2026-09-30;hipo:2026-10-01;hipo:2026-10-02;hipo:2026-10-03;hipo:2026-10-04;hipo:2026-10-05;hipo:2026-10-06;hipo:2026-10-07;hipo:2026-10-08;hipo:2026-10-09,,0,unreachable-dns,musashino-wu.ac.jp,
Meiji College of Pharmacy,my-pharm.ac.jp,university/college,2026-09-26,Inaccessible,hipo:2026-09-17;hipo:2026-09-18;hipo:2026-09-19;hipo:2026-09-20;hipo:2026-09-21;hipo:2026-09-22;hipo:2026-09-23;hipo:2026-09-24;hipo:2026-09-25;hipo:2026-09-26;hipo:2026-09-27;hipo:2026-09-28;hipo:2026-09-29;hipo:2026-09-30;hipo:2026-10-01;hipo:2026-10-02;hipo:2026-10-03;hipo:2026-10-04;hipo:2026-10-05;hipo:2026-10-06;hipo:2026-10-07;hipo:2026-10-08;hipo:2026-10-09,,0,fetch-error:ConnectTimeout,my-pharm.ac.jp,
Miyagi University,myu.ac.jp,university/college,2026-09-26,Inaccessible,hipo:2026-09-17;hipo:2026-09-18;hipo:2026-09-19;hipo:2026-09-20;hipo:2026-09-21;hipo:2026-09-22;hipo:2026-09-23;hipo:2026-09-24;hipo:2026-09-25;hipo:2026-09-26;hipo:2026-09-27;hipo:2026-09-28;hipo:2026-09-29;hipo:2026-09-30;hipo:2026-10-01;hipo:2026-10-02;hipo:2026-10-03;hipo:2026-10-04;hipo:2026-10-05;hipo:2026-10-06;hipo:2026-10-07;hipo:2026-10-08;hipo:2026-10-09,,0,unreachable-dns,myu.ac.jp,
Nihon Fukushi University,n-fukushi.ac.jp,university/college,2026-09-26,Inaccessible,hipo:2026-09-17;hipo:2026-09-18;hipo:2026-09-19;hipo:2026-09-20;hipo:2026-09-21;hipo:2026-09-22;hipo:2026-09-23;hipo:2026-09-24;hipo:2026-09-25;hipo:2026-09-26;hipo:2026-09-27;hipo:2026-09-28;hipo:2026-09-29;hipo:2026-09-30;hipo:2026-10-01;hipo:2026-10-02;hipo:2026-10-03;hipo:2026-10-04;hipo:2026-10-05;hipo:2026-10-06;hipo:2026-10-07;hipo:2026-10-08;hipo:2026-10-09,,0,unreachable-dns,n-fukushi.ac.jp,
Nagano College of Nursing,nagano-nurs.ac.jp,university/college,2026-09-22,Active,ror:api-p7,,60,http-2xx-html+edu-keywords+structure+substantial-content,nagano-nurs.ac.jp,ja
Nagano University,nagano.ac.jp,university/college,2026-09-26,Inaccessible,hipo:2026-09-17;hipo:2026-09-18;hipo:2026-09-19;hipo:2026-09-20;hipo:2026-09-21;hipo:2026-09-22;hipo:2026-09-23;hipo:2026-09-24;hipo:2026-09-25;hipo:2026-09-26;hipo:2026-09-27;hipo:2026-09-28;hipo:2026-09-29;hipo:2026-09-30;hipo:2026-10-01;hipo:2026-10-02;hipo:2026-10-03;hipo:2026-10-04;hipo:2026-10-05;hipo:2026-10-06;hipo:2026-10-07;hipo:2026-10-08;hipo:2026-10-09,,0,unreachable-dns,nagano.ac.jp,
Nagaoka University of Technology,nagaokaut.ac.jp,university/college,2026-09-26,Inaccessible,hipo:2026-09-17;hipo:2026-09-18;hipo:2026-09-19;hipo:2026-09-20;hipo:2026-09-21;hipo:2026-09-22;hipo:2026-09-23;hipo:2026-09-24;hipo:2026-09-25;hipo:2026-09-26;hipo:2026-09-27;hipo:2026-09-28;hipo:2026-09-29;hipo:2026-09-30;hipo:2026-10-01;hipo:2026-10-02;deqar:2026-10-02;hipo:2026-10-03;openalex:page103;hipo:2026-10-04;hipo:2026-10-05;hipo:2026-10-06;hipo:2026-10-07;hipo:2026-10-08;hipo:2026-10-09,,0,unreachable-dns,nagaokaut.ac.jp,
Nagasaki University,nagasaki-u.ac.jp,university/college,2026-09-26,Inaccessible,hipo:2026-09-17;hipo:2026-09-18;hipo:2026-09-19;hipo:2026-09-20;hipo:2026-09-21;hipo:2026-09-22;openalex:page48;hipo:2026-09-23;hipo:2026-09-24;hipo:2026-09-25;hipo:2026-09-26;hipo:2026-09-27;hipo:2026-09-28;hipo:2026-09-29;hipo:2026-09-30;hipo:2026-10-01;hipo:2026-10-02;hipo:2026-10-03;hipo:2026-10-04;hipo:2026-10-05;hipo:2026-10-06;hipo:2026-10-07;hipo:2026-10-08;hipo:2026-10-09,,0,unreachable-dns,nagasaki-u.ac.jp,
Nagasaki Prefectural University,nagasakipu.ac.jp,university/college,2026-09-26,Inaccessible,hipo:2026-09-17;hipo:2026-09-18;hipo:2026-09-19;hipo:2026-09-20;hipo:2026-09-21;hipo:2026-09-22;hipo:2026-09-23;hipo:2026-09-24;hipo:2026-09-25;hipo:2026-09-26;hipo:2026-09-27;hipo:2026-09-28;hipo:2026-09-29;hipo:2026-09-30;hipo:2026-10-01;hipo:2026-10-02;hipo:2026-10-03;hipo:2026-10-04;hipo:2026-10-05;hipo:2026-10-06;hipo:2026-10-07;hipo:2026-10-08;hipo:2026-10-09,,0,unreachable-dns,nagasakipu.ac.jp,
Nagoya City University,nagoya-cu.ac.jp,university/college,2026-09-26,Active,hipo:2026-09-17;hipo:2026-09-18;hipo:2026-09-19;hipo:2026-09-20;hipo:2026-09-21;hipo:2026-09-22;hipo:2026-09-23;hipo:2026-09-24;hipo:2026-09-25;hipo:2026-09-26;hipo:2026-09-27;openalex:page76;hipo:2026-09-28;hipo:2026-09-29;hipo:2026-09-30;hipo:2026-10-01;hipo:2026-10-02;hipo:2026-10-03;hipo:2026-10-04;hipo:2026-10-05;hipo:2026-10-06;hipo:2026-10-07;hipo:2026-10-08;hipo:2026-10-09,,90,http-2xx-html+multi-source+edu-keywords+structure+substantial-content,nagoya-cu.ac.jp,ja
Nagoya Economics University,nagoya-ku.ac.jp,university/college,2026-09-26,Active,hipo:2026-09-17;hipo:2026-09-18;hipo:2026-09-19;hipo:2026-09-20;hipo:2026-09-21;hipo:2026-09-22;hipo:2026-09-23;hipo:2026-09-24;hipo:2026-09-25;hipo:2026-09-26;hipo:2026-09-27;hipo:2026-09-28;hipo:2026-09-29;hipo:2026-09-30;hipo:2026-10-01;hipo:2026-10-02;hipo:2026-10-03;hipo:2026-10-04;hipo:2026-10-05;hipo:2026-10-06;hipo:2026-10-07;hipo:2026-10-08;hipo:2026-10-09,,90,http-2xx-html+multi-source+edu-keywords+trusted-suffix+substantial-content,nagoya-ku.ac.jp,
Nagoya University,nagoya-u.ac.jp,university/college,2026-09-26,Inaccessible,hipo:2026-09-17;hipo:2026-09-18;hipo:2026-09-19;hipo:2026-09-20;hipo:2026-09-21;hipo:2026-09-22;hipo:2026-09-23;hipo:2026-09-24;hipo:2026-09-25;hipo:2026-09-26;hipo:2026-09-27;hipo:2026-09-28;hipo:2026-09-29;hipo:2026-09-30;hipo:2026-10-01;hipo:2026-10-02;hipo:2026-10-03;hipo:2026-10-04;hipo:2026-10-05;hipo:2026-10-06;hipo:2026-10-07;hipo:2026-10-08;hipo:2026-10-09,,0,unreachable-dns,nagoya-u.ac.jp,
Nagoya Women's University,nagoya-wu.ac.jp,university/college,2026-09-26,Inaccessible,hipo:2026-09-17;hipo:2026-09-18;hipo:2026-09-19;hipo:2026-09-20;hipo:2026-09-21;hipo:2026-09-22;hipo:2026-09-23;hipo:2026-09-24;hipo:2026-09-25;hipo:2026-09-26;hipo:2026-09-27;hipo:2026-09-28;hipo:2026-09-29;hipo:2026-09-30;hipo:2026-10-01;hipo:2026-10-02;hipo:2026-10-03;hipo:2026-10-04;hipo:2026-10-05;hipo:2026-10-06;hipo:2026-10-07;hipo:2026-10-08;hipo:2026-10-09,,0,unreachable-dns,nagoya-wu.ac.jp,
Nakamura Gakuen University,nakamura-u.ac.jp,university/college,2026-09-26,Inaccessible,hipo:2026-09-17;hipo:2026-09-18;hipo:2026-09-19;hipo:2026-09-20;hipo:2026-09-21;hipo:2026-09-22;hipo:2026-09-23;hipo:2026-09-24;hipo:2026-09-25;hipo:2026-09-26;hipo:2026-09-27;hipo:2026-09-28;hipo:2026-09-29;hipo:2026-09-30;hipo:2026-10-01;hipo:2026-10-02;hipo:2026-10-03;hipo:2026-10-04;hipo:2026-10-05;hipo:2026-10-06;hipo:2026-10-07;hipo:2026-10-08;hipo:2026-10-09,,0,unreachable-dns,nakamura-u.ac.jp,
Minamikyushu University,nankyudai.ac.jp,university/college,2026-09-26,Active,hipo:2026-09-17;hipo:2026-09-18;hipo:2026-09-19;hipo:2026-09-20;hipo:2026-09-21;hipo:2026-09-22;hipo:2026-09-23;hipo:2026-09-24;hipo:2026-09-25;hipo:2026-09-26;hipo:2026-09-27;hipo:2026-09-28;hipo:2026-09-29;hipo:2026-09-30;hipo:2026-10-01;hipo:2026-10-02;hipo:2026-10-03;hipo:2026-10-04;hipo:2026-10-05;hipo:2026-10-06;hipo:2026-10-07;hipo:2026-10-08;hipo:2026-10-09,,90,http-2xx-html+multi-source+edu-keywords+structure+substantial-content,nankyudai.ac.jp,ja
Nanzan University,nanzan-u.ac.jp,university/college,2026-09-26,Inaccessible,hipo:2026-09-17;hipo:2026-09-18;hipo:2026-09-19;hipo:2026-09-20;hipo:2026-09-21;hipo:2026-09-22;hipo:2026-09-23;hipo:2026-09-24;hipo:2026-09-25;hipo:2026-09-26;hipo:2026-09-27;hipo:2026-09-28;hipo:2026-09-29;hipo:2026-09-30;hipo:2026-10-01;hipo:2026-10-02;hipo:2026-10-03;hipo:2026-10-04;hipo:2026-10-05;hipo:2026-10-06;hipo:2026-10-07;hipo:2026-10-08;hipo:2026-10-09,,0,unreachable-dns,nanzan-u.ac.jp,
Nara University of Education,nara-edu.ac.jp,university/college,2026-09-26,Inaccessible,hipo:2026-09-17;hipo:2026-09-18;hipo:2026-09-19;hipo:2026-09-20;hipo:2026-09-21;hipo:2026-09-22;hipo:2026-09-23;hipo:2026-09-24;hipo:2026-09-25;hipo:2026-09-26;hipo:2026-09-27;hipo:2026-09-28;hipo:2026-09-29;hipo:2026-09-30;hipo:2026-10-01;hipo:2026-10-02;hipo:2026-10-03;hipo:2026-10-04;hipo:2026-10-05;hipo:2026-10-06;hipo:2026-10-07;hipo:2026-10-08;hipo:2026-10-09,,0,unreachable-dns,nara-edu.ac.jp,
Nara Sangyo University,nara-su.ac.jp,university/college,2026-09-26,Inaccessible,hipo:2026-09-17;hipo:2026-09-18;hipo:2026-09-19;hipo:2026-09-20;hipo:2026-09-21;hipo:2026-09-22;hipo:2026-09-23;hipo:2026-09-24;hipo:2026-09-25;hipo:2026-09-26;hipo:2026-09-27;hipo:2026-09-28;hipo:2026-09-29;hipo:2026-09-30;hipo:2026-10-01;hipo:2026-10-02;hipo:2026-10-03;hipo:2026-10-04;hipo:2026-10-05;hipo:2026-10-06;hipo:2026-10-07;hipo:2026-10-08;hipo:2026-10-09,,0,unreachable-dns,nara-su.ac.jp,
Nara University,nara-u.ac.jp,university/college,2026-09-26,Active,hipo:2026-09-17;hipo:2026-09-18;hipo:2026-09-19;hipo:2026-09-20;hipo:2026-09-21;hipo:2026-09-22;hipo:2026-09-23;hipo:2026-09-24;hipo:2026-09-25;hipo:2026-09-26;hipo:2026-09-27;hipo:2026-09-28;hipo:2026-09-29;hipo:2026-09-30;hipo:2026-10-01;hipo:2026-10-02;hipo:2026-10-03;hipo:2026-10-04;hipo:2026-10-05;hipo:2026-10-06;hipo:2026-10-07;hipo:2026-10-08;hipo:2026-10-09,,90,http-2xx-html+multi-source+edu-keywords+structure+substantial-content,nara-u.ac.jp,ja
Nara Women's University,nara-wu.ac.jp,university/college,2026-09-26,Inaccessible,hipo:2026-09-17;hipo:2026-09-18;hipo:2026-09-19;hipo:2026-09-20;hipo:2026-09-21;hipo:2026-09-22;hipo:2026-09-23;hipo:2026-09-24;hipo:2026-09-25;hipo:2026-09-26;hipo:2026-09-27;hipo:2026-09-28;hipo:2026-09-29;hipo:2026-09-30;hipo:2026-10-01;hipo:2026-10-02;hipo:2026-10-03;hipo:2026-10-04;hipo:2026-10-05;hipo:2026-10-06;hipo:2026-10-07;hipo:2026-10-08;hipo:2026-10-09,,0,unreachable-dns,nara-wu.ac.jp,
Nara Medical University,naramed-u.ac.jp,university/college,2026-09-26,Active,hipo:2026-09-17;hipo:2026-09-18;hipo:2026-09-19;hipo:2026-09-20;hipo:2026-09-21;hipo:2026-09-22;hipo:2026-09-23;hipo:2026-09-24;hipo:2026-09-25;hipo:2026-09-26;hipo:2026-09-27;hipo:2026-09-28;hipo:2026-09-29;hipo:2026-09-30;hipo:2026-10-01;hipo:2026-10-02;hipo:2026-10-03;openalex:page99;hipo:2026-10-04;hipo:2026-10-05;hipo:2026-10-06;hipo:2026-10-07;hipo:2026-10-08;hipo:2026-10-09,,90,http-2xx-html+multi-source+edu-keywords+structure+substantial-content,naramed-u.ac.jp,ja
Nara University of Commerce,narauc.ac.jp,university/college,2026-09-26,Inaccessible,hipo:2026-09-17;hipo:2026-09-18;hipo:2026-09-19;hipo:2026-09-20;hipo:2026-09-21;hipo:2026-09-22;hipo:2026-09-23;hipo:2026-09-24;hipo:2026-09-25;hipo:2026-09-26;hipo:2026-09-27;hipo:2026-09-28;hipo:2026-09-29;hipo:2026-09-30;hipo:2026-10-01;hipo:2026-10-02;hipo:2026-10-03;hipo:2026-10-04;hipo:2026-10-05;hipo:2026-10-06;hipo:2026-10-07;hipo:2026-10-08;hipo:2026-10-09,,0,unreachable-dns,narauc.ac.jp,
Naruto University of Education,naruto-u.ac.jp,university/college,2026-09-26,Inaccessible,hipo:2026-09-17;hipo:2026-09-18;hipo:2026-09-19;hipo:2026-09-20;hipo:2026-09-21;hipo:2026-09-22;hipo:2026-09-23;hipo:2026-09-24;hipo:2026-09-25;wikidata:P856;hipo:2026-09-26;hipo:2026-09-27;hipo:2026-09-28;hipo:2026-09-29;hipo:2026-09-30;hipo:2026-10-01;ror:api-p96;hipo:2026-10-02;hipo:2026-10-03;hipo:2026-10-04;hipo:2026-10-05;hipo:2026-10-06;hipo:2026-10-07;hipo:2026-10-08;hipo:2026-10-09,,0,unreachable-dns,naruto-u.ac.jp,
Nippon Bunri University,nbu.ac.jp,university/college,2026-09-26,Active,hipo:2026-09-17;hipo:2026-09-18;hipo:2026-09-19;hipo:2026-09-20;hipo:2026-09-21;hipo:2026-09-22;hipo:2026-09-23;hipo:2026-09-24;hipo:2026-09-25;hipo:2026-09-26;hipo:2026-09-27;hipo:2026-09-28;hipo:2026-09-29;hipo:2026-09-30;hipo:2026-10-01;hipo:2026-10-02;hipo:2026-10-03;hipo:2026-10-04;hipo:2026-10-05;hipo:2026-10-06;hipo:2026-10-07;hipo:2026-10-08;hipo:2026-10-09,,90,http-2xx-html+multi-source+edu-keywords+structure+substantial-content,nbu.ac.jp,ja
National Defence Medical College,ndmc.ac.jp,university/college,2026-09-26,Inaccessible,hipo:2026-09-17;hipo:2026-09-18;hipo:2026-09-19;hipo:2026-09-20;hipo:2026-09-21;hipo:2026-09-22;hipo:2026-09-23;hipo:2026-09-24;hipo:2026-09-25;hipo:2026-09-26;hipo:2026-09-27;hipo:2026-09-28;hipo:2026-09-29;hipo:2026-09-30;hipo:2026-10-01;hipo:2026-10-02;hipo:2026-10-03;hipo:2026-10-04;hipo:2026-10-05;hipo:2026-10-06;hipo:2026-10-07;hipo:2026-10-08;hipo:2026-10-09,,0,unreachable-dns,ndmc.ac.jp,
Nortre Dame Seishin University,ndsu.ac.jp,university/college,2026-09-26,Inaccessible,hipo:2026-09-17;hipo:2026-09-18;hipo:2026-09-19;hipo:2026-09-20;hipo:2026-09-21;hipo:2026-09-22;hipo:2026-09-23;hipo:2026-09-24;hipo:2026-09-25;hipo:2026-09-26;hipo:2026-09-27;hipo:2026-09-28;hipo:2026-09-29;hipo:2026-09-30;hipo:2026-10-01;hipo:2026-10-02;hipo:2026-10-03;hipo:2026-10-04;hipo:2026-10-05;hipo:2026-10-06;hipo:2026-10-07;hipo:2026-10-08;hipo:2026-10-09,,0,unreachable-dns,ndsu.ac.jp,
Nippon Dental University,ndu.ac.jp,university/college,2026-09-26,Inaccessible,hipo:2026-09-17;hipo:2026-09-18;hipo:2026-09-19;hipo:2026-09-20;hipo:2026-09-21;hipo:2026-09-22;hipo:2026-09-23;hipo:2026-09-24;hipo:2026-09-25;hipo:2026-09-26;hipo:2026-09-27;hipo:2026-09-28;hipo:2026-09-29;hipo:2026-09-30;hipo:2026-10-01;hipo:2026-10-02;hipo:2026-10-03;hipo:2026-10-04;hipo:2026-10-05;hipo:2026-10-06;hipo:2026-10-07;hipo:2026-10-08;hipo:2026-10-09,,0,unreachable-dns,ndu.ac.jp,
Aomori Public College,nebuta.ac.jp,university/college,2026-09-26,Inaccessible,hipo:2026-09-17;hipo:2026-09-18;hipo:2026-09-19;hipo:2026-09-20;hipo:2026-09-21;hipo:2026-09-22;hipo:2026-09-23;hipo:2026-09-24;hipo:2026-09-25;hipo:2026-09-26;hipo:2026-09-27;hipo:2026-09-28;hipo:2026-09-29;hipo:2026-09-30;hipo:2026-10-01;hipo:2026-10-02;hipo:2026-10-03;hipo:2026-10-04;hipo:2026-10-05;hipo:2026-10-06;hipo:2026-10-07;hipo:2026-10-08;hipo:2026-10-09,,0,fetch-error:ConnectTimeout,nebuta.ac.jp,
Nagoya Gakuin University,ngu.ac.jp,university/college,2026-09-26,Inaccessible,hipo:2026-09-17;hipo:2026-09-18;hipo:2026-09-19;hipo:2026-09-20;hipo:2026-09-21;hipo:2026-09-22;hipo:2026-09-23;hipo:2026-09-24;hipo:2026-09-25;hipo:2026-09-26;hipo:2026-09-27;hipo:2026-09-28;hipo:2026-09-29;hipo:2026-09-30;hipo:2026-10-01;hipo:2026-10-02;hipo:2026-10-03;hipo:2026-10-04;hipo:2026-10-05;hipo:2026-10-06;hipo:2026-10-07;hipo:2026-10-08;hipo:2026-10-09,,0,unreachable-dns,ngu.ac.jp,
Nagasaki Institute of Applied Science,nias.ac.jp,university/college,2026-09-26,Active,hipo:2026-09-17;hipo:2026-09-18;hipo:2026-09-19;hipo:2026-09-20;hipo:2026-09-21;hipo:2026-09-22;hipo:2026-09-23;hipo:2026-09-24;hipo:2026-09-25;hipo:2026-09-26;hipo:2026-09-27;hipo:2026-09-28;hipo:2026-09-29;hipo:2026-09-30;hipo:2026-10-01;hipo:2026-10-02;hipo:2026-10-03;hipo:2026-10-04;hipo:2026-10-05;hipo:2026-10-06;hipo:2026-10-07;hipo:2026-10-08;hipo:2026-10-09,,90,http-2xx-html+multi-source+edu-keywords+structure+substantial-content,nias.ac.jp,ja
National Institute of Fitness and Sports Kanoya,nifs-k.ac.jp,university/college,2026-09-26,Inaccessible,hipo:2026-09-17;hipo:2026-09-18;hipo:2026-09-19;hipo:2026-09-20;hipo:2026-09-21;hipo:2026-09-22;hipo:2026-09-23;hipo:2026-09-24;hipo:2026-09-25;hipo:2026-09-26;hipo:2026-09-27;hipo:2026-09-28;hipo:2026-09-29;hipo:2026-09-30;hipo:2026-10-01;hipo:2026-10-02;hipo:2026-10-03;hipo:2026-10-04;hipo:2026-10-05;hipo:2026-10-06;hipo:2026-10-07;hipo:2026-10-08;hipo:2026-10-09,,0,unreachable-dns,nifs-k.ac.jp,
Nihon University,nihon-u.ac.jp,university/college,2026-09-26,Active,hipo:2026-09-17;hipo:2026-09-18;hipo:2026-09-19;hipo:2026-09-20;hipo:2026-09-21;hipo:2026-09-22;hipo:2026-09-23;hipo:2026-09-24;hipo:2026-09-25;hipo:2026-09-26;hipo:2026-09-27;hipo:2026-09-28;hipo:2026-09-29;hipo:2026-09-30;hipo:2026-10-01;hipo:2026-10-02;hipo:2026-10-03;hipo:2026-10-04;hipo:2026-10-05;hipo:2026-10-06;hipo:2026-10-07;hipo:2026-10-08;hipo:2026-10-09,,80,http-2xx-html+multi-source+edu-keywords+trusted-suffix,nihon-u.ac.jp,ja
Niigata College of Pharmacy,niigata-pharm.ac.jp,university/college,2026-09-26,Inaccessible,hipo:2026-09-17;hipo:2026-09-18;hipo:2026-09-19;hipo:2026-09-20;hipo:2026-09-21;hipo:2026-09-22;hipo:2026-09-23;hipo:2026-09-24;hipo:2026-09-25;hipo:2026-09-26;hipo:2026-09-27;hipo:2026-09-28;hipo:2026-09-29;hipo:2026-09-30;hipo:2026-10-01;hipo:2026-10-02;hipo:2026-10-03;hipo:2026-10-04;hipo:2026-10-05;hipo:2026-10-06;hipo:2026-10-07;hipo:2026-10-08;hipo:2026-10-09,,0,unreachable-dns,niigata-pharm.ac.jp,
Niigata University,niigata-u.ac.jp,university/college,2026-09-26,Inaccessible,hipo:2026-09-17;hipo:2026-09-18;hipo:2026-09-19;hipo:2026-09-20;hipo:2026-09-21;hipo:2026-09-22;hipo:2026-09-23;hipo:2026-09-24;hipo:2026-09-25;hipo:2026-09-26;hipo:2026-09-27;hipo:2026-09-28;hipo:2026-09-29;hipo:2026-09-30;hipo:2026-10-01;hipo:2026-10-02;hipo:2026-10-03;hipo:2026-10-04;hipo:2026-10-05;hipo:2026-10-06;hipo:2026-10-07;hipo:2026-10-08;hipo:2026-10-09,,0,fetch-error:ConnectTimeout,niigata-u.ac.jp,
Niigata University of Management,niigataum.ac.jp,university/college,2026-09-26,Active,hipo:2026-09-17;hipo:2026-09-18;hipo:2026-09-19;hipo:2026-09-20;hipo:2026-09-21;hipo:2026-09-22;hipo:2026-09-23;hipo:2026-09-24;hipo:2026-09-25;hipo:2026-09-26;hipo:2026-09-27;hipo:2026-09-28;hipo:2026-09-29;hipo:2026-09-30;hipo:2026-10-01;hipo:2026-10-02;hipo:2026-10-03;hipo:2026-10-04;hipo:2026-10-05;hipo:2026-10-06;hipo:2026-10-07;hipo:2026-10-08;hipo:2026-10-09,,80,http-2xx-html+multi-source+edu-keywords+structure,niigataum.ac.jp,ja
Nishinippon Institute of Technology,nishitech.ac.jp,university/college,2026-09-26,Inaccessible,hipo:2026-09-17;hipo:2026-09-18;hipo:2026-09-19;hipo:2026-09-20;hipo:2026-09-21;hipo:2026-09-22;hipo:2026-09-23;hipo:2026-09-24;hipo:2026-09-25;hipo:2026-09-26;hipo:2026-09-27;hipo:2026-09-28;hipo:2026-09-29;hipo:2026-09-30;hipo:2026-10-01;hipo:2026-10-02;hipo:2026-10-03;hipo:2026-10-04;hipo:2026-10-05;hipo:2026-10-06;hipo:2026-10-07;hipo:2026-10-08;hipo:2026-10-09,,0,fetch-error:ConnectTimeout,nishitech.ac.jp,
Nisho Gakusha University,nishogakusha-u.ac.jp,university/college,2026-09-26,Inaccessible,hipo:2026-09-17;hipo:2026-09-18;hipo:2026-09-19;hipo:2026-09-20;hipo:2026-09-21;hipo:2026-09-22;hipo:2026-09-23;hipo:2026-09-24;hipo:2026-09-25;hipo:2026-09-26;hipo:2026-09-27;hipo:2026-09-28;hipo:2026-09-29;hipo:2026-09-30;hipo:2026-10-01;hipo:2026-10-02;hipo:2026-10-03;hipo:2026-10-04;hipo:2026-10-05;hipo:2026-10-06;hipo:2026-10-07;hipo:2026-10-08;hipo:2026-10-09,,0,unreachable-dns,nishogakusha-u.ac.jp,
Nishikyushu University,nisikyu-u.ac.jp,university/college,2026-09-26,Active,hipo:2026-09-17;hipo:2026-09-18;hipo:2026-09-19;hipo:2026-09-20;hipo:2026-09-21;hipo:2026-09-22;hipo:2026-09-23;hipo:2026-09-24;hipo:2026-09-25;hipo:2026-09-26;hipo:2026-09-27;hipo:2026-09-28;hipo:2026-09-29;hipo:2026-09-30;hipo:2026-10-01;hipo:2026-10-02;hipo:2026-10-03;hipo:2026-10-04;hipo:2026-10-05;hipo:2026-10-06;hipo:2026-10-07;hipo:2026-10-08;hipo:2026-10-09,,90,http-2xx-html+multi-source+edu-keywords+trusted-suffix+substantial-content,nisikyu-u.ac.jp,ja
Nippon Institute of Technology,nit.ac.jp,university/college,2026-09-26,Inaccessible,hipo:2026-09-17;hipo:2026-09-18;hipo:2026-09-19;hipo:2026-09-20;hipo:2026-09-21;hipo:2026-09-22;hipo:2026-09-23;hipo:2026-09-24;hipo:2026-09-25;hipo:2026-09-26;hipo:2026-09-27;hipo:2026-09-28;hipo:2026-09-29;hipo:2026-09-30;hipo:2026-10-01;hipo:2026-10-02;hipo:2026-10-03;hipo:2026-10-04;hipo:2026-10-05;hipo:2026-10-06;hipo:2026-10-07;hipo:2026-10-08;hipo:2026-10-09,,0,unreachable-dns,nit.ac.jp,
Nagoya Institute of Technology,nitech.ac.jp,university/college,2026-09-26,Inaccessible,hipo:2026-09-17;hipo:2026-09-18;hipo:2026-09-19;hipo:2026-09-20;hipo:2026-09-21;hipo:2026-09-22;hipo:2026-09-23;hipo:2026-09-24;hipo:2026-09-25;hipo:2026-09-26;openalex:page71;hipo:2026-09-27;hipo:2026-09-28;hipo:2026-09-29;hipo:2026-09-30;hipo:2026-10-01;hipo:2026-10-02;hipo:2026-10-03;hipo:2026-10-04;hipo:2026-10-05;hipo:2026-10-06;hipo:2026-10-07;hipo:2026-10-08;hipo:2026-10-09,,0,unreachable-dns,nitech.ac.jp,
Nippon Sport Science University,nittai.ac.jp,university/college,2026-09-26,Inaccessible,hipo:2026-09-17;hipo:2026-09-18;hipo:2026-09-19;hipo:2026-09-20;hipo:2026-09-21;hipo:2026-09-22;hipo:2026-09-23;hipo:2026-09-24;hipo:2026-09-25;hipo:2026-09-26;hipo:2026-09-27;hipo:2026-09-28;hipo:2026-09-29;hipo:2026-09-30;hipo:2026-10-01;hipo:2026-10-02;hipo:2026-10-03;hipo:2026-10-04;hipo:2026-10-05;hipo:2026-10-06;hipo:2026-10-07;hipo:2026-10-08;hipo:2026-10-09,,0,unreachable-dns,nittai.ac.jp,
Nippon Medical School,nms.ac.jp,university/college,2026-09-26,Inaccessible,hipo:2026-09-17;hipo:2026-09-18;hipo:2026-09-19;hipo:2026-09-20;hipo:2026-09-21;hipo:2026-09-22;hipo:2026-09-23;hipo:2026-09-24;hipo:2026-09-25;hipo:2026-09-26;hipo:2026-09-27;hipo:2026-09-28;hipo:2026-09-29;hipo:2026-09-30;hipo:2026-10-01;hipo:2026-10-02;hipo:2026-10-03;hipo:2026-10-04;hipo:2026-10-05;hipo:2026-10-06;hipo:2026-10-07;hipo:2026-10-08;hipo:2026-10-09,,0,unreachable-dns,nms.ac.jp,
Tokyo University of Agriculture,nodai.ac.jp,university/college,2026-09-26,Inaccessible,hipo:2026-09-17;hipo:2026-09-18;hipo:2026-09-19;hipo:2026-09-20;hipo:2026-09-21;hipo:2026-09-22;hipo:2026-09-23;hipo:2026-09-24;hipo:2026-09-25;hipo:2026-09-26;hipo:2026-09-27;hipo:2026-09-28;hipo:2026-09-29;hipo:2026-09-30;hipo:2026-10-01;hipo:2026-10-02;hipo:2026-10-03;hipo:2026-10-04;hipo:2026-10-05;hipo:2026-10-06;hipo:2026-10-07;hipo:2026-10-08;hipo:2026-10-09,,0,unreachable-dns,nodai.ac.jp,
Kyoto Notre Dame University,notredame.ac.jp,university/college,2026-09-26,Inaccessible,hipo:2026-09-17;hipo:2026-09-18;hipo:2026-09-19;hipo:2026-09-20;hipo:2026-09-21;hipo:2026-09-22;hipo:2026-09-23;hipo:2026-09-24;hipo:2026-09-25;hipo:2026-09-26;hipo:2026-09-27;hipo:2026-09-28;hipo:2026-09-29;hipo:2026-09-30;hipo:2026-10-01;hipo:2026-10-02;hipo:2026-10-03;hipo:2026-10-04;hipo:2026-10-05;hipo:2026-10-06;hipo:2026-10-07;hipo:2026-10-08;hipo:2026-10-09,,0,unreachable-dns,notredame.ac.jp,
Niigata Sangyo University,nsu.ac.jp,university/college,2026-09-26,Active,hipo:2026-09-17;hipo:2026-09-18;hipo:2026-09-19;hipo:2026-09-20;hipo:2026-09-21;hipo:2026-09-22;hipo:2026-09-23;hipo:2026-09-24;hipo:2026-09-25;hipo:2026-09-26;hipo:2026-09-27;hipo:2026-09-28;hipo:2026-09-29;hipo:2026-09-30;hipo:2026-10-01;hipo:2026-10-02;hipo:2026-10-03;hipo:2026-10-04;hipo:2026-10-05;hipo:2026-10-06;hipo:2026-10-07;hipo:2026-10-08;hipo:2026-10-09,,90,http-2xx-html+multi-source+edu-keywords+structure+substantial-content,nsu.ac.jp,ja
Teikyo University of Science and Technology,ntu.ac.jp,university/college,2026-09-26,Inaccessible,hipo:2026-09-17;hipo:2026-09-18;hipo:2026-09-19;hipo:2026-09-20;hipo:2026-09-21;hipo:2026-09-22;hipo:2026-09-23;hipo:2026-09-24;hipo:2026-09-25;hipo:2026-09-26;hipo:2026-09-27;hipo:2026-09-28;hipo:2026-09-29;hipo:2026-09-30;hipo:2026-10-01;hipo:2026-10-02;hipo:2026-10-03;hipo:2026-10-04;hipo:2026-10-05;hipo:2026-10-06;hipo:2026-10-07;hipo:2026-10-08;hipo:2026-10-09,,0,unreachable-dns,ntu.ac.jp,
Nagoya University of Arts,nua.ac.jp,university/college,2026-09-26,Inaccessible,hipo:2026-09-17;hipo:2026-09-18;hipo:2026-09-19;hipo:2026-09-20;hipo:2026-09-21;hipo:2026-09-22;hipo:2026-09-23;hipo:2026-09-24;hipo:2026-09-25;hipo:2026-09-26;hipo:2026-09-27;hipo:2026-09-28;hipo:2026-09-29;hipo:2026-09-30;hipo:2026-10-01;hipo:2026-10-02;hipo:2026-10-03;hipo:2026-10-04;hipo:2026-10-05;hipo:2026-10-06;hipo:2026-10-07;hipo:2026-10-08;hipo:2026-10-09,,0,unreachable-dns,nua.ac.jp,
Nagoya University of Commerce and Business Administration,nucba.ac.jp,university/college,2026-09-26,Inaccessible,hipo:2026-09-17;hipo:2026-09-18;hipo:2026-09-19;hipo:2026-09-20;hipo:2026-09-21;hipo:2026-09-22;hipo:2026-09-23;hipo:2026-09-24;hipo:2026-09-25;hipo:2026-09-26;hipo:2026-09-27;hipo:2026-09-28;hipo:2026-09-29;hipo:2026-09-30;hipo:2026-10-01;hipo:2026-10-02;hipo:2026-10-03;hipo:2026-10-04;hipo:2026-10-05;hipo:2026-10-06;hipo:2026-10-07;hipo:2026-10-08;hipo:2026-10-09,,0,fetch-error:ConnectTimeout,nucba.ac.jp,
Nagoya University of Foreign Studies,nufs.nakanishi.ac.jp,university/college,2026-09-26,Inaccessible,hipo:2026-09-17;hipo:2026-09-18;hipo:2026-09-19;hipo:2026-09-20;hipo:2026-09-21;hipo:2026-09-22;hipo:2026-09-23;hipo:2026-09-24;hipo:2026-09-25;hipo:2026-09-26;hipo:2026-09-27;hipo:2026-09-28;hipo:2026-09-29;hipo:2026-09-30;hipo:2026-10-01;hipo:2026-10-02;hipo:2026-10-03;hipo:2026-10-04;hipo:2026-10-05;hipo:2026-10-06;hipo:2026-10-07;hipo:2026-10-08;hipo:2026-10-09,,0,unreachable-dns,nufs.nakanishi.ac.jp,
Niigata University of International and Information Studies,nuis.ac.jp,university/college,2026-09-26,Active,hipo:2026-09-17;hipo:2026-09-18;hipo:2026-09-19;hipo:2026-09-20;hipo:2026-09-21;hipo:2026-09-22;hipo:2026-09-23;hipo:2026-09-24;hipo:2026-09-25;hipo:2026-09-26;hipo:2026-09-27;hipo:2026-09-28;hipo:2026-09-29;hipo:2026-09-30;hipo:2026-10-01;hipo:2026-10-02;hipo:2026-10-03;hipo:2026-10-04;hipo:2026-10-05;hipo:2026-10-06;hipo:2026-10-07;hipo:2026-10-08;hipo:2026-10-09,,90,http-2xx-html+multi-source+edu-keywords+structure+substantial-content,nuis.ac.jp,ja
Nippon Veterinary and Animalscience University,nvau.ac.jp,university/college,2026-09-26,Inaccessible,hipo:2026-09-17;hipo:2026-09-18;hipo:2026-09-19;hipo:2026-09-20;hipo:2026-09-21;hipo:2026-09-22;hipo:2026-09-23;hipo:2026-09-24;hipo:2026-09-25;hipo:2026-09-26;hipo:2026-09-27;hipo:2026-09-28;hipo:2026-09-29;hipo:2026-09-30;hipo:2026-10-01;hipo:2026-10-02;hipo:2026-10-03;hipo:2026-10-04;hipo:2026-10-05;hipo:2026-10-06;hipo:2026-10-07;hipo:2026-10-08;hipo:2026-10-09,,0,unreachable-dns,nvau.ac.jp,
Obihiro University of Agriculture and Veterinary Medicine,obihiro.ac.jp,university/college,2026-09-26,Inaccessible,hipo:2026-09-17;hipo:2026-09-18;hipo:2026-09-19;hipo:2026-09-20;hipo:2026-09-21;hipo:2026-09-22;hipo:2026-09-23;hipo:2026-09-24;hipo:2026-09-25;hipo:2026-09-26;hipo:2026-09-27;hipo:2026-09-28;hipo:2026-09-29;hipo:2026-09-30;hipo:2026-10-01;hipo:2026-10-02;deqar:2026-10-02;hipo:2026-10-03;hipo:2026-10-04;hipo:2026-10-05;hipo:2026-10-06;hipo:2026-10-07;hipo:2026-10-08;hipo:2026-10-09,,0,unreachable-dns,obihiro.ac.jp,
Oberlin University,obirin.ac.jp,university/college,2026-09-29,Inaccessible,wikidata:P856;hipo:2026-09-17;hipo:2026-09-18;hipo:2026-09-19;hipo:2026-09-20;hipo:2026-09-21;hipo:2026-09-22;hipo:2026-09-23;hipo:2026-09-24;hipo:2026-09-25;hipo:2026-09-26;hipo:2026-09-27;hipo:2026-09-28;hipo:2026-09-29;hipo:2026-09-30;hipo:2026-10-01;hipo:2026-10-02;hipo:2026-10-03;hipo:2026-10-04;hipo:2026-10-05;hipo:2026-10-06;hipo:2026-10-07;hipo:2026-10-08;hipo:2026-10-09,,0,unreachable-dns,obirin.ac.jp,
Ochanomizu Women's University,ocha.ac.jp,university/college,2026-09-26,Inaccessible,hipo:2026-09-17;hipo:2026-09-18;hipo:2026-09-19;hipo:2026-09-20;hipo:2026-09-21;hipo:2026-09-22;hipo:2026-09-23;hipo:2026-09-24;hipo:2026-09-25;hipo:2026-09-26;hipo:2026-09-27;hipo:2026-09-28;hipo:2026-09-29;hipo:2026-09-30;hipo:2026-10-01;hipo:2026-10-02;hipo:2026-10-03;hipo:2026-10-04;hipo:2026-10-05;hipo:2026-10-06;hipo:2026-10-07;hipo:2026-10-08;hipo:2026-10-09,,0,unreachable-dns,ocha.ac.jp,
Osaka Electro-Communication University,oecu.jp,university/college,2026-09-26,Inaccessible,hipo:2026-09-17;hipo:2026-09-18;hipo:2026-09-19;hipo:2026-09-20;hipo:2026-09-21;hipo:2026-09-22;hipo:2026-09-23;hipo:2026-09-24;hipo:2026-09-25;hipo:2026-09-26;hipo:2026-09-27;hipo:2026-09-28;hipo:2026-09-29;hipo:2026-09-30;hipo:2026-10-01;hipo:2026-10-02;hipo:2026-10-03;hipo:2026-10-04;hipo:2026-10-05;hipo:2026-10-06;hipo:2026-10-07;hipo:2026-10-08;hipo:2026-10-09,,40,moved-to:osakac.ac.jp,osakac.ac.jp,ja
Okinawa Prefecture Ohira Special School School,ohira-sh.open.ed.jp,university/college,2026-10-06,Inaccessible,ror:api-p46,,40,low-confidence:http-2xx-html+edu-keywords,ohira-sh.open.ed.jp,
Ohka Gakuen University,ohkagakuen-u.ac.jp,university/college,2026-09-26,Active,hipo:2026-09-17;hipo:2026-09-18;hipo:2026-09-19;hipo:2026-09-20;hipo:2026-09-21;hipo:2026-09-22;hipo:2026-09-23;hipo:2026-09-24;hipo:2026-09-25;hipo:2026-09-26;hipo:2026-09-27;hipo:2026-09-28;hipo:2026-09-29;hipo:2026-09-30;hipo:2026-10-01;hipo:2026-10-02;hipo:2026-10-03;hipo:2026-10-04;hipo:2026-10-05;hipo:2026-10-06;hipo:2026-10-07;hipo:2026-10-08;hipo:2026-10-09,,90,http-2xx-html+multi-source+edu-keywords+trusted-suffix+substantial-content,ohkagakuen-u.ac.jp,ja
Ohtani Women's University,ohtani-w.ac.jp,university/college,2026-09-26,Inaccessible,hipo:2026-09-17;hipo:2026-09-18;hipo:2026-09-19;hipo:2026-09-20;hipo:2026-09-21;hipo:2026-09-22;hipo:2026-09-23;hipo:2026-09-24;hipo:2026-09-25;hipo:2026-09-26;hipo:2026-09-27;hipo:2026-09-28;hipo:2026-09-29;hipo:2026-09-30;hipo:2026-10-01;hipo:2026-10-02;hipo:2026-10-03;hipo:2026-10-04;hipo:2026-10-05;hipo:2026-10-06;hipo:2026-10-07;hipo:2026-10-08;hipo:2026-10-09,,0,unreachable-dns,ohtani-w.ac.jp,
Ohu University,ohu-u.ac.jp,university/college,2026-09-26,Active,hipo:2026-09-17;hipo:2026-09-18;hipo:2026-09-19;hipo:2026-09-20;hipo:2026-09-21;hipo:2026-09-22;hipo:2026-09-23;hipo:2026-09-24;hipo:2026-09-25;hipo:2026-09-26;hipo:2026-09-27;hipo:2026-09-28;hipo:2026-09-29;hipo:2026-09-30;hipo:2026-10-01;hipo:2026-10-02;hipo:2026-10-03;hipo:2026-10-04;hipo:2026-10-05;hipo:2026-10-06;hipo:2026-10-07;hipo:2026-10-08;hipo:2026-10-09,,80,http-2xx-html+multi-source+edu-keywords+structure,ohu-u.ac.jp,ja
Okinawa Institute of Science and Technology,oist.jp,university/college,2026-09-26,Active,hipo:2026-09-17;hipo:2026-09-18;hipo:2026-09-19;hipo:2026-09-20;hipo:2026-09-21;hipo:2026-09-22;hipo:2026-09-23;hipo:2026-09-24;hipo:2026-09-25;hipo:2026-09-26;hipo:2026-09-27;hipo:2026-09-28;hipo:2026-09-29;hipo:2026-09-30;hipo:2026-10-01;hipo:2026-10-02;hipo:2026-10-03;hipo:2026-10-04;hipo:2026-10-05;hipo:2026-10-06;hipo:2026-10-07;hipo:2026-10-08;hipo:2026-10-09,,90,http-2xx-html+multi-source+edu-keywords+structure+substantial-content,oist.jp,en
Osaka Institute of Technology,oit.ac.jp,university/college,2026-09-26,Active,hipo:2026-09-17;hipo:2026-09-18;hipo:2026-09-19;hipo:2026-09-20;hipo:2026-09-21;hipo:2026-09-22;hipo:2026-09-23;hipo:2026-09-24;hipo:2026-09-25;hipo:2026-09-26;hipo:2026-09-27;hipo:2026-09-28;hipo:2026-09-29;hipo:2026-09-30;hipo:2026-10-01;hipo:2026-10-02;hipo:2026-10-03;hipo:2026-10-04;hipo:2026-10-05;hipo:2026-10-06;hipo:2026-10-07;hipo:2026-10-08;hipo:2026-10-09,,90,http-2xx-html+multi-source+edu-keywords+structure+substantial-content,oit.ac.jp,ja
Oita Medical University,oita-med.ac.jp,university/college,2026-09-26,Inaccessible,hipo:2026-09-17;hipo:2026-09-18;hipo:2026-09-19;hipo:2026-09-20;hipo:2026-09-21;hipo:2026-09-22;hipo:2026-09-23;hipo:2026-09-24;hipo:2026-09-25;hipo:2026-09-26;hipo:2026-09-27;hipo:2026-09-28;hipo:2026-09-29;hipo:2026-09-30;hipo:2026-10-01;hipo:2026-10-02;hipo:2026-10-03;hipo:2026-10-04;hipo:2026-10-05;hipo:2026-10-06;hipo:2026-10-07;hipo:2026-10-08;hipo:2026-10-09,,0,unreachable-dns,oita-med.ac.jp,
Oita University of Nursing and Health Sciences,oita-nhs.ac.jp,university/college,2026-09-26,Active,hipo:2026-09-17;hipo:2026-09-18;hipo:2026-09-19;hipo:2026-09-20;hipo:2026-09-21;hipo:2026-09-22;hipo:2026-09-23;hipo:2026-09-24;hipo:2026-09-25;hipo:2026-09-26;hipo:2026-09-27;hipo:2026-09-28;hipo:2026-09-29;hipo:2026-09-30;hipo:2026-10-01;hipo:2026-10-02;hipo:2026-10-03;hipo:2026-10-04;hipo:2026-10-05;hipo:2026-10-06;hipo:2026-10-07;hipo:2026-10-08;hipo:2026-10-09,,80,http-2xx-html+multi-source+edu-keywords+structure,oita-nhs.ac.jp,ja
Oita University,oita-u.ac.jp,university/college,2026-09-26,Inaccessible,hipo:2026-09-17;hipo:2026-09-18;hipo:2026-09-19;hipo:2026-09-20;hipo:2026-09-21;hipo:2026-09-22;hipo:2026-09-23;hipo:2026-09-24;hipo:2026-09-25;hipo:2026-09-26;hipo:2026-09-27;hipo:2026-09-28;hipo:2026-09-29;hipo:2026-09-30;hipo:2026-10-01;hipo:2026-10-02;hipo:2026-10-03;hipo:2026-10-04;hipo:2026-10-05;hipo:2026-10-06;openalex:page115;hipo:2026-10-07;hipo:2026-10-08;hipo:2026-10-09,,0,unreachable-dns,oita-u.ac.jp,
Osaka International University,oiu.oiu.ac.jp,university/college,2026-09-26,Inaccessible,hipo:2026-09-17;hipo:2026-09-18;hipo:2026-09-19;hipo:2026-09-20;hipo:2026-09-21;hipo:2026-09-22;hipo:2026-09-23;hipo:2026-09-24;hipo:2026-09-25;hipo:2026-09-26;hipo:2026-09-27;hipo:2026-09-28;hipo:2026-09-29;hipo:2026-09-30;hipo:2026-10-01;hipo:2026-10-02;hipo:2026-10-03;hipo:2026-10-04;hipo:2026-10-05;hipo:2026-10-06;hipo:2026-10-07;hipo:2026-10-08;hipo:2026-10-09,,0,unreachable-dns,oiu.oiu.ac.jp,
Osaka International University for Women,oiuw.oiu.ac.jp,university/college,2026-09-26,Inaccessible,hipo:2026-09-17;hipo:2026-09-18;hipo:2026-09-19;hipo:2026-09-20;hipo:2026-09-21;hipo:2026-09-22;hipo:2026-09-23;hipo:2026-09-24;hipo:2026-09-25;hipo:2026-09-26;hipo:2026-09-27;hipo:2026-09-28;hipo:2026-09-29;hipo:2026-09-30;hipo:2026-10-01;hipo:2026-10-02;hipo:2026-10-03;hipo:2026-10-04;hipo:2026-10-05;hipo:2026-10-06;hipo:2026-10-07;hipo:2026-10-08;hipo:2026-10-09,,0,unreachable-dns,oiuw.oiu.ac.jp,
Okayama Prefectural University,oka-pu.ac.jp,university/college,2026-09-26,Inaccessible,hipo:2026-09-17;hipo:2026-09-18;hipo:2026-09-19;hipo:2026-09-20;hipo:2026-09-21;hipo:2026-09-22;hipo:2026-09-23;hipo:2026-09-24;hipo:2026-09-25;hipo:2026-09-26;hipo:2026-09-27;hipo:2026-09-28;hipo:2026-09-29;hipo:2026-09-30;hipo:2026-10-01;hipo:2026-10-02;hipo:2026-10-03;hipo:2026-10-04;hipo:2026-10-05;hipo:2026-10-06;hipo:2026-10-07;hipo:2026-10-08;hipo:2026-10-09,,0,fetch-error:ConnectTimeout,oka-pu.ac.jp,
Okayama University,okayama-u.ac.jp,university/college,2026-09-26,Inaccessible,hipo:2026-09-17;hipo:2026-09-18;hipo:2026-09-19;hipo:2026-09-20;hipo:2026-09-21;hipo:2026-09-22;hipo:2026-09-23;hipo:2026-09-24;hipo:2026-09-25;hipo:2026-09-26;hipo:2026-09-27;hipo:2026-09-28;wikidata:P856;hipo:2026-09-29;hipo:2026-09-30;hipo:2026-10-01;hipo:2026-10-02;hipo:2026-10-03;hipo:2026-10-04;hipo:2026-10-05;hipo:2026-10-06;hipo:2026-10-07;hipo:2026-10-08;hipo:2026-10-09,,0,unreachable-dns,okayama-u.ac.jp,
Okinawa Prefectural University of Fine Arts,okigei.ac.jp,university/college,2026-09-26,Inaccessible,hipo:2026-09-17;hipo:2026-09-18;hipo:2026-09-19;hipo:2026-09-20;hipo:2026-09-21;hipo:2026-09-22;hipo:2026-09-23;hipo:2026-09-24;hipo:2026-09-25;hipo:2026-09-26;hipo:2026-09-27;hipo:2026-09-28;hipo:2026-09-29;hipo:2026-09-30;hipo:2026-10-01;hipo:2026-10-02;hipo:2026-10-03;hipo:2026-10-04;hipo:2026-10-05;hipo:2026-10-06;hipo:2026-10-07;hipo:2026-10-08;hipo:2026-10-09,,0,unreachable-dns,okigei.ac.jp,
Okinawa University,okinawa-u.ac.jp,university/college,2026-09-26,Inaccessible,hipo:2026-09-17;hipo:2026-09-18;hipo:2026-09-19;hipo:2026-09-20;hipo:2026-09-21;hipo:2026-09-22;hipo:2026-09-23;hipo:2026-09-24;hipo:2026-09-25;hipo:2026-09-26;hipo:2026-09-27;hipo:2026-09-28;hipo:2026-09-29;hipo:2026-09-30;hipo:2026-10-01;hipo:2026-10-02;hipo:2026-10-03;hipo:2026-10-04;hipo:2026-10-05;hipo:2026-10-06;hipo:2026-10-07;hipo:2026-10-08;hipo:2026-10-09,,0,unreachable-dns,okinawa-u.ac.jp,
Okinawa International University,okiu.ac.jp,university/college,2026-09-26,Inaccessible,hipo:2026-09-17;hipo:2026-09-18;hipo:2026-09-19;hipo:2026-09-20;hipo:2026-09-21;hipo:2026-09-22;hipo:2026-09-23;hipo:2026-09-24;hipo:2026-09-25;hipo:2026-09-26;hipo:2026-09-27;hipo:2026-09-28;hipo:2026-09-29;hipo:2026-09-30;hipo:2026-10-01;hipo:2026-10-02;hipo:2026-10-03;hipo:2026-10-04;hipo:2026-10-05;hipo:2026-10-06;hipo:2026-10-07;hipo:2026-10-08;hipo:2026-10-09,,0,unreachable-dns,okiu.ac.jp,
Osaka Metropolitan University,omu.ac.jp,university/college,2026-09-29,Active,wikidata:P856,,85,http-2xx-html+schema.org-edu+edu-keywords+structure+substantial-content,omu.ac.jp,ja
Neyagaya School for Special Needs Education,osaka-c.ed.jp,university/college,2026-10-06,Inaccessible,ror:api-p46,,0,unreachable-dns,osaka-c.ed.jp,
Osaka City University,osaka-cu.ac.jp,university/college,2026-09-26,Inaccessible,hipo:2026-09-17;hipo:2026-09-18;hipo:2026-09-19;hipo:2026-09-20;hipo:2026-09-21;hipo:2026-09-22;hipo:2026-09-23;hipo:2026-09-24;hipo:2026-09-25;hipo:2026-09-26;hipo:2026-09-27;hipo:2026-09-28;hipo:2026-09-29;hipo:2026-09-30;hipo:2026-10-01;hipo:2026-10-02;hipo:2026-10-03;hipo:2026-10-04;hipo:2026-10-05;hipo:2026-10-06;hipo:2026-10-07;hipo:2026-10-08;hipo:2026-10-09,,0,unreachable-dns,osaka-cu.ac.jp,
Osaka Dental University,osaka-dent.ac.jp,university/college,2026-09-26,Inaccessible,hipo:2026-09-17;hipo:2026-09-18;hipo:2026-09-19;hipo:2026-09-20;hipo:2026-09-21;hipo:2026-09-22;hipo:2026-09-23;hipo:2026-09-24;hipo:2026-09-25;hipo:2026-09-26;hipo:2026-09-27;hipo:2026-09-28;hipo:2026-09-29;hipo:2026-09-30;hipo:2026-10-01;hipo:2026-10-02;hipo:2026-10-03;hipo:2026-10-04;hipo:2026-10-05;hipo:2026-10-06;hipo:2026-10-07;hipo:2026-10-08;hipo:2026-10-09,,0,unreachable-dns,osaka-dent.ac.jp,
Osaka University of Foreign Studies,osaka-gaidai.ac.jp,university/college,2026-09-26,Inaccessible,hipo:2026-09-17;hipo:2026-09-18;hipo:2026-09-19;hipo:2026-09-20;hipo:2026-09-21;hipo:2026-09-22;hipo:2026-09-23;hipo:2026-09-24;hipo:2026-09-25;hipo:2026-09-26;hipo:2026-09-27;hipo:2026-09-28;hipo:2026-09-29;hipo:2026-09-30;hipo:2026-10-01;hipo:2026-10-02;hipo:2026-10-03;hipo:2026-10-04;hipo:2026-10-05;hipo:2026-10-06;hipo:2026-10-07;hipo:2026-10-08;hipo:2026-10-09,,0,fetch-error:ConnectionError,osaka-gaidai.ac.jp,
Osaka University of Arts,osaka-geidai.ac.jp,university/college,2026-09-26,Inaccessible,hipo:2026-09-17;hipo:2026-09-18;hipo:2026-09-19;hipo:2026-09-20;hipo:2026-09-21;hipo:2026-09-22;hipo:2026-09-23;hipo:2026-09-24;hipo:2026-09-25;hipo:2026-09-26;hipo:2026-09-27;hipo:2026-09-28;hipo:2026-09-29;hipo:2026-09-30;hipo:2026-10-01;hipo:2026-10-02;hipo:2026-10-03;hipo:2026-10-04;hipo:2026-10-05;hipo:2026-10-06;hipo:2026-10-07;hipo:2026-10-08;hipo:2026-10-09,,0,unreachable-dns,osaka-geidai.ac.jp,
Osaka Gakuin University,osaka-gu.ac.jp,university/college,2026-09-26,Inaccessible,hipo:2026-09-17;hipo:2026-09-18;hipo:2026-09-19;hipo:2026-09-20;hipo:2026-09-21;hipo:2026-09-22;hipo:2026-09-23;hipo:2026-09-24;hipo:2026-09-25;hipo:2026-09-26;hipo:2026-09-27;hipo:2026-09-28;hipo:2026-09-29;hipo:2026-09-30;hipo:2026-10-01;hipo:2026-10-02;hipo:2026-10-03;hipo:2026-10-04;hipo:2026-10-05;hipo:2026-10-06;hipo:2026-10-07;hipo:2026-10-08;hipo:2026-10-09,,0,unreachable-dns,osaka-gu.ac.jp,
Osaka University of Education,osaka-kyoiku.ac.jp,university/college,2026-09-26,Active,hipo:2026-09-17;hipo:2026-09-18;hipo:2026-09-19;hipo:2026-09-20;hipo:2026-09-21;hipo:2026-09-22;hipo:2026-09-23;hipo:2026-09-24;hipo:2026-09-25;hipo:2026-09-26;hipo:2026-09-27;hipo:2026-09-28;hipo:2026-09-29;hipo:2026-09-30;hipo:2026-10-01;hipo:2026-10-02;hipo:2026-10-03;hipo:2026-10-04;hipo:2026-10-05;hipo:2026-10-06;ror:api-p117;hipo:2026-10-07;hipo:2026-10-08;hipo:2026-10-09,,90,http-2xx-html+multi-source+edu-keywords+structure+substantial-content,osaka-kyoiku.ac.jp,ja-jp
Osaka Medical College,osaka-med.ac.jp,university/college,2026-09-26,Inaccessible,hipo:2026-09-17;hipo:2026-09-18;hipo:2026-09-19;hipo:2026-09-20;hipo:2026-09-21;hipo:2026-09-22;hipo:2026-09-23;hipo:2026-09-24;hipo:2026-09-25;hipo:2026-09-26;hipo:2026-09-27;hipo:2026-09-28;hipo:2026-09-29;hipo:2026-09-30;hipo:2026-10-01;hipo:2026-10-02;hipo:2026-10-03;hipo:2026-10-04;hipo:2026-10-05;hipo:2026-10-06;hipo:2026-10-07;hipo:2026-10-08;hipo:2026-10-09,,0,unreachable-dns,osaka-med.ac.jp,
Osaka Sangyo University,osaka-sandai.ac.jp,university/college,2026-09-26,Inaccessible,hipo:2026-09-17;hipo:2026-09-18;hipo:2026-09-19;hipo:2026-09-20;hipo:2026-09-21;hipo:2026-09-22;hipo:2026-09-23;hipo:2026-09-24;hipo:2026-09-25;hipo:2026-09-26;hipo:2026-09-27;hipo:2026-09-28;hipo:2026-09-29;hipo:2026-09-30;hipo:2026-10-01;hipo:2026-10-02;hipo:2026-10-03;hipo:2026-10-04;hipo:2026-10-05;hipo:2026-10-06;hipo:2026-10-07;hipo:2026-10-08;hipo:2026-10-09,,0,fetch-error:ConnectTimeout,osaka-sandai.ac.jp,
Osaka Shoin Women's College,osaka-shoin.ac.jp,university/college,2026-09-26,Inaccessible,hipo:2026-09-17;hipo:2026-09-18;hipo:2026-09-19;hipo:2026-09-20;hipo:2026-09-21;hipo:2026-09-22;hipo:2026-09-23;hipo:2026-09-24;hipo:2026-09-25;hipo:2026-09-26;hipo:2026-09-27;hipo:2026-09-28;hipo:2026-09-29;hipo:2026-09-30;hipo:2026-10-01;hipo:2026-10-02;hipo:2026-10-03;hipo:2026-10-04;hipo:2026-10-05;hipo:2026-10-06;hipo:2026-10-07;hipo:2026-10-08;hipo:2026-10-09,,0,unreachable-dns,osaka-shoin.ac.jp,
The University of Osaka,osaka-u.ac.jp,university/college,2026-09-22,Inaccessible,openalex:page4;hipo:2026-09-17;hipo:2026-09-18;hipo:2026-09-19;hipo:2026-09-20;hipo:2026-09-21;hipo:2026-09-22;hipo:2026-09-23;hipo:2026-09-24;hipo:2026-09-25;hipo:2026-09-26;hipo:2026-09-27;hipo:2026-09-28;hipo:2026-09-29;hipo:2026-09-30;hipo:2026-10-01;hipo:2026-10-02;hipo:2026-10-03;hipo:2026-10-04;hipo:2026-10-05;hipo:2026-10-06;hipo:2026-10-07;hipo:2026-10-08;hipo:2026-10-09,,0,unreachable-dns,osaka-u.ac.jp,
Osaka University of Economics,osaka-ue.ac.jp,university/college,2026-09-26,Inaccessible,hipo:2026-09-17;hipo:2026-09-18;hipo:2026-09-19;hipo:2026-09-20;hipo:2026-09-21;hipo:2026-09-22;hipo:2026-09-23;hipo:2026-09-24;hipo:2026-09-25;hipo:2026-09-26;hipo:2026-09-27;hipo:2026-09-28;hipo:2026-09-29;hipo:2026-09-30;hipo:2026-10-01;hipo:2026-10-02;hipo:2026-10-03;hipo:2026-10-04;hipo:2026-10-05;hipo:2026-10-06;hipo:2026-10-07;hipo:2026-10-08;hipo:2026-10-09,,0,unreachable-dns,osaka-ue.ac.jp,
Osaka Women's University,osaka-wu.ac.jp,university/college,2026-09-26,Inaccessible,hipo:2026-09-17;hipo:2026-09-18;hipo:2026-09-19;hipo:2026-09-20;hipo:2026-09-21;hipo:2026-09-22;hipo:2026-09-23;hipo:2026-09-24;hipo:2026-09-25;hipo:2026-09-26;hipo:2026-09-27;hipo:2026-09-28;hipo:2026-09-29;hipo:2026-09-30;hipo:2026-10-01;hipo:2026-10-02;hipo:2026-10-03;hipo:2026-10-04;hipo:2026-10-05;hipo:2026-10-06;hipo:2026-10-07;hipo:2026-10-08;hipo:2026-10-09,,0,unreachable-dns,osaka-wu.ac.jp,
Osaka Electro-Communication University,osakac.ac.jp,university/college,2026-09-26,Active,hipo:2026-09-17;hipo:2026-09-18;hipo:2026-09-19;hipo:2026-09-20;hipo:2026-09-21;hipo:2026-09-22;hipo:2026-09-23;hipo:2026-09-24;hipo:2026-09-25;hipo:2026-09-26;redirect:oecu.jp;hipo:2026-09-27;hipo:2026-09-28;hipo:2026-09-29;hipo:2026-09-30;hipo:2026-10-01;hipo:2026-10-02;hipo:2026-10-03;hipo:2026-10-04;hipo:2026-10-05;hipo:2026-10-06;hipo:2026-10-07;hipo:2026-10-08;hipo:2026-10-09,,90,http-2xx-html+multi-source+edu-keywords+structure+substantial-content,osakac.ac.jp,ja
Osaka Prefectural University,osakafu-u.ac.jp,university/college,2026-09-26,Inaccessible,hipo:2026-09-17;hipo:2026-09-18;hipo:2026-09-19;hipo:2026-09-20;hipo:2026-09-21;hipo:2026-09-22;hipo:2026-09-23;hipo:2026-09-24;hipo:2026-09-25;openalex:page61;hipo:2026-09-26;hipo:2026-09-27;hipo:2026-09-28;hipo:2026-09-29;hipo:2026-09-30;hipo:2026-10-01;hipo:2026-10-02;hipo:2026-10-03;hipo:2026-10-04;hipo:2026-10-05;hipo:2026-10-06;hipo:2026-10-07;hipo:2026-10-08;hipo:2026-10-09,,0,unreachable-dns,osakafu-u.ac.jp,
Okayama Shoka University,osu.ac.jp,university/college,2026-09-26,Inaccessible,hipo:2026-09-17;hipo:2026-09-18;hipo:2026-09-19;hipo:2026-09-20;hipo:2026-09-21;hipo:2026-09-22;hipo:2026-09-23;hipo:2026-09-24;hipo:2026-09-25;hipo:2026-09-26;hipo:2026-09-27;hipo:2026-09-28;hipo:2026-09-29;hipo:2026-09-30;hipo:2026-10-01;hipo:2026-10-02;hipo:2026-10-03;hipo:2026-10-04;hipo:2026-10-05;hipo:2026-10-06;hipo:2026-10-07;hipo:2026-10-08;hipo:2026-10-09,,0,unreachable-dns,osu.ac.jp,
Otani University,otani.ac.jp,university/college,2026-09-26,Inaccessible,hipo:2026-09-17;hipo:2026-09-18;hipo:2026-09-19;hipo:2026-09-20;hipo:2026-09-21;hipo:2026-09-22;hipo:2026-09-23;hipo:2026-09-24;hipo:2026-09-25;hipo:2026-09-26;hipo:2026-09-27;hipo:2026-09-28;hipo:2026-09-29;hipo:2026-09-30;hipo:2026-10-01;hipo:2026-10-02;hipo:2026-10-03;hipo:2026-10-04;hipo:2026-10-05;hipo:2026-10-06;hipo:2026-10-07;hipo:2026-10-08;hipo:2026-10-09,,0,unreachable-dns,otani.ac.jp,
Otaru University of Commerce,otaru-uc.ac.jp,university/college,2026-09-26,Active,hipo:2026-09-17;hipo:2026-09-18;hipo:2026-09-19;hipo:2026-09-20;hipo:2026-09-21;hipo:2026-09-22;hipo:2026-09-23;hipo:2026-09-24;hipo:2026-09-25;hipo:2026-09-26;hipo:2026-09-27;hipo:2026-09-28;hipo:2026-09-29;hipo:2026-09-30;hipo:2026-10-01;hipo:2026-10-02;hipo:2026-10-03;hipo:2026-10-04;hipo:2026-10-05;hipo:2026-10-06;hipo:2026-10-07;hipo:2026-10-08;hipo:2026-10-09,,90,http-2xx-html+multi-source+edu-keywords+structure+substantial-content,otaru-uc.ac.jp,ja
Otemae University,otemae.ac.jp,university/college,2026-09-26,Inaccessible,hipo:2026-09-17;hipo:2026-09-18;hipo:2026-09-19;hipo:2026-09-20;hipo:2026-09-21;hipo:2026-09-22;hipo:2026-09-23;hipo:2026-09-24;hipo:2026-09-25;hipo:2026-09-26;hipo:2026-09-27;hipo:2026-09-28;hipo:2026-09-29;hipo:2026-09-30;hipo:2026-10-01;hipo:2026-10-02;hipo:2026-10-03;hipo:2026-10-04;hipo:2026-10-05;hipo:2026-10-06;hipo:2026-10-07;hipo:2026-10-08;hipo:2026-10-09,,0,unreachable-dns,otemae.ac.jp,
Otemon Gakuin University,otemon.ac.jp,university/college,2026-09-26,Inaccessible,hipo:2026-09-17;hipo:2026-09-18;hipo:2026-09-19;hipo:2026-09-20;hipo:2026-09-21;hipo:2026-09-22;hipo:2026-09-23;hipo:2026-09-24;hipo:2026-09-25;hipo:2026-09-26;hipo:2026-09-27;hipo:2026-09-28;hipo:2026-09-29;hipo:2026-09-30;hipo:2026-10-01;hipo:2026-10-02;hipo:2026-10-03;hipo:2026-10-04;hipo:2026-10-05;hipo:2026-10-06;hipo:2026-10-07;hipo:2026-10-08;hipo:2026-10-09,,0,unreachable-dns,otemon.ac.jp,
Otsuma Women's University,otsuma.ac.jp,university/college,2026-09-26,Inaccessible,hipo:2026-09-17;hipo:2026-09-18;hipo:2026-09-19;hipo:2026-09-20;hipo:2026-09-21;hipo:2026-09-22;hipo:2026-09-23;hipo:2026-09-24;hipo:2026-09-25;hipo:2026-09-26;hipo:2026-09-27;hipo:2026-09-28;hipo:2026-09-29;hipo:2026-09-30;hipo:2026-10-01;hipo:2026-10-02;hipo:2026-10-03;hipo:2026-10-04;hipo:2026-10-05;hipo:2026-10-06;hipo:2026-10-07;hipo:2026-10-08;hipo:2026-10-09,,0,unreachable-dns,otsuma.ac.jp,
Osaka University of Health and Sport Sciences,ouhs.ac.jp,university/college,2026-09-26,Inaccessible,hipo:2026-09-17;hipo:2026-09-18;hipo:2026-09-19;hipo:2026-09-20;hipo:2026-09-21;hipo:2026-09-22;hipo:2026-09-23;hipo:2026-09-24;hipo:2026-09-25;hipo:2026-09-26;hipo:2026-09-27;hipo:2026-09-28;hipo:2026-09-29;hipo:2026-09-30;hipo:2026-10-01;hipo:2026-10-02;hipo:2026-10-03;hipo:2026-10-04;hipo:2026-10-05;hipo:2026-10-06;hipo:2026-10-07;hipo:2026-10-08;hipo:2026-10-09,,0,unreachable-dns,ouhs.ac.jp,
Osaka University of Pharmaceutical Sciences,oups.ac.jp,university/college,2026-09-26,Inaccessible,hipo:2026-09-17;hipo:2026-09-18;hipo:2026-09-19;hipo:2026-09-20;hipo:2026-09-21;hipo:2026-09-22;hipo:2026-09-23;hipo:2026-09-24;hipo:2026-09-25;hipo:2026-09-26;hipo:2026-09-27;hipo:2026-09-28;hipo:2026-09-29;hipo:2026-09-30;hipo:2026-10-01;hipo:2026-10-02;hipo:2026-10-03;hipo:2026-10-04;hipo:2026-10-05;hipo:2026-10-06;hipo:2026-10-07;hipo:2026-10-08;hipo:2026-10-09,,0,unreachable-dns,oups.ac.jp,
Okayama University of Science,ous.ac.jp,university/college,2026-09-26,Inaccessible,hipo:2026-09-17;hipo:2026-09-18;hipo:2026-09-19;hipo:2026-09-20;hipo:2026-09-21;hipo:2026-09-22;hipo:2026-09-23;hipo:2026-09-24;hipo:2026-09-25;hipo:2026-09-26;hipo:2026-09-27;hipo:2026-09-28;hipo:2026-09-29;hipo:2026-09-30;hipo:2026-10-01;hipo:2026-10-02;hipo:2026-10-03;hipo:2026-10-04;hipo:2026-10-05;hipo:2026-10-06;hipo:2026-10-07;hipo:2026-10-08;hipo:2026-10-09,,0,unreachable-dns,ous.ac.jp,
Poole Gakuin University,poole.ac.jp,university/college,2026-09-26,Inaccessible,hipo:2026-09-17;hipo:2026-09-18;hipo:2026-09-19;hipo:2026-09-20;hipo:2026-09-21;hipo:2026-09-22;hipo:2026-09-23;hipo:2026-09-24;hipo:2026-09-25;hipo:2026-09-26;hipo:2026-09-27;hipo:2026-09-28;hipo:2026-09-29;hipo:2026-09-30;hipo:2026-10-01;hipo:2026-10-02;hipo:2026-10-03;hipo:2026-10-04;hipo:2026-10-05;hipo:2026-10-06;hipo:2026-10-07;hipo:2026-10-08;hipo:2026-10-09,,40,moved-to:poole.ed.jp,poole.ed.jp,ja
Poole Gakuin University,poole.ed.jp,university/college,2026-09-26,Active,redirect:poole.ac.jp,,60,http-2xx-html+edu-keywords+structure+substantial-content,poole.ed.jp,ja
Shiga Prefecture Agricultural Technology Promotion Center,pref.shiga.lg.jp,university/college,2026-09-26,Inaccessible,hipo:2026-09-17;hipo:2026-09-18;hipo:2026-09-19;hipo:2026-09-20;hipo:2026-09-21;hipo:2026-09-22;hipo:2026-09-23;hipo:2026-09-24;hipo:2026-09-25;hipo:2026-09-26;hipo:2026-09-27;hipo:2026-09-28;hipo:2026-09-29;hipo:2026-09-30;hipo:2026-10-01;hipo:2026-10-02;hipo:2026-10-03;hipo:2026-10-04;hipo:2026-10-05;hipo:2026-10-06;hipo:2026-10-07;hipo:2026-10-08;hipo:2026-10-09,,0,unreachable-dns,pref.shiga.lg.jp,
Wakayama Prefecture Wakayama School for the Blind,pref.wakayama.lg.jp,university/college,2026-10-06,Inaccessible,redirect:wakayama-sb.wakayama-c.ed.jp,,0,unreachable-dns,pref.wakayama.lg.jp,
Kumamoto Prefectural University,pu-kumamoto.ac.jp,university/college,2026-09-26,Active,hipo:2026-09-17;hipo:2026-09-18;hipo:2026-09-19;hipo:2026-09-20;hipo:2026-09-21;hipo:2026-09-22;hipo:2026-09-23;hipo:2026-09-24;hipo:2026-09-25;hipo:2026-09-26;hipo:2026-09-27;hipo:2026-09-28;hipo:2026-09-29;hipo:2026-09-30;hipo:2026-10-01;hipo:2026-10-02;hipo:2026-10-03;hipo:2026-10-04;hipo:2026-10-05;hipo:2026-10-06;ror:api-p117;hipo:2026-10-07;hipo:2026-10-08;hipo:2026-10-09,,90,http-2xx-html+multi-source+edu-keywords+structure+substantial-content,pu-kumamoto.ac.jp,ja
Toyama Prefectural University,pu-toyama.ac.jp,university/college,2026-09-26,Inaccessible,hipo:2026-09-17;hipo:2026-09-18;hipo:2026-09-19;hipo:2026-09-20;hipo:2026-09-21;hipo:2026-09-22;hipo:2026-09-23;hipo:2026-09-24;hipo:2026-09-25;hipo:2026-09-26;hipo:2026-09-27;hipo:2026-09-28;hipo:2026-09-29;hipo:2026-09-30;hipo:2026-10-01;hipo:2026-10-02;hipo:2026-10-03;hipo:2026-10-04;hipo:2026-10-05;hipo:2026-10-06;hipo:2026-10-07;hipo:2026-10-08;hipo:2026-10-09,,0,unreachable-dns,pu-toyama.ac.jp,
Rakuno Gakuen University,rakuno.ac.jp,university/college,2026-09-26,Inaccessible,hipo:2026-09-17;hipo:2026-09-18;hipo:2026-09-19;hipo:2026-09-20;hipo:2026-09-21;hipo:2026-09-22;hipo:2026-09-23;hipo:2026-09-24;hipo:2026-09-25;hipo:2026-09-26;hipo:2026-09-27;hipo:2026-09-28;hipo:2026-09-29;hipo:2026-09-30;hipo:2026-10-01;hipo:2026-10-02;hipo:2026-10-03;hipo:2026-10-04;hipo:2026-10-05;hipo:2026-10-06;hipo:2026-10-07;hipo:2026-10-08;hipo:2026-10-09,,0,fetch-error:ConnectTimeout,rakuno.ac.jp,
Japanese Red Cross College of Nursing,redcross.ac.jp,university/college,2026-09-26,Active,hipo:2026-09-17;hipo:2026-09-18;hipo:2026-09-19;hipo:2026-09-20;hipo:2026-09-21;hipo:2026-09-22;hipo:2026-09-23;hipo:2026-09-24;hipo:2026-09-25;hipo:2026-09-26;hipo:2026-09-27;hipo:2026-09-28;hipo:2026-09-29;hipo:2026-09-30;hipo:2026-10-01;hipo:2026-10-02;hipo:2026-10-03;hipo:2026-10-04;hipo:2026-10-05;hipo:2026-10-06;hipo:2026-10-07;hipo:2026-10-08;hipo:2026-10-09,,90,http-2xx-html+multi-source+edu-keywords+trusted-suffix+substantial-content,redcross.ac.jp,ja
Reitaku University,reitaku-u.ac.jp,university/college,2026-09-26,Inaccessible,hipo:2026-09-17;hipo:2026-09-18;hipo:2026-09-19;hipo:2026-09-20;hipo:2026-09-21;hipo:2026-09-22;hipo:2026-09-23;hipo:2026-09-24;hipo:2026-09-25;hipo:2026-09-26;hipo:2026-09-27;hipo:2026-09-28;hipo:2026-09-29;hipo:2026-09-30;hipo:2026-10-01;hipo:2026-10-02;hipo:2026-10-03;hipo:2026-10-04;hipo:2026-10-05;hipo:2026-10-06;hipo:2026-10-07;hipo:2026-10-08;hipo:2026-10-09,,0,fetch-error:ConnectTimeout,reitaku-u.ac.jp,
Rikkyo University (St. Paul's University),rikkyo.ac.jp,university/college,2026-09-26,Inaccessible,hipo:2026-09-17;hipo:2026-09-18;hipo:2026-09-19;hipo:2026-09-20;hipo:2026-09-21;hipo:2026-09-22;hipo:2026-09-23;hipo:2026-09-24;hipo:2026-09-25;hipo:2026-09-26;hipo:2026-09-27;hipo:2026-09-28;hipo:2026-09-29;hipo:2026-09-30;hipo:2026-10-01;hipo:2026-10-02;hipo:2026-10-03;hipo:2026-10-04;hipo:2026-10-05;hipo:2026-10-06;hipo:2026-10-07;hipo:2026-10-08;hipo:2026-10-09,,0,fetch-error:ConnectTimeout,rikkyo.ac.jp,
Rissho University,ris.ac.jp,university/college,2026-09-26,Inaccessible,hipo:2026-09-17;hipo:2026-09-18;hipo:2026-09-19;hipo:2026-09-20;hipo:2026-09-21;hipo:2026-09-22;hipo:2026-09-23;hipo:2026-09-24;hipo:2026-09-25;hipo:2026-09-26;hipo:2026-09-27;hipo:2026-09-28;hipo:2026-09-29;hipo:2026-09-30;hipo:2026-10-01;hipo:2026-10-02;hipo:2026-10-03;hipo:2026-10-04;hipo:2026-10-05;hipo:2026-10-06;hipo:2026-10-07;hipo:2026-10-08;hipo:2026-10-09,,0,unreachable-dns,ris.ac.jp,
Ritsumeikan University,ritsumei.ac.jp,university/college,2026-09-26,Inaccessible,hipo:2026-09-17;hipo:2026-09-18;hipo:2026-09-19;hipo:2026-09-20;hipo:2026-09-21;hipo:2026-09-22;hipo:2026-09-23;hipo:2026-09-24;hipo:2026-09-25;hipo:2026-09-26;hipo:2026-09-27;openalex:page74;hipo:2026-09-28;hipo:2026-09-29;hipo:2026-09-30;hipo:2026-10-01;hipo:2026-10-02;hipo:2026-10-03;hipo:2026-10-04;hipo:2026-10-05;hipo:2026-10-06;hipo:2026-10-07;hipo:2026-10-08;hipo:2026-10-09,,0,unreachable-dns,ritsumei.ac.jp,
Ryutsu Keizai University,rku.ac.jp,university/college,2026-09-26,Inaccessible,hipo:2026-09-17;hipo:2026-09-18;hipo:2026-09-19;hipo:2026-09-20;hipo:2026-09-21;hipo:2026-09-22;hipo:2026-09-23;hipo:2026-09-24;hipo:2026-09-25;hipo:2026-09-26;hipo:2026-09-27;hipo:2026-09-28;hipo:2026-09-29;hipo:2026-09-30;hipo:2026-10-01;hipo:2026-10-02;hipo:2026-10-03;hipo:2026-10-04;hipo:2026-10-05;hipo:2026-10-06;hipo:2026-10-07;hipo:2026-10-08;hipo:2026-10-09,,0,unreachable-dns,rku.ac.jp,
Ryukoku University,ryukoku.ac.jp,university/college,2026-09-26,Inaccessible,hipo:2026-09-17;hipo:2026-09-18;hipo:2026-09-19;hipo:2026-09-20;hipo:2026-09-21;hipo:2026-09-22;hipo:2026-09-23;hipo:2026-09-24;hipo:2026-09-25;hipo:2026-09-26;hipo:2026-09-27;hipo:2026-09-28;hipo:2026-09-29;hipo:2026-09-30;hipo:2026-10-01;hipo:2026-10-02;hipo:2026-10-03;hipo:2026-10-04;hipo:2026-10-05;hipo:2026-10-06;hipo:2026-10-07;hipo:2026-10-08;hipo:2026-10-09,,0,unreachable-dns,ryukoku.ac.jp,
Saga Medical School,saga-med.ac.jp,university/college,2026-09-26,Inaccessible,hipo:2026-09-17;hipo:2026-09-18;hipo:2026-09-19;hipo:2026-09-20;hipo:2026-09-21;hipo:2026-09-22;hipo:2026-09-23;hipo:2026-09-24;hipo:2026-09-25;hipo:2026-09-26;hipo:2026-09-27;hipo:2026-09-28;hipo:2026-09-29;hipo:2026-09-30;hipo:2026-10-01;hipo:2026-10-02;hipo:2026-10-03;hipo:2026-10-04;hipo:2026-10-05;hipo:2026-10-06;hipo:2026-10-07;hipo:2026-10-08;hipo:2026-10-09,,0,unreachable-dns,saga-med.ac.jp,
Saga University,saga-u.ac.jp,university/college,2026-09-26,Active,hipo:2026-09-17;hipo:2026-09-18;hipo:2026-09-19;hipo:2026-09-20;hipo:2026-09-21;hipo:2026-09-22;hipo:2026-09-23;hipo:2026-09-24;hipo:2026-09-25;hipo:2026-09-26;hipo:2026-09-27;hipo:2026-09-28;hipo:2026-09-29;hipo:2026-09-30;hipo:2026-10-01;hipo:2026-10-02;hipo:2026-10-03;hipo:2026-10-04;hipo:2026-10-05;hipo:2026-10-06;hipo:2026-10-07;hipo:2026-10-08;hipo:2026-10-09,,90,http-2xx-html+multi-source+edu-keywords+trusted-suffix+substantial-content,saga-u.ac.jp,ja
Sagami Women's University,sagami-wu.ac.jp,university/college,2026-09-26,Active,hipo:2026-09-17;hipo:2026-09-18;hipo:2026-09-19;hipo:2026-09-20;hipo:2026-09-21;hipo:2026-09-22;hipo:2026-09-23;hipo:2026-09-24;hipo:2026-09-25;hipo:2026-09-26;hipo:2026-09-27;hipo:2026-09-28;hipo:2026-09-29;hipo:2026-09-30;hipo:2026-10-01;hipo:2026-10-02;hipo:2026-10-03;hipo:2026-10-04;hipo:2026-10-05;hipo:2026-10-06;hipo:2026-10-07;hipo:2026-10-08;hipo:2026-10-09,,80,http-2xx-html+multi-source+edu-keywords+structure,sagami-wu.ac.jp,ja
Saitama Medical School,saitama-med.ac.jp,university/college,2026-09-26,Active,hipo:2026-09-17;hipo:2026-09-18;hipo:2026-09-19;hipo:2026-09-20;hipo:2026-09-21;hipo:2026-09-22;hipo:2026-09-23;hipo:2026-09-24;hipo:2026-09-25;hipo:2026-09-26;hipo:2026-09-27;hipo:2026-09-28;hipo:2026-09-29;openalex:page82;hipo:2026-09-30;hipo:2026-10-01;hipo:2026-10-02;hipo:2026-10-03;hipo:2026-10-04;hipo:2026-10-05;hipo:2026-10-06;hipo:2026-10-07;hipo:2026-10-08;hipo:2026-10-09,,80,http-2xx-html+multi-source+edu-keywords+structure,saitama-med.ac.jp,ja
Saitama University,saitama-u.ac.jp,university/college,2026-09-26,Inaccessible,hipo:2026-09-17;hipo:2026-09-18;hipo:2026-09-19;hipo:2026-09-20;hipo:2026-09-21;hipo:2026-09-22;hipo:2026-09-23;hipo:2026-09-24;hipo:2026-09-25;hipo:2026-09-26;hipo:2026-09-27;hipo:2026-09-28;hipo:2026-09-29;hipo:2026-09-30;hipo:2026-10-01;hipo:2026-10-02;hipo:2026-10-03;hipo:2026-10-04;hipo:2026-10-05;hipo:2026-10-06;hipo:2026-10-07;hipo:2026-10-08;hipo:2026-10-09,,0,unreachable-dns,saitama-u.ac.jp,
Sakushin Gakuin University,sakushin-u.ac.jp,university/college,2026-09-26,Active,hipo:2026-09-17;hipo:2026-09-18;hipo:2026-09-19;hipo:2026-09-20;hipo:2026-09-21;hipo:2026-09-22;hipo:2026-09-23;hipo:2026-09-24;hipo:2026-09-25;hipo:2026-09-26;hipo:2026-09-27;hipo:2026-09-28;hipo:2026-09-29;hipo:2026-09-30;hipo:2026-10-01;hipo:2026-10-02;hipo:2026-10-03;hipo:2026-10-04;hipo:2026-10-05;hipo:2026-10-06;hipo:2026-10-07;hipo:2026-10-08;hipo:2026-10-09,,90,http-2xx-html+multi-source+edu-keywords+trusted-suffix+substantial-content,sakushin-u.ac.jp,ja
Sanno University,sanno.ac.jp,university/college,2026-09-26,Inaccessible,hipo:2026-09-17;hipo:2026-09-18;hipo:2026-09-19;hipo:2026-09-20;hipo:2026-09-21;hipo:2026-09-22;hipo:2026-09-23;hipo:2026-09-24;hipo:2026-09-25;hipo:2026-09-26;hipo:2026-09-27;hipo:2026-09-28;hipo:2026-09-29;hipo:2026-09-30;hipo:2026-10-01;hipo:2026-10-02;hipo:2026-10-03;hipo:2026-10-04;hipo:2026-10-05;hipo:2026-10-06;hipo:2026-10-07;hipo:2026-10-08;hipo:2026-10-09,,0,unreachable-dns,sanno.ac.jp,
Sapporo Medical University,sapmed.ac.jp,university/college,2026-09-26,Inaccessible,hipo:2026-09-17;hipo:2026-09-18;hipo:2026-09-19;hipo:2026-09-20;hipo:2026-09-21;hipo:2026-09-22;hipo:2026-09-23;hipo:2026-09-24;hipo:2026-09-25;hipo:2026-09-26;hipo:2026-09-27;hipo:2026-09-28;hipo:2026-09-29;hipo:2026-09-30;hipo:2026-10-01;hipo:2026-10-02;hipo:2026-10-03;hipo:2026-10-04;hipo:2026-10-05;hipo:2026-10-06;hipo:2026-10-07;hipo:2026-10-08;hipo:2026-10-09,,0,unreachable-dns,sapmed.ac.jp,
Sapporo University,sapporo-u.ac.jp,university/college,2026-09-26,Active,hipo:2026-09-17;hipo:2026-09-18;hipo:2026-09-19;hipo:2026-09-20;hipo:2026-09-21;hipo:2026-09-22;hipo:2026-09-23;hipo:2026-09-24;hipo:2026-09-25;hipo:2026-09-26;hipo:2026-09-27;hipo:2026-09-28;hipo:2026-09-29;hipo:2026-09-30;hipo:2026-10-01;hipo:2026-10-02;hipo:2026-10-03;hipo:2026-10-04;hipo:2026-10-05;hipo:2026-10-06;hipo:2026-10-07;hipo:2026-10-08;hipo:2026-10-09,,80,http-2xx-html+multi-source+edu-keywords+structure,sapporo-u.ac.jp,ja
Seian University of Art & Design,seian.ac.jp,university/college,2026-09-26,Inaccessible,hipo:2026-09-17;hipo:2026-09-18;hipo:2026-09-19;hipo:2026-09-20;hipo:2026-09-21;hipo:2026-09-22;hipo:2026-09-23;hipo:2026-09-24;hipo:2026-09-25;hipo:2026-09-26;hipo:2026-09-27;hipo:2026-09-28;hipo:2026-09-29;hipo:2026-09-30;hipo:2026-10-01;hipo:2026-10-02;hipo:2026-10-03;hipo:2026-10-04;hipo:2026-10-05;hipo:2026-10-06;hipo:2026-10-07;hipo:2026-10-08;hipo:2026-10-09,,0,fetch-error:ConnectTimeout,seian.ac.jp,
Seigakuin University,seigakuin-univ.ac.jp,university/college,2026-09-26,Active,hipo:2026-09-17;hipo:2026-09-18;hipo:2026-09-19;hipo:2026-09-20;hipo:2026-09-21;hipo:2026-09-22;hipo:2026-09-23;hipo:2026-09-24;hipo:2026-09-25;hipo:2026-09-26;hipo:2026-09-27;hipo:2026-09-28;hipo:2026-09-29;hipo:2026-09-30;hipo:2026-10-01;hipo:2026-10-02;hipo:2026-10-03;hipo:2026-10-04;hipo:2026-10-05;hipo:2026-10-06;hipo:2026-10-07;hipo:2026-10-08;hipo:2026-10-09,,90,http-2xx-html+multi-source+edu-keywords+structure+substantial-content,seigakuin-univ.ac.jp,ja
Seijo University,seijo.ac.jp,university/college,2026-09-26,Inaccessible,hipo:2026-09-17;hipo:2026-09-18;hipo:2026-09-19;hipo:2026-09-20;hipo:2026-09-21;hipo:2026-09-22;hipo:2026-09-23;hipo:2026-09-24;hipo:2026-09-25;hipo:2026-09-26;hipo:2026-09-27;hipo:2026-09-28;hipo:2026-09-29;hipo:2026-09-30;hipo:2026-10-01;hipo:2026-10-02;hipo:2026-10-03;hipo:2026-10-04;hipo:2026-10-05;hipo:2026-10-06;hipo:2026-10-07;hipo:2026-10-08;hipo:2026-10-09,,0,unreachable-dns,seijo.ac.jp,
Seikei University,seikei.ac.jp,university/college,2026-09-26,Inaccessible,hipo:2026-09-17;hipo:2026-09-18;hipo:2026-09-19;hipo:2026-09-20;hipo:2026-09-21;hipo:2026-09-22;hipo:2026-09-23;hipo:2026-09-24;hipo:2026-09-25;hipo:2026-09-26;hipo:2026-09-27;hipo:2026-09-28;hipo:2026-09-29;hipo:2026-09-30;hipo:2026-10-01;hipo:2026-10-02;hipo:2026-10-03;hipo:2026-10-04;hipo:2026-10-05;hipo:2026-10-06;hipo:2026-10-07;hipo:2026-10-08;hipo:2026-10-09,,0,unreachable-dns,seikei.ac.jp,
Seinan Gakuin University,seinan-gu.ac.jp,university/college,2026-09-26,Inaccessible,hipo:2026-09-17;hipo:2026-09-18;hipo:2026-09-19;hipo:2026-09-20;hipo:2026-09-21;hipo:2026-09-22;wikidata:P856;hipo:2026-09-23;hipo:2026-09-24;hipo:2026-09-25;hipo:2026-09-26;hipo:2026-09-27;hipo:2026-09-28;hipo:2026-09-29;hipo:2026-09-30;hipo:2026-10-01;hipo:2026-10-02;hipo:2026-10-03;hipo:2026-10-04;hipo:2026-10-05;hipo:2026-10-06;hipo:2026-10-07;hipo:2026-10-08;hipo:2026-10-09,,0,unreachable-dns,seinan-gu.ac.jp,
Seisen University,seisen-u.ac.jp,university/college,2026-09-26,Active,hipo:2026-09-17;hipo:2026-09-18;hipo:2026-09-19;hipo:2026-09-20;hipo:2026-09-21;hipo:2026-09-22;hipo:2026-09-23;hipo:2026-09-24;hipo:2026-09-25;hipo:2026-09-26;hipo:2026-09-27;hipo:2026-09-28;hipo:2026-09-29;hipo:2026-09-30;hipo:2026-10-01;hipo:2026-10-02;hipo:2026-10-03;hipo:2026-10-04;hipo:2026-10-05;hipo:2026-10-06;hipo:2026-10-07;hipo:2026-10-08;hipo:2026-10-09,,80,http-2xx-html+multi-source+edu-keywords+structure,seisen-u.ac.jp,ja
Seiwa College,seiwa-u.ac.jp,university/college,2026-09-26,Inaccessible,hipo:2026-09-17;hipo:2026-09-18;hipo:2026-09-19;hipo:2026-09-20;hipo:2026-09-21;hipo:2026-09-22;hipo:2026-09-23;hipo:2026-09-24;hipo:2026-09-25;hipo:2026-09-26;hipo:2026-09-27;hipo:2026-09-28;hipo:2026-09-29;hipo:2026-09-30;hipo:2026-10-01;hipo:2026-10-02;hipo:2026-10-03;hipo:2026-10-04;hipo:2026-10-05;hipo:2026-10-06;hipo:2026-10-07;hipo:2026-10-08;hipo:2026-10-09,,0,unreachable-dns,seiwa-u.ac.jp,
Sendai University,sendaidaigaku.jp,university/college,2026-09-26,Active,hipo:2026-09-17;hipo:2026-09-18;hipo:2026-09-19;hipo:2026-09-20;hipo:2026-09-21;hipo:2026-09-22;hipo:2026-09-23;hipo:2026-09-24;hipo:2026-09-25;hipo:2026-09-26;hipo:2026-09-27;hipo:2026-09-28;hipo:2026-09-29;hipo:2026-09-30;hipo:2026-10-01;hipo:2026-10-02;hipo:2026-10-03;hipo:2026-10-04;hipo:2026-10-05;hipo:2026-10-06;hipo:2026-10-07;hipo:2026-10-08;hipo:2026-10-09,,80,http-2xx-html+multi-source+edu-keywords+structure,sendaidaigaku.jp,ja
Senshu University,senshu-u.ac.jp,university/college,2026-09-26,Inaccessible,hipo:2026-09-17;hipo:2026-09-18;hipo:2026-09-19;hipo:2026-09-20;hipo:2026-09-21;hipo:2026-09-22;hipo:2026-09-23;hipo:2026-09-24;hipo:2026-09-25;hipo:2026-09-26;hipo:2026-09-27;hipo:2026-09-28;hipo:2026-09-29;hipo:2026-09-30;hipo:2026-10-01;hipo:2026-10-02;hipo:2026-10-03;hipo:2026-10-04;hipo:2026-10-05;hipo:2026-10-06;hipo:2026-10-07;hipo:2026-10-08;hipo:2026-10-09,,0,unreachable-dns,senshu-u.ac.jp,
Senzoku Gakuen College,senzoku.ac.jp,university/college,2026-09-26,Active,hipo:2026-09-17;hipo:2026-09-18;hipo:2026-09-19;hipo:2026-09-20;hipo:2026-09-21;hipo:2026-09-22;hipo:2026-09-23;hipo:2026-09-24;hipo:2026-09-25;hipo:2026-09-26;hipo:2026-09-27;hipo:2026-09-28;hipo:2026-09-29;hipo:2026-09-30;hipo:2026-10-01;hipo:2026-10-02;hipo:2026-10-03;hipo:2026-10-04;hipo:2026-10-05;hipo:2026-10-06;hipo:2026-10-07;hipo:2026-10-08;hipo:2026-10-09,,60,http-2xx-html+multi-source+trusted-suffix,senzoku.ac.jp,ja
Setsunan University,setsunan.ac.jp,university/college,2026-09-26,Inaccessible,hipo:2026-09-17;hipo:2026-09-18;hipo:2026-09-19;hipo:2026-09-20;hipo:2026-09-21;hipo:2026-09-22;hipo:2026-09-23;hipo:2026-09-24;hipo:2026-09-25;hipo:2026-09-26;hipo:2026-09-27;hipo:2026-09-28;hipo:2026-09-29;hipo:2026-09-30;hipo:2026-10-01;hipo:2026-10-02;hipo:2026-10-03;hipo:2026-10-04;hipo:2026-10-05;hipo:2026-10-06;ror:api-p117;hipo:2026-10-07;hipo:2026-10-08;hipo:2026-10-09,,0,unreachable-dns,setsunan.ac.jp,
Shikoku Christian College,sg-u.ac.jp,university/college,2026-09-26,Inaccessible,hipo:2026-09-17;hipo:2026-09-18;hipo:2026-09-19;hipo:2026-09-20;hipo:2026-09-21;hipo:2026-09-22;hipo:2026-09-23;hipo:2026-09-24;hipo:2026-09-25;hipo:2026-09-26;hipo:2026-09-27;hipo:2026-09-28;hipo:2026-09-29;hipo:2026-09-30;hipo:2026-10-01;hipo:2026-10-02;hipo:2026-10-03;hipo:2026-10-04;hipo:2026-10-05;hipo:2026-10-06;hipo:2026-10-07;hipo:2026-10-08;hipo:2026-10-09,,0,unreachable-dns,sg-u.ac.jp,
Sapporo Gakuin University,sgu.ac.jp,university/college,2026-09-26,Inaccessible,hipo:2026-09-17;hipo:2026-09-18;hipo:2026-09-19;hipo:2026-09-20;hipo:2026-09-21;hipo:2026-09-22;hipo:2026-09-23;hipo:2026-09-24;hipo:2026-09-25;hipo:2026-09-26;hipo:2026-09-27;hipo:2026-09-28;hipo:2026-09-29;hipo:2026-09-30;hipo:2026-10-01;hipo:2026-10-02;hipo:2026-10-03;hipo:2026-10-04;hipo:2026-10-05;hipo:2026-10-06;hipo:2026-10-07;hipo:2026-10-08;hipo:2026-10-09,,0,unreachable-dns,sgu.ac.jp,
Sanyo Gakuen University,sguc.ac.jp,university/college,2026-09-26,Active,hipo:2026-09-17;hipo:2026-09-18;hipo:2026-09-19;hipo:2026-09-20;hipo:2026-09-21;hipo:2026-09-22;hipo:2026-09-23;hipo:2026-09-24;hipo:2026-09-25;hipo:2026-09-26;hipo:2026-09-27;hipo:2026-09-28;hipo:2026-09-29;hipo:2026-09-30;hipo:2026-10-01;hipo:2026-10-02;hipo:2026-10-03;hipo:2026-10-04;hipo:2026-10-05;hipo:2026-10-06;hipo:2026-10-07;hipo:2026-10-08;hipo:2026-10-09,,90,http-2xx-html+multi-source+edu-keywords+structure+substantial-content,sguc.ac.jp,ja
Japan College of Social Work,shakaijigyo.ac.jp,university/college,2026-09-26,Inaccessible,hipo:2026-09-17;hipo:2026-09-18;hipo:2026-09-19;hipo:2026-09-20;hipo:2026-09-21;hipo:2026-09-22;hipo:2026-09-23;hipo:2026-09-24;hipo:2026-09-25;hipo:2026-09-26;hipo:2026-09-27;hipo:2026-09-28;hipo:2026-09-29;hipo:2026-09-30;hipo:2026-10-01;hipo:2026-10-02;hipo:2026-10-03;hipo:2026-10-04;hipo:2026-10-05;hipo:2026-10-06;hipo:2026-10-07;hipo:2026-10-08;hipo:2026-10-09,,0,unreachable-dns,shakaijigyo.ac.jp,
Shibaura Institute of Technology,shibaura-it.ac.jp,university/college,2026-09-26,Inaccessible,hipo:2026-09-17;hipo:2026-09-18;hipo:2026-09-19;hipo:2026-09-20;hipo:2026-09-21;hipo:2026-09-22;hipo:2026-09-23;hipo:2026-09-24;hipo:2026-09-25;hipo:2026-09-26;hipo:2026-09-27;hipo:2026-09-28;hipo:2026-09-29;hipo:2026-09-30;hipo:2026-10-01;hipo:2026-10-02;hipo:2026-10-03;hipo:2026-10-04;hipo:2026-10-05;hipo:2026-10-06;openalex:page118;hipo:2026-10-07;hipo:2026-10-08;hipo:2026-10-09,,0,fetch-error:ConnectTimeout,shibaura-it.ac.jp,
Oita Prefectural Nascent Support School,shien.oita-ed.jp,university/college,2026-10-06,Inaccessible,ror:api-p46,,40,low-confidence:http-2xx-html+edu-keywords,shien.oita-ed.jp,
Shiga University of Medical Science,shiga-med.ac.jp,university/college,2026-09-26,Inaccessible,hipo:2026-09-17;hipo:2026-09-18;hipo:2026-09-19;hipo:2026-09-20;hipo:2026-09-21;hipo:2026-09-22;hipo:2026-09-23;hipo:2026-09-24;hipo:2026-09-25;hipo:2026-09-26;hipo:2026-09-27;hipo:2026-09-28;hipo:2026-09-29;hipo:2026-09-30;hipo:2026-10-01;hipo:2026-10-02;hipo:2026-10-03;hipo:2026-10-04;hipo:2026-10-05;hipo:2026-10-06;hipo:2026-10-07;hipo:2026-10-08;hipo:2026-10-09,,0,unreachable-dns,shiga-med.ac.jp,
Shiga University,shiga-u.ac.jp,university/college,2026-09-26,Active,hipo:2026-09-17;hipo:2026-09-18;hipo:2026-09-19;hipo:2026-09-20;hipo:2026-09-21;hipo:2026-09-22;hipo:2026-09-23;hipo:2026-09-24;hipo:2026-09-25;hipo:2026-09-26;hipo:2026-09-27;hipo:2026-09-28;wikidata:P856;hipo:2026-09-29;hipo:2026-09-30;hipo:2026-10-01;hipo:2026-10-02;hipo:2026-10-03;hipo:2026-10-04;hipo:2026-10-05;hipo:2026-10-06;hipo:2026-10-07;hipo:2026-10-08;hipo:2026-10-09,,80,http-2xx-html+multi-source+edu-keywords+structure,shiga-u.ac.jp,ja
Shikoku University,shikoku-u.ac.jp,university/college,2026-09-26,Inaccessible,hipo:2026-09-17;hipo:2026-09-18;hipo:2026-09-19;hipo:2026-09-20;hipo:2026-09-21;hipo:2026-09-22;hipo:2026-09-23;hipo:2026-09-24;hipo:2026-09-25;hipo:2026-09-26;hipo:2026-09-27;hipo:2026-09-28;hipo:2026-09-29;hipo:2026-09-30;hipo:2026-10-01;hipo:2026-10-02;hipo:2026-10-03;hipo:2026-10-04;hipo:2026-10-05;hipo:2026-10-06;hipo:2026-10-07;hipo:2026-10-08;hipo:2026-10-09,,0,unreachable-dns,shikoku-u.ac.jp,
"Shimane University, Faculty of Medicine",shimane-med.ac.jp,university/college,2026-09-26,Inaccessible,hipo:2026-09-17;hipo:2026-09-18;hipo:2026-09-19;hipo:2026-09-20;hipo:2026-09-21;hipo:2026-09-22;hipo:2026-09-23;hipo:2026-09-24;hipo:2026-09-25;hipo:2026-09-26;hipo:2026-09-27;hipo:2026-09-28;hipo:2026-09-29;hipo:2026-09-30;hipo:2026-10-01;hipo:2026-10-02;hipo:2026-10-03;hipo:2026-10-04;hipo:2026-10-05;hipo:2026-10-06;hipo:2026-10-07;hipo:2026-10-08;hipo:2026-10-09,,0,unreachable-dns,shimane-med.ac.jp,
Shimane University,shimane-u.ac.jp,university/college,2026-09-26,Inaccessible,hipo:2026-09-17;hipo:2026-09-18;hipo:2026-09-19;hipo:2026-09-20;hipo:2026-09-21;hipo:2026-09-22;hipo:2026-09-23;hipo:2026-09-24;hipo:2026-09-25;hipo:2026-09-26;hipo:2026-09-27;hipo:2026-09-28;hipo:2026-09-29;hipo:2026-09-30;openalex:page85;hipo:2026-10-01;hipo:2026-10-02;hipo:2026-10-03;hipo:2026-10-04;hipo:2026-10-05;hipo:2026-10-06;hipo:2026-10-07;hipo:2026-10-08;hipo:2026-10-09,,0,unreachable-dns,shimane-u.ac.jp,
Shimonoseki City University,shimonoseki-cu.ac.jp,university/college,2026-09-26,Inaccessible,hipo:2026-09-17;hipo:2026-09-18;hipo:2026-09-19;hipo:2026-09-20;hipo:2026-09-21;hipo:2026-09-22;hipo:2026-09-23;hipo:2026-09-24;hipo:2026-09-25;hipo:2026-09-26;hipo:2026-09-27;hipo:2026-09-28;hipo:2026-09-29;hipo:2026-09-30;hipo:2026-10-01;hipo:2026-10-02;hipo:2026-10-03;hipo:2026-10-04;hipo:2026-10-05;hipo:2026-10-06;hipo:2026-10-07;hipo:2026-10-08;hipo:2026-10-09,,0,unreachable-dns,shimonoseki-cu.ac.jp,
Shinshu University,shinshu-u.ac.jp,university/college,2026-09-26,Inaccessible,hipo:2026-09-17;hipo:2026-09-18;hipo:2026-09-19;hipo:2026-09-20;hipo:2026-09-21;hipo:2026-09-22;hipo:2026-09-23;openalex:page53;hipo:2026-09-24;hipo:2026-09-25;hipo:2026-09-26;hipo:2026-09-27;hipo:2026-09-28;hipo:2026-09-29;hipo:2026-09-30;hipo:2026-10-01;hipo:2026-10-02;hipo:2026-10-03;hipo:2026-10-04;hipo:2026-10-05;hipo:2026-10-06;hipo:2026-10-07;hipo:2026-10-08;hipo:2026-10-09,,0,unreachable-dns,shinshu-u.ac.jp,
Shirayuri Women's College,shirayuri.ac.jp,university/college,2026-09-26,Inaccessible,hipo:2026-09-17;hipo:2026-09-18;hipo:2026-09-19;hipo:2026-09-20;hipo:2026-09-21;hipo:2026-09-22;hipo:2026-09-23;hipo:2026-09-24;hipo:2026-09-25;hipo:2026-09-26;hipo:2026-09-27;hipo:2026-09-28;hipo:2026-09-29;hipo:2026-09-30;hipo:2026-10-01;hipo:2026-10-02;hipo:2026-10-03;hipo:2026-10-04;hipo:2026-10-05;hipo:2026-10-06;hipo:2026-10-07;hipo:2026-10-08;hipo:2026-10-09,,0,fetch-error:ConnectTimeout,shirayuri.ac.jp,
International Buddhist University,shitennoji.ac.jp,university/college,2026-09-26,Active,hipo:2026-09-17;hipo:2026-09-18;hipo:2026-09-19;hipo:2026-09-20;hipo:2026-09-21;hipo:2026-09-22;hipo:2026-09-23;hipo:2026-09-24;hipo:2026-09-25;hipo:2026-09-26;hipo:2026-09-27;hipo:2026-09-28;hipo:2026-09-29;hipo:2026-09-30;hipo:2026-10-01;hipo:2026-10-02;hipo:2026-10-03;hipo:2026-10-04;hipo:2026-10-05;hipo:2026-10-06;hipo:2026-10-07;hipo:2026-10-08;hipo:2026-10-09,,90,http-2xx-html+multi-source+edu-keywords+structure+substantial-content,shitennoji.ac.jp,ja
Shizuoka University,shizuoka.ac.jp,university/college,2026-09-26,Inaccessible,hipo:2026-09-17;hipo:2026-09-18;hipo:2026-09-19;hipo:2026-09-20;hipo:2026-09-21;hipo:2026-09-22;hipo:2026-09-23;hipo:2026-09-24;hipo:2026-09-25;hipo:2026-09-26;openalex:page70;hipo:2026-09-27;hipo:2026-09-28;hipo:2026-09-29;hipo:2026-09-30;hipo:2026-10-01;hipo:2026-10-02;hipo:2026-10-03;hipo:2026-10-04;hipo:2026-10-05;hipo:2026-10-06;hipo:2026-10-07;hipo:2026-10-08;hipo:2026-10-09,,0,fetch-error:ConnectTimeout,shizuoka.ac.jp,
Yokohama College of Commerce,shodai.ac.jp,university/college,2026-09-26,Inaccessible,hipo:2026-09-17;hipo:2026-09-18;hipo:2026-09-19;hipo:2026-09-20;hipo:2026-09-21;hipo:2026-09-22;hipo:2026-09-23;hipo:2026-09-24;hipo:2026-09-25;hipo:2026-09-26;hipo:2026-09-27;hipo:2026-09-28;hipo:2026-09-29;hipo:2026-09-30;hipo:2026-10-01;hipo:2026-10-02;hipo:2026-10-03;hipo:2026-10-04;hipo:2026-10-05;hipo:2026-10-06;hipo:2026-10-07;hipo:2026-10-08;hipo:2026-10-09,,0,unreachable-dns,shodai.ac.jp,
Kobe Shoin Women's University,shoin.ac.jp,university/college,2026-09-26,Inaccessible,hipo:2026-09-17;hipo:2026-09-18;hipo:2026-09-19;hipo:2026-09-20;hipo:2026-09-21;hipo:2026-09-22;hipo:2026-09-23;hipo:2026-09-24;hipo:2026-09-25;hipo:2026-09-26;hipo:2026-09-27;hipo:2026-09-28;hipo:2026-09-29;hipo:2026-09-30;hipo:2026-10-01;hipo:2026-10-02;hipo:2026-10-03;hipo:2026-10-04;hipo:2026-10-05;hipo:2026-10-06;hipo:2026-10-07;hipo:2026-10-08;hipo:2026-10-09,,0,unreachable-dns,shoin.ac.jp,
Shokei College,shokei-gakuen.ac.jp,university/college,2026-09-26,Inaccessible,hipo:2026-09-17;hipo:2026-09-18;hipo:2026-09-19;hipo:2026-09-20;hipo:2026-09-21;hipo:2026-09-22;hipo:2026-09-23;hipo:2026-09-24;hipo:2026-09-25;hipo:2026-09-26;hipo:2026-09-27;hipo:2026-09-28;hipo:2026-09-29;hipo:2026-09-30;hipo:2026-10-01;hipo:2026-10-02;hipo:2026-10-03;hipo:2026-10-04;hipo:2026-10-05;hipo:2026-10-06;hipo:2026-10-07;hipo:2026-10-08;hipo:2026-10-09,,0,unreachable-dns,shokei-gakuen.ac.jp,
Shonan Institute of Technology,shonan-it.ac.jp,university/college,2026-09-26,Active,hipo:2026-09-17;hipo:2026-09-18;hipo:2026-09-19;hipo:2026-09-20;hipo:2026-09-21;hipo:2026-09-22;hipo:2026-09-23;hipo:2026-09-24;hipo:2026-09-25;hipo:2026-09-26;hipo:2026-09-27;hipo:2026-09-28;hipo:2026-09-29;hipo:2026-09-30;hipo:2026-10-01;hipo:2026-10-02;hipo:2026-10-03;hipo:2026-10-04;hipo:2026-10-05;hipo:2026-10-06;hipo:2026-10-07;hipo:2026-10-08;hipo:2026-10-09,,90,http-2xx-html+multi-source+edu-keywords+structure+substantial-content,shonan-it.ac.jp,ja
Gifu Shotoku Gakuen University,shotoku.ac.jp,university/college,2026-09-26,Active,hipo:2026-09-17;hipo:2026-09-18;hipo:2026-09-19;hipo:2026-09-20;hipo:2026-09-21;hipo:2026-09-22;hipo:2026-09-23;hipo:2026-09-24;hipo:2026-09-25;hipo:2026-09-26;hipo:2026-09-27;hipo:2026-09-28;hipo:2026-09-29;hipo:2026-09-30;hipo:2026-10-01;hipo:2026-10-02;hipo:2026-10-03;hipo:2026-10-04;hipo:2026-10-05;hipo:2026-10-06;hipo:2026-10-07;hipo:2026-10-08;hipo:2026-10-09,,90,http-2xx-html+multi-source+edu-keywords+structure+substantial-content,shotoku.ac.jp,ja
Showa University,showa-u.ac.jp,university/college,2026-09-26,Inaccessible,hipo:2026-09-17;hipo:2026-09-18;hipo:2026-09-19;hipo:2026-09-20;hipo:2026-09-21;hipo:2026-09-22;hipo:2026-09-23;hipo:2026-09-24;hipo:2026-09-25;hipo:2026-09-26;hipo:2026-09-27;hipo:2026-09-28;hipo:2026-09-29;hipo:2026-09-30;hipo:2026-10-01;hipo:2026-10-02;hipo:2026-10-03;hipo:2026-10-04;hipo:2026-10-05;hipo:2026-10-06;hipo:2026-10-07;hipo:2026-10-08;hipo:2026-10-09,,0,unreachable-dns,showa-u.ac.jp,
Showa College of Pharmaceutical Sciences,shoyaku.ac.jp,university/college,2026-09-26,Inaccessible,hipo:2026-09-17;hipo:2026-09-18;hipo:2026-09-19;hipo:2026-09-20;hipo:2026-09-21;hipo:2026-09-22;hipo:2026-09-23;hipo:2026-09-24;hipo:2026-09-25;hipo:2026-09-26;hipo:2026-09-27;hipo:2026-09-28;hipo:2026-09-29;hipo:2026-09-30;hipo:2026-10-01;hipo:2026-10-02;hipo:2026-10-03;hipo:2026-10-04;hipo:2026-10-05;hipo:2026-10-06;hipo:2026-10-07;hipo:2026-10-08;hipo:2026-10-09,,0,unreachable-dns,shoyaku.ac.jp,
Shuchiin College,shuchiin.ac.jp,university/college,2026-09-26,Active,hipo:2026-09-17;hipo:2026-09-18;hipo:2026-09-19;hipo:2026-09-20;hipo:2026-09-21;hipo:2026-09-22;hipo:2026-09-23;hipo:2026-09-24;hipo:2026-09-25;hipo:2026-09-26;hipo:2026-09-27;hipo:2026-09-28;hipo:2026-09-29;hipo:2026-09-30;hipo:2026-10-01;hipo:2026-10-02;hipo:2026-10-03;hipo:2026-10-04;hipo:2026-10-05;hipo:2026-10-06;hipo:2026-10-07;hipo:2026-10-08;hipo:2026-10-09,,80,http-2xx-html+multi-source+edu-keywords+structure,shuchiin.ac.jp,
Hiroshima Shudo University,shudo-u.ac.jp,university/college,2026-09-26,Inaccessible,hipo:2026-09-17;hipo:2026-09-18;hipo:2026-09-19;hipo:2026-09-20;hipo:2026-09-21;hipo:2026-09-22;hipo:2026-09-23;hipo:2026-09-24;hipo:2026-09-25;hipo:2026-09-26;hipo:2026-09-27;hipo:2026-09-28;hipo:2026-09-29;hipo:2026-09-30;hipo:2026-10-01;hipo:2026-10-02;hipo:2026-10-03;hipo:2026-10-04;hipo:2026-10-05;hipo:2026-10-06;hipo:2026-10-07;hipo:2026-10-08;hipo:2026-10-09,,0,unreachable-dns,shudo-u.ac.jp,
Shujitsu Women's University,shujitsu.ac.jp,university/college,2026-09-26,Inaccessible,hipo:2026-09-17;hipo:2026-09-18;hipo:2026-09-19;hipo:2026-09-20;hipo:2026-09-21;hipo:2026-09-22;hipo:2026-09-23;hipo:2026-09-24;hipo:2026-09-25;hipo:2026-09-26;hipo:2026-09-27;hipo:2026-09-28;hipo:2026-09-29;hipo:2026-09-30;hipo:2026-10-01;hipo:2026-10-02;hipo:2026-10-03;hipo:2026-10-04;hipo:2026-10-05;hipo:2026-10-06;hipo:2026-10-07;hipo:2026-10-08;hipo:2026-10-09,,0,unreachable-dns,shujitsu.ac.jp,
Shukutoku University,shukutoku.ac.jp,university/college,2026-09-26,Inaccessible,hipo:2026-09-17;hipo:2026-09-18;hipo:2026-09-19;hipo:2026-09-20;hipo:2026-09-21;hipo:2026-09-22;hipo:2026-09-23;hipo:2026-09-24;hipo:2026-09-25;hipo:2026-09-26;hipo:2026-09-27;hipo:2026-09-28;hipo:2026-09-29;hipo:2026-09-30;hipo:2026-10-01;hipo:2026-10-02;hipo:2026-10-03;hipo:2026-10-04;hipo:2026-10-05;hipo:2026-10-06;hipo:2026-10-07;hipo:2026-10-08;hipo:2026-10-09,,0,unreachable-dns,shukutoku.ac.jp,
Shumei University,shumei-u.ac.jp,university/college,2026-09-26,Active,hipo:2026-09-17;hipo:2026-09-18;hipo:2026-09-19;hipo:2026-09-20;hipo:2026-09-21;hipo:2026-09-22;hipo:2026-09-23;hipo:2026-09-24;hipo:2026-09-25;hipo:2026-09-26;hipo:2026-09-27;hipo:2026-09-28;hipo:2026-09-29;hipo:2026-09-30;hipo:2026-10-01;hipo:2026-10-02;hipo:2026-10-03;hipo:2026-10-04;hipo:2026-10-05;hipo:2026-10-06;hipo:2026-10-07;hipo:2026-10-08;hipo:2026-10-09,,90,http-2xx-html+multi-source+edu-keywords+trusted-suffix+substantial-content,shumei-u.ac.jp,ja
Saitama Institute of Technology,sit.ac.jp,university/college,2026-09-26,Inaccessible,hipo:2026-09-17;hipo:2026-09-18;hipo:2026-09-19;hipo:2026-09-20;hipo:2026-09-21;hipo:2026-09-22;hipo:2026-09-23;hipo:2026-09-24;hipo:2026-09-25;hipo:2026-09-26;hipo:2026-09-27;hipo:2026-09-28;hipo:2026-09-29;hipo:2026-09-30;hipo:2026-10-01;hipo:2026-10-02;hipo:2026-10-03;hipo:2026-10-04;hipo:2026-10-05;hipo:2026-10-06;hipo:2026-10-07;hipo:2026-10-08;hipo:2026-10-09,,10,parking-linkfarm,sit.ac.jp,ja
Sapporo International University,siu.ac.jp,university/college,2026-09-26,Active,hipo:2026-09-17;hipo:2026-09-18;hipo:2026-09-19;hipo:2026-09-20;hipo:2026-09-21;hipo:2026-09-22;hipo:2026-09-23;hipo:2026-09-24;hipo:2026-09-25;hipo:2026-09-26;hipo:2026-09-27;hipo:2026-09-28;hipo:2026-09-29;hipo:2026-09-30;hipo:2026-10-01;hipo:2026-10-02;hipo:2026-10-03;hipo:2026-10-04;hipo:2026-10-05;hipo:2026-10-06;hipo:2026-10-07;hipo:2026-10-08;hipo:2026-10-09,,80,http-2xx-html+multi-source+edu-keywords+structure,siu.ac.jp,
St. Luke' s College of Nursing,slcn.ac.jp,university/college,2026-09-26,Inaccessible,hipo:2026-09-17;hipo:2026-09-18;hipo:2026-09-19;hipo:2026-09-20;hipo:2026-09-21;hipo:2026-09-22;hipo:2026-09-23;hipo:2026-09-24;hipo:2026-09-25;hipo:2026-09-26;hipo:2026-09-27;hipo:2026-09-28;hipo:2026-09-29;hipo:2026-09-30;hipo:2026-10-01;hipo:2026-10-02;hipo:2026-10-03;hipo:2026-10-04;hipo:2026-10-05;hipo:2026-10-06;hipo:2026-10-07;hipo:2026-10-08;hipo:2026-10-09,,0,unreachable-dns,slcn.ac.jp,
Soai University,soai.ac.jp,university/college,2026-09-26,Active,hipo:2026-09-17;hipo:2026-09-18;hipo:2026-09-19;hipo:2026-09-20;hipo:2026-09-21;hipo:2026-09-22;hipo:2026-09-23;hipo:2026-09-24;hipo:2026-09-25;hipo:2026-09-26;hipo:2026-09-27;hipo:2026-09-28;hipo:2026-09-29;hipo:2026-09-30;hipo:2026-10-01;hipo:2026-10-02;hipo:2026-10-03;hipo:2026-10-04;hipo:2026-10-05;hipo:2026-10-06;hipo:2026-10-07;hipo:2026-10-08;hipo:2026-10-09,,80,http-2xx-html+multi-source+edu-keywords+trusted-suffix,soai.ac.jp,ja
Soka University,soka.ac.jp,university/college,2026-09-26,Inaccessible,hipo:2026-09-17;hipo:2026-09-18;hipo:2026-09-19;hipo:2026-09-20;hipo:2026-09-21;hipo:2026-09-22;hipo:2026-09-23;hipo:2026-09-24;hipo:2026-09-25;hipo:2026-09-26;hipo:2026-09-27;hipo:2026-09-28;hipo:2026-09-29;hipo:2026-09-30;hipo:2026-10-01;hipo:2026-10-02;hipo:2026-10-03;hipo:2026-10-04;hipo:2026-10-05;hipo:2026-10-06;hipo:2026-10-07;hipo:2026-10-08;hipo:2026-10-09,,0,unreachable-dns,soka.ac.jp,
Graduate University for Advanced Studies,soken.ac.jp,university/college,2026-09-26,Inaccessible,hipo:2026-09-17;hipo:2026-09-18;hipo:2026-09-19;hipo:2026-09-20;hipo:2026-09-21;hipo:2026-09-22;hipo:2026-09-23;hipo:2026-09-24;hipo:2026-09-25;hipo:2026-09-26;hipo:2026-09-27;hipo:2026-09-28;hipo:2026-09-29;hipo:2026-09-30;hipo:2026-10-01;hipo:2026-10-02;hipo:2026-10-03;hipo:2026-10-04;hipo:2026-10-05;hipo:2026-10-06;hipo:2026-10-07;hipo:2026-10-08;hipo:2026-10-09,,0,unreachable-dns,soken.ac.jp,
Sonoda Women's University,sonoda-u.ac.jp,university/college,2026-09-26,Active,hipo:2026-09-17;hipo:2026-09-18;hipo:2026-09-19;hipo:2026-09-20;hipo:2026-09-21;hipo:2026-09-22;hipo:2026-09-23;hipo:2026-09-24;hipo:2026-09-25;hipo:2026-09-26;hipo:2026-09-27;hipo:2026-09-28;hipo:2026-09-29;hipo:2026-09-30;hipo:2026-10-01;hipo:2026-10-02;hipo:2026-10-03;hipo:2026-10-04;hipo:2026-10-05;hipo:2026-10-06;hipo:2026-10-07;hipo:2026-10-08;hipo:2026-10-09,,90,http-2xx-html+multi-source+edu-keywords+structure+substantial-content,sonoda-u.ac.jp,ja
Sophia University,sophia.ac.jp,university/college,2026-09-26,Inaccessible,hipo:2026-09-17;hipo:2026-09-18;hipo:2026-09-19;hipo:2026-09-20;hipo:2026-09-21;hipo:2026-09-22;hipo:2026-09-23;hipo:2026-09-24;hipo:2026-09-25;hipo:2026-09-26;hipo:2026-09-27;hipo:2026-09-28;hipo:2026-09-29;hipo:2026-09-30;hipo:2026-10-01;hipo:2026-10-02;hipo:2026-10-03;hipo:2026-10-04;hipo:2026-10-05;hipo:2026-10-06;hipo:2026-10-07;hipo:2026-10-08;hipo:2026-10-09,,0,unreachable-dns,sophia.ac.jp,
Saitama Prefectural University,spu.ac.jp,university/college,2026-09-26,Inaccessible,hipo:2026-09-17;hipo:2026-09-18;hipo:2026-09-19;hipo:2026-09-20;hipo:2026-09-21;hipo:2026-09-22;hipo:2026-09-23;hipo:2026-09-24;hipo:2026-09-25;hipo:2026-09-26;hipo:2026-09-27;hipo:2026-09-28;hipo:2026-09-29;hipo:2026-09-30;hipo:2026-10-01;hipo:2026-10-02;hipo:2026-10-03;hipo:2026-10-04;hipo:2026-10-05;hipo:2026-10-06;hipo:2026-10-07;hipo:2026-10-08;hipo:2026-10-09,,0,unreachable-dns,spu.ac.jp,
Shizuoka Sangyo University,ssu.ac.jp,university/college,2026-09-26,Active,hipo:2026-09-17;hipo:2026-09-18;hipo:2026-09-19;hipo:2026-09-20;hipo:2026-09-21;hipo:2026-09-22;hipo:2026-09-23;hipo:2026-09-24;hipo:2026-09-25;hipo:2026-09-26;hipo:2026-09-27;hipo:2026-09-28;hipo:2026-09-29;hipo:2026-09-30;hipo:2026-10-01;hipo:2026-10-02;hipo:2026-10-03;hipo:2026-10-04;hipo:2026-10-05;hipo:2026-10-06;hipo:2026-10-07;hipo:2026-10-08;hipo:2026-10-09,,90,http-2xx-html+multi-source+edu-keywords+structure+substantial-content,ssu.ac.jp,ja
Sugino Women's College,sugino.ac.jp,university/college,2026-09-26,Inaccessible,hipo:2026-09-17;hipo:2026-09-18;hipo:2026-09-19;hipo:2026-09-20;hipo:2026-09-21;hipo:2026-09-22;hipo:2026-09-23;hipo:2026-09-24;hipo:2026-09-25;hipo:2026-09-26;hipo:2026-09-27;hipo:2026-09-28;hipo:2026-09-29;hipo:2026-09-30;hipo:2026-10-01;hipo:2026-10-02;hipo:2026-10-03;hipo:2026-10-04;hipo:2026-10-05;hipo:2026-10-06;hipo:2026-10-07;hipo:2026-10-08;hipo:2026-10-09,,0,fetch-error:SSLError,sugino.ac.jp,
Sugiyama Jogakuen University,sugiyama-u.ac.jp,university/college,2026-09-26,Inaccessible,hipo:2026-09-17;hipo:2026-09-18;hipo:2026-09-19;hipo:2026-09-20;hipo:2026-09-21;hipo:2026-09-22;hipo:2026-09-23;hipo:2026-09-24;hipo:2026-09-25;hipo:2026-09-26;hipo:2026-09-27;hipo:2026-09-28;hipo:2026-09-29;hipo:2026-09-30;hipo:2026-10-01;hipo:2026-10-02;hipo:2026-10-03;hipo:2026-10-04;hipo:2026-10-05;hipo:2026-10-06;hipo:2026-10-07;hipo:2026-10-08;hipo:2026-10-09,,0,unreachable-dns,sugiyama-u.ac.jp,
Kobe Women's University,suma.kobe-wu.ac.jp,university/college,2026-09-26,Inaccessible,hipo:2026-09-17;hipo:2026-09-18;hipo:2026-09-19;hipo:2026-09-20;hipo:2026-09-21;hipo:2026-09-22;hipo:2026-09-23;hipo:2026-09-24;hipo:2026-09-25;hipo:2026-09-26;hipo:2026-09-27;hipo:2026-09-28;hipo:2026-09-29;hipo:2026-09-30;hipo:2026-10-01;hipo:2026-10-02;hipo:2026-10-03;hipo:2026-10-04;hipo:2026-10-05;hipo:2026-10-06;hipo:2026-10-07;hipo:2026-10-08;hipo:2026-10-09,,0,unreachable-dns,suma.kobe-wu.ac.jp,
Siebold University of Nagasaki,sun.ac.jp,university/college,2026-09-26,Active,hipo:2026-09-17;hipo:2026-09-18;hipo:2026-09-19;hipo:2026-09-20;hipo:2026-09-21;hipo:2026-09-22;hipo:2026-09-23;hipo:2026-09-24;hipo:2026-09-25;hipo:2026-09-26;hipo:2026-09-27;hipo:2026-09-28;hipo:2026-09-29;hipo:2026-09-30;hipo:2026-10-01;hipo:2026-10-02;hipo:2026-10-03;hipo:2026-10-04;hipo:2026-10-05;hipo:2026-10-06;hipo:2026-10-07;hipo:2026-10-08;hipo:2026-10-09,,90,http-2xx-html+multi-source+edu-keywords+structure+substantial-content,sun.ac.jp,ja
Surugadai University,surugadai.ac.jp,university/college,2026-09-26,Inaccessible,hipo:2026-09-17;hipo:2026-09-18;hipo:2026-09-19;hipo:2026-09-20;hipo:2026-09-21;hipo:2026-09-22;hipo:2026-09-23;hipo:2026-09-24;hipo:2026-09-25;hipo:2026-09-26;hipo:2026-09-27;hipo:2026-09-28;hipo:2026-09-29;hipo:2026-09-30;hipo:2026-10-01;hipo:2026-10-02;hipo:2026-10-03;hipo:2026-10-04;hipo:2026-10-05;hipo:2026-10-06;hipo:2026-10-07;hipo:2026-10-08;hipo:2026-10-09,,0,unreachable-dns,surugadai.ac.jp,
Science University of Tokyo,sut.ac.jp,university/college,2026-09-26,Inaccessible,hipo:2026-09-17;hipo:2026-09-18;hipo:2026-09-19;hipo:2026-09-20;hipo:2026-09-21;hipo:2026-09-22;hipo:2026-09-23;hipo:2026-09-24;hipo:2026-09-25;hipo:2026-09-26;hipo:2026-09-27;hipo:2026-09-28;hipo:2026-09-29;hipo:2026-09-30;hipo:2026-10-01;hipo:2026-10-02;hipo:2026-10-03;hipo:2026-10-04;hipo:2026-10-05;hipo:2026-10-06;hipo:2026-10-07;hipo:2026-10-08;hipo:2026-10-09,,0,unreachable-dns,sut.ac.jp,
Suzuka International University,suzuka-iu.ac.jp,university/college,2026-09-26,Inaccessible,hipo:2026-09-17;hipo:2026-09-18;hipo:2026-09-19;hipo:2026-09-20;hipo:2026-09-21;hipo:2026-09-22;hipo:2026-09-23;hipo:2026-09-24;hipo:2026-09-25;hipo:2026-09-26;hipo:2026-09-27;hipo:2026-09-28;hipo:2026-09-29;hipo:2026-09-30;hipo:2026-10-01;hipo:2026-10-02;hipo:2026-10-03;hipo:2026-10-04;hipo:2026-10-05;hipo:2026-10-06;hipo:2026-10-07;hipo:2026-10-08;hipo:2026-10-09,,0,unreachable-dns,suzuka-iu.ac.jp,
Suzuka Junior College,suzuka-jc.ac.jp,university/college,2026-10-06,Inaccessible,ror:api-p46,,0,fetch-error:SSLError,suzuka-jc.ac.jp,
Suzuka University of Medical Science,suzuka-u.ac.jp,university/college,2026-09-26,Inaccessible,hipo:2026-09-17;hipo:2026-09-18;hipo:2026-09-19;hipo:2026-09-20;hipo:2026-09-21;hipo:2026-09-22;hipo:2026-09-23;hipo:2026-09-24;hipo:2026-09-25;hipo:2026-09-26;hipo:2026-09-27;hipo:2026-09-28;hipo:2026-09-29;hipo:2026-09-30;hipo:2026-10-01;hipo:2026-10-02;hipo:2026-10-03;hipo:2026-10-04;hipo:2026-10-05;hipo:2026-10-06;hipo:2026-10-07;hipo:2026-10-08;hipo:2026-10-09,,0,unreachable-dns,suzuka-u.ac.jp,
Showa Women's University,swu.ac.jp,university/college,2026-09-26,Active,hipo:2026-09-17;hipo:2026-09-18;hipo:2026-09-19;hipo:2026-09-20;hipo:2026-09-21;hipo:2026-09-22;hipo:2026-09-23;hipo:2026-09-24;hipo:2026-09-25;hipo:2026-09-26;hipo:2026-09-27;hipo:2026-09-28;hipo:2026-09-29;hipo:2026-09-30;hipo:2026-10-01;hipo:2026-10-02;hipo:2026-10-03;hipo:2026-10-04;hipo:2026-10-05;hipo:2026-10-06;hipo:2026-10-07;hipo:2026-10-08;hipo:2026-10-09,,80,http-2xx-html+multi-source+edu-keywords+structure,swu.ac.jp,ja
Tomakomai Komazawa University,t-komazawa.ac.jp,university/college,2026-09-26,Inaccessible,hipo:2026-09-17;hipo:2026-09-18;hipo:2026-09-19;hipo:2026-09-20;hipo:2026-09-21;hipo:2026-09-22;hipo:2026-09-23;hipo:2026-09-24;hipo:2026-09-25;hipo:2026-09-26;hipo:2026-09-27;hipo:2026-09-28;hipo:2026-09-29;hipo:2026-09-30;hipo:2026-10-01;hipo:2026-10-02;hipo:2026-10-03;hipo:2026-10-04;hipo:2026-10-05;hipo:2026-10-06;hipo:2026-10-07;hipo:2026-10-08;hipo:2026-10-09,,0,unreachable-dns,t-komazawa.ac.jp,
Tokyo Institute of Polytechnics,t-kougei.ac.jp,university/college,2026-09-26,Inaccessible,hipo:2026-09-17;hipo:2026-09-18;hipo:2026-09-19;hipo:2026-09-20;hipo:2026-09-21;hipo:2026-09-22;hipo:2026-09-23;hipo:2026-09-24;hipo:2026-09-25;hipo:2026-09-26;hipo:2026-09-27;hipo:2026-09-28;hipo:2026-09-29;hipo:2026-09-30;hipo:2026-10-01;hipo:2026-10-02;hipo:2026-10-03;hipo:2026-10-04;hipo:2026-10-05;hipo:2026-10-06;hipo:2026-10-07;hipo:2026-10-08;hipo:2026-10-09,,0,fetch-error:SSLError,t-kougei.ac.jp,
Kyoto Tachibana Women's University,tachibana-u.ac.jp,university/college,2026-09-26,Inaccessible,hipo:2026-09-17;hipo:2026-09-18;hipo:2026-09-19;hipo:2026-09-20;hipo:2026-09-21;hipo:2026-09-22;hipo:2026-09-23;hipo:2026-09-24;hipo:2026-09-25;hipo:2026-09-26;hipo:2026-09-27;hipo:2026-09-28;hipo:2026-09-29;hipo:2026-09-30;hipo:2026-10-01;hipo:2026-10-02;hipo:2026-10-03;hipo:2026-10-04;hipo:2026-10-05;hipo:2026-10-06;hipo:2026-10-07;hipo:2026-10-08;hipo:2026-10-09,,0,unreachable-dns,tachibana-u.ac.jp,
Taisho University,tais.ac.jp,university/college,2026-09-26,Active,hipo:2026-09-17;hipo:2026-09-18;hipo:2026-09-19;hipo:2026-09-20;hipo:2026-09-21;hipo:2026-09-22;hipo:2026-09-23;hipo:2026-09-24;hipo:2026-09-25;hipo:2026-09-26;hipo:2026-09-27;hipo:2026-09-28;hipo:2026-09-29;hipo:2026-09-30;hipo:2026-10-01;hipo:2026-10-02;hipo:2026-10-03;hipo:2026-10-04;hipo:2026-10-05;hipo:2026-10-06;hipo:2026-10-07;hipo:2026-10-08;hipo:2026-10-09,,90,http-2xx-html+multi-source+edu-keywords+trusted-suffix+substantial-content,tais.ac.jp,ja
Takachiho University,takachiho.ac.jp,university/college,2026-09-26,Inaccessible,hipo:2026-09-17;hipo:2026-09-18;hipo:2026-09-19;hipo:2026-09-20;hipo:2026-09-21;hipo:2026-09-22;hipo:2026-09-23;hipo:2026-09-24;hipo:2026-09-25;hipo:2026-09-26;hipo:2026-09-27;hipo:2026-09-28;hipo:2026-09-29;hipo:2026-09-30;hipo:2026-10-01;hipo:2026-10-02;hipo:2026-10-03;hipo:2026-10-04;hipo:2026-10-05;hipo:2026-10-06;hipo:2026-10-07;hipo:2026-10-08;hipo:2026-10-09,,0,unreachable-dns,takachiho.ac.jp,
Takamatsu University,takamatsu-u.ac.jp,university/college,2026-09-26,Inaccessible,hipo:2026-09-17;hipo:2026-09-18;hipo:2026-09-19;hipo:2026-09-20;hipo:2026-09-21;hipo:2026-09-22;hipo:2026-09-23;hipo:2026-09-24;hipo:2026-09-25;hipo:2026-09-26;hipo:2026-09-27;hipo:2026-09-28;hipo:2026-09-29;hipo:2026-09-30;hipo:2026-10-01;hipo:2026-10-02;hipo:2026-10-03;hipo:2026-10-04;hipo:2026-10-05;hipo:2026-10-06;hipo:2026-10-07;hipo:2026-10-08;hipo:2026-10-09,,0,unreachable-dns,takamatsu-u.ac.jp,
Takarazuka University of Art and Design,takara-univ.ac.jp,university/college,2026-09-26,Inaccessible,hipo:2026-09-17;hipo:2026-09-18;hipo:2026-09-19;hipo:2026-09-20;hipo:2026-09-21;hipo:2026-09-22;hipo:2026-09-23;hipo:2026-09-24;hipo:2026-09-25;hipo:2026-09-26;hipo:2026-09-27;hipo:2026-09-28;hipo:2026-09-29;hipo:2026-09-30;hipo:2026-10-01;hipo:2026-10-02;hipo:2026-10-03;hipo:2026-10-04;hipo:2026-10-05;hipo:2026-10-06;hipo:2026-10-07;hipo:2026-10-08;hipo:2026-10-09,,0,unreachable-dns,takara-univ.ac.jp,
Takushoku University,takushoku-u.ac.jp,university/college,2026-09-26,Inaccessible,hipo:2026-09-17;hipo:2026-09-18;hipo:2026-09-19;hipo:2026-09-20;hipo:2026-09-21;hipo:2026-09-22;hipo:2026-09-23;hipo:2026-09-24;hipo:2026-09-25;hipo:2026-09-26;hipo:2026-09-27;hipo:2026-09-28;hipo:2026-09-29;hipo:2026-09-30;hipo:2026-10-01;hipo:2026-10-02;hipo:2026-10-03;hipo:2026-10-04;hipo:2026-10-05;hipo:2026-10-06;hipo:2026-10-07;hipo:2026-10-08;hipo:2026-10-09,,0,unreachable-dns,takushoku-u.ac.jp,
Tama Art University,tamabi.ac.jp,university/college,2026-09-26,Active,hipo:2026-09-17;hipo:2026-09-18;hipo:2026-09-19;hipo:2026-09-20;hipo:2026-09-21;hipo:2026-09-22;hipo:2026-09-23;hipo:2026-09-24;hipo:2026-09-25;hipo:2026-09-26;hipo:2026-09-27;hipo:2026-09-28;hipo:2026-09-29;hipo:2026-09-30;hipo:2026-10-01;hipo:2026-10-02;hipo:2026-10-03;hipo:2026-10-04;hipo:2026-10-05;hipo:2026-10-06;hipo:2026-10-07;hipo:2026-10-08;hipo:2026-10-09,,80,http-2xx-html+multi-source+edu-keywords+trusted-suffix,tamabi.ac.jp,ja
Tamagawa University,tamagawa.ac.jp,university/college,2026-09-26,Inaccessible,hipo:2026-09-17;hipo:2026-09-18;hipo:2026-09-19;hipo:2026-09-20;hipo:2026-09-21;hipo:2026-09-22;hipo:2026-09-23;hipo:2026-09-24;hipo:2026-09-25;hipo:2026-09-26;hipo:2026-09-27;hipo:2026-09-28;hipo:2026-09-29;hipo:2026-09-30;hipo:2026-10-01;hipo:2026-10-02;hipo:2026-10-03;hipo:2026-10-04;hipo:2026-10-05;hipo:2026-10-06;hipo:2026-10-07;hipo:2026-10-08;hipo:2026-10-09,,0,fetch-error:ConnectTimeout,tamagawa.ac.jp,
Tohoku Bunka Gakuen University,tbgu.ac.jp,university/college,2026-09-26,Active,hipo:2026-09-17;hipo:2026-09-18;hipo:2026-09-19;hipo:2026-09-20;hipo:2026-09-21;hipo:2026-09-22;hipo:2026-09-23;hipo:2026-09-24;hipo:2026-09-25;hipo:2026-09-26;hipo:2026-09-27;hipo:2026-09-28;hipo:2026-09-29;hipo:2026-09-30;hipo:2026-10-01;hipo:2026-10-02;hipo:2026-10-03;hipo:2026-10-04;hipo:2026-10-05;hipo:2026-10-06;hipo:2026-10-07;hipo:2026-10-08;hipo:2026-10-09,,90,http-2xx-html+multi-source+edu-keywords+structure+substantial-content,tbgu.ac.jp,ja
Takasaki City University of Economics,tcue.ac.jp,university/college,2026-09-26,Inaccessible,hipo:2026-09-17;hipo:2026-09-18;hipo:2026-09-19;hipo:2026-09-20;hipo:2026-09-21;hipo:2026-09-22;hipo:2026-09-23;hipo:2026-09-24;hipo:2026-09-25;hipo:2026-09-26;hipo:2026-09-27;hipo:2026-09-28;hipo:2026-09-29;hipo:2026-09-30;hipo:2026-10-01;hipo:2026-10-02;hipo:2026-10-03;hipo:2026-10-04;hipo:2026-10-05;hipo:2026-10-06;hipo:2026-10-07;hipo:2026-10-08;hipo:2026-10-09,,0,unreachable-dns,tcue.ac.jp,
Tokyo College of Welfare,tcw.ac.jp,university/college,2026-10-06,Active,ror:api-p46,,60,http-2xx-html+edu-keywords+structure+substantial-content,tcw.ac.jp,ja
Tokyo Dental College,tdc.ac.jp,university/college,2026-09-26,Active,hipo:2026-09-17;hipo:2026-09-18;hipo:2026-09-19;hipo:2026-09-20;hipo:2026-09-21;hipo:2026-09-22;hipo:2026-09-23;hipo:2026-09-24;hipo:2026-09-25;hipo:2026-09-26;hipo:2026-09-27;hipo:2026-09-28;hipo:2026-09-29;hipo:2026-09-30;hipo:2026-10-01;hipo:2026-10-02;hipo:2026-10-03;hipo:2026-10-04;hipo:2026-10-05;hipo:2026-10-06;hipo:2026-10-07;hipo:2026-10-08;hipo:2026-10-09,,90,http-2xx-html+multi-source+edu-keywords+structure+substantial-content,tdc.ac.jp,ja
Teikyo Heisei University,teikyo-u.ac.jp,university/college,2026-09-26,Inaccessible,hipo:2026-09-17;hipo:2026-09-18;hipo:2026-09-19;hipo:2026-09-20;hipo:2026-09-21;hipo:2026-09-22;hipo:2026-09-23;hipo:2026-09-24;hipo:2026-09-25;hipo:2026-09-26;hipo:2026-09-27;hipo:2026-09-28;hipo:2026-09-29;hipo:2026-09-30;hipo:2026-10-01;hipo:2026-10-02;hipo:2026-10-03;hipo:2026-10-04;hipo:2026-10-05;hipo:2026-10-06;hipo:2026-10-07;hipo:2026-10-08;hipo:2026-10-09,,0,fetch-error:ConnectTimeout,teikyo-u.ac.jp,
Tenri University,tenri-u.ac.jp,university/college,2026-09-26,Inaccessible,hipo:2026-09-17;hipo:2026-09-18;hipo:2026-09-19;hipo:2026-09-20;hipo:2026-09-21;hipo:2026-09-22;hipo:2026-09-23;hipo:2026-09-24;hipo:2026-09-25;hipo:2026-09-26;hipo:2026-09-27;hipo:2026-09-28;hipo:2026-09-29;hipo:2026-09-30;hipo:2026-10-01;hipo:2026-10-02;hipo:2026-10-03;hipo:2026-10-04;hipo:2026-10-05;hipo:2026-10-06;hipo:2026-10-07;hipo:2026-10-08;hipo:2026-10-09,,0,unreachable-dns,tenri-u.ac.jp,
Fuji University,termnet.co.jp,university/college,2026-09-26,Inaccessible,hipo:2026-09-17;hipo:2026-09-18;hipo:2026-09-19;hipo:2026-09-20;hipo:2026-09-21;hipo:2026-09-22;hipo:2026-09-23;hipo:2026-09-24;hipo:2026-09-25;hipo:2026-09-26;hipo:2026-09-27;hipo:2026-09-28;hipo:2026-09-29;hipo:2026-09-30;hipo:2026-10-01;hipo:2026-10-02;hipo:2026-10-03;hipo:2026-10-04;hipo:2026-10-05;hipo:2026-10-06;hipo:2026-10-07;hipo:2026-10-08;hipo:2026-10-09,,40,low-confidence:http-2xx-html+multi-source+structure+non-educational-content,termnet.co.jp,ja
Tokyo Engineering University,teu.ac.jp,university/college,2026-09-26,Inaccessible,hipo:2026-09-17;hipo:2026-09-18;hipo:2026-09-19;hipo:2026-09-20;hipo:2026-09-21;hipo:2026-09-22;hipo:2026-09-23;hipo:2026-09-24;hipo:2026-09-25;hipo:2026-09-26;hipo:2026-09-27;hipo:2026-09-28;hipo:2026-09-29;hipo:2026-09-30;hipo:2026-10-01;hipo:2026-10-02;hipo:2026-10-03;hipo:2026-10-04;hipo:2026-10-05;hipo:2026-10-06;hipo:2026-10-07;hipo:2026-10-08;hipo:2026-10-09,,0,fetch-error:ConnectTimeout,teu.ac.jp,
Tezukayama Gakuin University,tezuka-gu.ac.jp,university/college,2026-09-26,Inaccessible,hipo:2026-09-17;hipo:2026-09-18;hipo:2026-09-19;hipo:2026-09-20;hipo:2026-09-21;hipo:2026-09-22;hipo:2026-09-23;hipo:2026-09-24;hipo:2026-09-25;hipo:2026-09-26;hipo:2026-09-27;hipo:2026-09-28;hipo:2026-09-29;hipo:2026-09-30;hipo:2026-10-01;hipo:2026-10-02;hipo:2026-10-03;hipo:2026-10-04;hipo:2026-10-05;hipo:2026-10-06;hipo:2026-10-07;hipo:2026-10-08;hipo:2026-10-09,,0,unreachable-dns,tezuka-gu.ac.jp,
Tezukayama University,tezukayama-u.ac.jp,university/college,2026-09-26,Inaccessible,hipo:2026-09-17;hipo:2026-09-18;hipo:2026-09-19;hipo:2026-09-20;hipo:2026-09-21;hipo:2026-09-22;hipo:2026-09-23;hipo:2026-09-24;hipo:2026-09-25;hipo:2026-09-26;hipo:2026-09-27;hipo:2026-09-28;hipo:2026-09-29;hipo:2026-09-30;hipo:2026-10-01;hipo:2026-10-02;hipo:2026-10-03;hipo:2026-10-04;hipo:2026-10-05;hipo:2026-10-06;hipo:2026-10-07;hipo:2026-10-08;hipo:2026-10-09,,0,unreachable-dns,tezukayama-u.ac.jp,
Tohoku Fukushi University,tfu.ac.jp,university/college,2026-09-26,Inaccessible,hipo:2026-09-17;hipo:2026-09-18;hipo:2026-09-19;hipo:2026-09-20;hipo:2026-09-21;hipo:2026-09-22;hipo:2026-09-23;hipo:2026-09-24;hipo:2026-09-25;hipo:2026-09-26;hipo:2026-09-27;hipo:2026-09-28;hipo:2026-09-29;hipo:2026-09-30;hipo:2026-10-01;hipo:2026-10-02;hipo:2026-10-03;hipo:2026-10-04;hipo:2026-10-05;hipo:2026-10-06;hipo:2026-10-07;hipo:2026-10-08;hipo:2026-10-09,,0,unreachable-dns,tfu.ac.jp,
Tama Institute of Management and Information Sciences,timis.ac.jp,university/college,2026-09-26,Inaccessible,hipo:2026-09-17;hipo:2026-09-18;hipo:2026-09-19;hipo:2026-09-20;hipo:2026-09-21;hipo:2026-09-22;hipo:2026-09-23;hipo:2026-09-24;hipo:2026-09-25;hipo:2026-09-26;hipo:2026-09-27;hipo:2026-09-28;hipo:2026-09-29;hipo:2026-09-30;hipo:2026-10-01;hipo:2026-10-02;hipo:2026-10-03;hipo:2026-10-04;hipo:2026-10-05;hipo:2026-10-06;hipo:2026-10-07;hipo:2026-10-08;hipo:2026-10-09,,0,unreachable-dns,timis.ac.jp,
Tokyo Institute of Technology,titech.ac.jp,university/college,2026-10-06,Inaccessible,openalex:page12;hipo:2026-09-17;hipo:2026-09-18;hipo:2026-09-19;hipo:2026-09-20;hipo:2026-09-21;hipo:2026-09-22;hipo:2026-09-23;hipo:2026-09-24;hipo:2026-09-25;hipo:2026-09-26;hipo:2026-09-27;hipo:2026-09-28;hipo:2026-09-29;hipo:2026-09-30;hipo:2026-10-01;hipo:2026-10-02;hipo:2026-10-03;hipo:2026-10-04;hipo:2026-10-05;hipo:2026-10-06;hipo:2026-10-07;hipo:2026-10-08;hipo:2026-10-09,,0,fetch-error:ConnectTimeout,titech.ac.jp,
Tokyo International University,tiu.ac.jp,university/college,2026-09-26,Inaccessible,hipo:2026-09-17;hipo:2026-09-18;hipo:2026-09-19;hipo:2026-09-20;hipo:2026-09-21;hipo:2026-09-22;hipo:2026-09-23;hipo:2026-09-24;hipo:2026-09-25;hipo:2026-09-26;hipo:2026-09-27;hipo:2026-09-28;hipo:2026-09-29;hipo:2026-09-30;hipo:2026-10-01;hipo:2026-10-02;hipo:2026-10-03;hipo:2026-10-04;hipo:2026-10-05;hipo:2026-10-06;hipo:2026-10-07;hipo:2026-10-08;hipo:2026-10-09,,0,unreachable-dns,tiu.ac.jp,
Tokyo Keizai University,tku.ac.jp,university/college,2026-09-26,Inaccessible,hipo:2026-09-17;hipo:2026-09-18;hipo:2026-09-19;hipo:2026-09-20;hipo:2026-09-21;hipo:2026-09-22;hipo:2026-09-23;hipo:2026-09-24;hipo:2026-09-25;hipo:2026-09-26;hipo:2026-09-27;hipo:2026-09-28;hipo:2026-09-29;hipo:2026-09-30;ror:api-p91;hipo:2026-10-01;hipo:2026-10-02;hipo:2026-10-03;hipo:2026-10-04;hipo:2026-10-05;hipo:2026-10-06;hipo:2026-10-07;hipo:2026-10-08;hipo:2026-10-09,,0,unreachable-dns,tku.ac.jp,
Tokyo Medical and Dental University,tmd.ac.jp,university/college,2026-09-26,Inaccessible,hipo:2026-09-17;hipo:2026-09-18;hipo:2026-09-19;hipo:2026-09-20;hipo:2026-09-21;openalex:page44;hipo:2026-09-22;hipo:2026-09-23;hipo:2026-09-24;hipo:2026-09-25;hipo:2026-09-26;hipo:2026-09-27;hipo:2026-09-28;hipo:2026-09-29;hipo:2026-09-30;hipo:2026-10-01;hipo:2026-10-02;hipo:2026-10-03;hipo:2026-10-04;hipo:2026-10-05;hipo:2026-10-06;hipo:2026-10-07;hipo:2026-10-08;hipo:2026-10-09,,0,unreachable-dns,tmd.ac.jp,
Tokyo Metropolitan Institute of Technology,tmit.ac.jp,university/college,2026-09-26,Inaccessible,hipo:2026-09-17;hipo:2026-09-18;hipo:2026-09-19;hipo:2026-09-20;hipo:2026-09-21;hipo:2026-09-22;hipo:2026-09-23;hipo:2026-09-24;hipo:2026-09-25;hipo:2026-09-26;hipo:2026-09-27;hipo:2026-09-28;hipo:2026-09-29;hipo:2026-09-30;hipo:2026-10-01;hipo:2026-10-02;hipo:2026-10-03;hipo:2026-10-04;hipo:2026-10-05;hipo:2026-10-06;hipo:2026-10-07;hipo:2026-10-08;hipo:2026-10-09,,0,unreachable-dns,tmit.ac.jp,
Tokyo Metropolitan University,tmu.ac.jp,university/college,2026-10-07,Inaccessible,openalex:page47,,0,unreachable-dns,tmu.ac.jp,
Toho College of Music,toho-music.ac.jp,university/college,2026-09-26,Active,hipo:2026-09-17;hipo:2026-09-18;hipo:2026-09-19;hipo:2026-09-20;hipo:2026-09-21;hipo:2026-09-22;hipo:2026-09-23;hipo:2026-09-24;hipo:2026-09-25;hipo:2026-09-26;hipo:2026-09-27;hipo:2026-09-28;hipo:2026-09-29;hipo:2026-09-30;hipo:2026-10-01;hipo:2026-10-02;hipo:2026-10-03;hipo:2026-10-04;hipo:2026-10-05;hipo:2026-10-06;hipo:2026-10-07;hipo:2026-10-08;hipo:2026-10-09,,80,http-2xx-html+multi-source+edu-keywords+structure,toho-music.ac.jp,ja
Toho University,toho-u.ac.jp,university/college,2026-09-26,Inaccessible,hipo:2026-09-17;hipo:2026-09-18;hipo:2026-09-19;hipo:2026-09-20;hipo:2026-09-21;hipo:2026-09-22;hipo:2026-09-23;hipo:2026-09-24;hipo:2026-09-25;hipo:2026-09-26;hipo:2026-09-27;hipo:2026-09-28;hipo:2026-09-29;hipo:2026-09-30;hipo:2026-10-01;hipo:2026-10-02;hipo:2026-10-03;hipo:2026-10-04;hipo:2026-10-05;hipo:2026-10-06;hipo:2026-10-07;hipo:2026-10-08;hipo:2026-10-09,,0,unreachable-dns,toho-u.ac.jp,
Tohoku Gakuin University,tohoku-gakuin.ac.jp,university/college,2026-09-26,Active,hipo:2026-09-17;hipo:2026-09-18;hipo:2026-09-19;hipo:2026-09-20;hipo:2026-09-21;hipo:2026-09-22;hipo:2026-09-23;hipo:2026-09-24;hipo:2026-09-25;hipo:2026-09-26;hipo:2026-09-27;hipo:2026-09-28;hipo:2026-09-29;hipo:2026-09-30;hipo:2026-10-01;hipo:2026-10-02;hipo:2026-10-03;hipo:2026-10-04;hipo:2026-10-05;hipo:2026-10-06;hipo:2026-10-07;hipo:2026-10-08;hipo:2026-10-09,,90,http-2xx-html+multi-source+edu-keywords+structure+substantial-content,tohoku-gakuin.ac.jp,ja
Tohoku College of Pharmacy,tohoku-pharm.ac.jp,university/college,2026-09-26,Inaccessible,hipo:2026-09-17;hipo:2026-09-18;hipo:2026-09-19;hipo:2026-09-20;hipo:2026-09-21;hipo:2026-09-22;hipo:2026-09-23;hipo:2026-09-24;hipo:2026-09-25;hipo:2026-09-26;hipo:2026-09-27;hipo:2026-09-28;hipo:2026-09-29;hipo:2026-09-30;hipo:2026-10-01;hipo:2026-10-02;hipo:2026-10-03;hipo:2026-10-04;hipo:2026-10-05;hipo:2026-10-06;hipo:2026-10-07;hipo:2026-10-08;hipo:2026-10-09,,0,unreachable-dns,tohoku-pharm.ac.jp,
Tohoku University,tohoku.ac.jp,university/college,2026-09-21,Inaccessible,openalex:page4;hipo:2026-09-17;hipo:2026-09-18;hipo:2026-09-19;hipo:2026-09-20;hipo:2026-09-21;hipo:2026-09-22;hipo:2026-09-23;hipo:2026-09-24;hipo:2026-09-25;hipo:2026-09-26;hipo:2026-09-27;hipo:2026-09-28;hipo:2026-09-29;hipo:2026-09-30;hipo:2026-10-01;hipo:2026-10-02;hipo:2026-10-03;hipo:2026-10-04;hipo:2026-10-05;hipo:2026-10-06;hipo:2026-10-07;hipo:2026-10-08;hipo:2026-10-09,,0,fetch-error:ConnectTimeout,tohoku.ac.jp,
Toho Gakuen School of Music,tohomusic.ac.jp,university/college,2026-09-26,Inaccessible,hipo:2026-09-17;hipo:2026-09-18;hipo:2026-09-19;hipo:2026-09-20;hipo:2026-09-21;hipo:2026-09-22;hipo:2026-09-23;hipo:2026-09-24;hipo:2026-09-25;hipo:2026-09-26;hipo:2026-09-27;hipo:2026-09-28;hipo:2026-09-29;hipo:2026-09-30;hipo:2026-10-01;hipo:2026-10-02;hipo:2026-10-03;hipo:2026-10-04;hipo:2026-10-05;hipo:2026-10-06;hipo:2026-10-07;hipo:2026-10-08;hipo:2026-10-09,,5,http-429,tohomusic.ac.jp,
Tohoku Institute of Technology,tohtech.ac.jp,university/college,2026-09-26,Inaccessible,hipo:2026-09-17;hipo:2026-09-18;hipo:2026-09-19;hipo:2026-09-20;hipo:2026-09-21;hipo:2026-09-22;hipo:2026-09-23;hipo:2026-09-24;hipo:2026-09-25;hipo:2026-09-26;hipo:2026-09-27;hipo:2026-09-28;hipo:2026-09-29;hipo:2026-09-30;hipo:2026-10-01;hipo:2026-10-02;hipo:2026-10-03;hipo:2026-10-04;hipo:2026-10-05;hipo:2026-10-06;hipo:2026-10-07;hipo:2026-10-08;hipo:2026-10-09,,0,unreachable-dns,tohtech.ac.jp,
Tohwa University,tohwa-u.ac.jp,university/college,2026-09-26,Inaccessible,hipo:2026-09-17;hipo:2026-09-18;hipo:2026-09-19;hipo:2026-09-20;hipo:2026-09-21;hipo:2026-09-22;hipo:2026-09-23;hipo:2026-09-24;hipo:2026-09-25;hipo:2026-09-26;hipo:2026-09-27;hipo:2026-09-28;hipo:2026-09-29;hipo:2026-09-30;hipo:2026-10-01;hipo:2026-10-02;hipo:2026-10-03;hipo:2026-10-04;hipo:2026-10-05;hipo:2026-10-06;hipo:2026-10-07;hipo:2026-10-08;hipo:2026-10-09,,0,unreachable-dns,tohwa-u.ac.jp,
Toin University of Yokohama,toin.ac.jp,university/college,2026-09-26,Active,hipo:2026-09-17;hipo:2026-09-18;hipo:2026-09-19;hipo:2026-09-20;hipo:2026-09-21;hipo:2026-09-22;hipo:2026-09-23;hipo:2026-09-24;hipo:2026-09-25;hipo:2026-09-26;hipo:2026-09-27;hipo:2026-09-28;hipo:2026-09-29;hipo:2026-09-30;hipo:2026-10-01;hipo:2026-10-02;hipo:2026-10-03;hipo:2026-10-04;hipo:2026-10-05;hipo:2026-10-06;hipo:2026-10-07;hipo:2026-10-08;hipo:2026-10-09,,80,http-2xx-html+multi-source+edu-keywords+structure,toin.ac.jp,
Tohoku Women's College,tojo.ac.jp,university/college,2026-09-26,Inaccessible,hipo:2026-09-17;hipo:2026-09-18;hipo:2026-09-19;hipo:2026-09-20;hipo:2026-09-21;hipo:2026-09-22;hipo:2026-09-23;hipo:2026-09-24;hipo:2026-09-25;hipo:2026-09-26;hipo:2026-09-27;hipo:2026-09-28;hipo:2026-09-29;hipo:2026-09-30;hipo:2026-10-01;hipo:2026-10-02;hipo:2026-10-03;hipo:2026-10-04;hipo:2026-10-05;hipo:2026-10-06;hipo:2026-10-07;hipo:2026-10-08;hipo:2026-10-09,,0,unreachable-dns,tojo.ac.jp,
Tokai University Educational System,tokai.ac.jp,university/college,2026-09-26,Inaccessible,hipo:2026-09-17;hipo:2026-09-18;hipo:2026-09-19;hipo:2026-09-20;hipo:2026-09-21;hipo:2026-09-22;hipo:2026-09-23;hipo:2026-09-24;hipo:2026-09-25;hipo:2026-09-26;hipo:2026-09-27;hipo:2026-09-28;hipo:2026-09-29;hipo:2026-09-30;hipo:2026-10-01;hipo:2026-10-02;hipo:2026-10-03;hipo:2026-10-04;hipo:2026-10-05;hipo:2026-10-06;hipo:2026-10-07;hipo:2026-10-08;hipo:2026-10-09,,0,unreachable-dns,tokai.ac.jp,
Tokai Gakuen University,tokaigakuen-u.ac.jp,university/college,2026-09-26,Inaccessible,hipo:2026-09-17;hipo:2026-09-18;hipo:2026-09-19;hipo:2026-09-20;hipo:2026-09-21;hipo:2026-09-22;hipo:2026-09-23;hipo:2026-09-24;hipo:2026-09-25;hipo:2026-09-26;hipo:2026-09-27;hipo:2026-09-28;hipo:2026-09-29;hipo:2026-09-30;hipo:2026-10-01;hipo:2026-10-02;hipo:2026-10-03;hipo:2026-10-04;hipo:2026-10-05;hipo:2026-10-06;hipo:2026-10-07;hipo:2026-10-08;hipo:2026-10-09,,0,fetch-error:ConnectTimeout,tokaigakuen-u.ac.jp,
Tokai Women's College,tokaijoshi-u.ac.jp,university/college,2026-09-26,Inaccessible,hipo:2026-09-17;hipo:2026-09-18;hipo:2026-09-19;hipo:2026-09-20;hipo:2026-09-21;hipo:2026-09-22;hipo:2026-09-23;hipo:2026-09-24;hipo:2026-09-25;hipo:2026-09-26;hipo:2026-09-27;hipo:2026-09-28;hipo:2026-09-29;hipo:2026-09-30;hipo:2026-10-01;hipo:2026-10-02;hipo:2026-10-03;hipo:2026-10-04;hipo:2026-10-05;hipo:2026-10-06;hipo:2026-10-07;hipo:2026-10-08;hipo:2026-10-09,,0,unreachable-dns,tokaijoshi-u.ac.jp,
Tokiwa University,tokiwa.ac.jp,university/college,2026-09-26,Inaccessible,hipo:2026-09-17;hipo:2026-09-18;hipo:2026-09-19;hipo:2026-09-20;hipo:2026-09-21;hipo:2026-09-22;hipo:2026-09-23;hipo:2026-09-24;hipo:2026-09-25;hipo:2026-09-26;hipo:2026-09-27;hipo:2026-09-28;hipo:2026-09-29;hipo:2026-09-30;hipo:2026-10-01;hipo:2026-10-02;hipo:2026-10-03;hipo:2026-10-04;hipo:2026-10-05;hipo:2026-10-06;hipo:2026-10-07;hipo:2026-10-08;hipo:2026-10-09,,0,unreachable-dns,tokiwa.ac.jp,
Tokoha Gakuen University,tokoha-u.ac.jp,university/college,2026-09-26,Active,hipo:2026-09-17;hipo:2026-09-18;hipo:2026-09-19;hipo:2026-09-20;hipo:2026-09-21;hipo:2026-09-22;hipo:2026-09-23;hipo:2026-09-24;hipo:2026-09-25;hipo:2026-09-26;hipo:2026-09-27;hipo:2026-09-28;hipo:2026-09-29;hipo:2026-09-30;hipo:2026-10-01;hipo:2026-10-02;hipo:2026-10-03;hipo:2026-10-04;hipo:2026-10-05;hipo:2026-10-06;hipo:2026-10-07;hipo:2026-10-08;hipo:2026-10-09,,80,http-2xx-html+multi-source+edu-keywords+structure,tokoha-u.ac.jp,ja
Tokushima University,tokushima-u.ac.jp,university/college,2026-09-26,Inaccessible,hipo:2026-09-17;hipo:2026-09-18;hipo:2026-09-19;hipo:2026-09-20;hipo:2026-09-21;hipo:2026-09-22;hipo:2026-09-23;openalex:page51;hipo:2026-09-24;hipo:2026-09-25;hipo:2026-09-26;hipo:2026-09-27;hipo:2026-09-28;hipo:2026-09-29;hipo:2026-09-30;hipo:2026-10-01;hipo:2026-10-02;hipo:2026-10-03;hipo:2026-10-04;hipo:2026-10-05;hipo:2026-10-06;hipo:2026-10-07;hipo:2026-10-08;hipo:2026-10-09,,0,unreachable-dns,tokushima-u.ac.jp,
Tokuyama University,tokuyama-u.ac.jp,university/college,2026-09-26,Inaccessible,hipo:2026-09-17;hipo:2026-09-18;hipo:2026-09-19;hipo:2026-09-20;hipo:2026-09-21;hipo:2026-09-22;hipo:2026-09-23;hipo:2026-09-24;hipo:2026-09-25;hipo:2026-09-26;hipo:2026-09-27;hipo:2026-09-28;hipo:2026-09-29;hipo:2026-09-30;hipo:2026-10-01;hipo:2026-10-02;hipo:2026-10-03;hipo:2026-10-04;hipo:2026-10-05;hipo:2026-10-06;hipo:2026-10-07;hipo:2026-10-08;hipo:2026-10-09,,0,unreachable-dns,tokuyama-u.ac.jp,
Tokyo Kasei University,tokyo-kasei.ac.jp,university/college,2026-09-26,Inaccessible,hipo:2026-09-17;hipo:2026-09-18;hipo:2026-09-19;hipo:2026-09-20;hipo:2026-09-21;hipo:2026-09-22;hipo:2026-09-23;hipo:2026-09-24;hipo:2026-09-25;hipo:2026-09-26;hipo:2026-09-27;hipo:2026-09-28;hipo:2026-09-29;hipo:2026-09-30;hipo:2026-10-01;hipo:2026-10-02;hipo:2026-10-03;hipo:2026-10-04;hipo:2026-10-05;hipo:2026-10-06;hipo:2026-10-07;hipo:2026-10-08;hipo:2026-10-09,,0,unreachable-dns,tokyo-kasei.ac.jp,
Tokyo Medical College,tokyo-med.ac.jp,university/college,2026-09-26,Inaccessible,hipo:2026-09-17;hipo:2026-09-18;hipo:2026-09-19;hipo:2026-09-20;hipo:2026-09-21;hipo:2026-09-22;hipo:2026-09-23;hipo:2026-09-24;hipo:2026-09-25;hipo:2026-09-26;hipo:2026-09-27;hipo:2026-09-28;hipo:2026-09-29;hipo:2026-09-30;openalex:page87;hipo:2026-10-01;hipo:2026-10-02;hipo:2026-10-03;hipo:2026-10-04;hipo:2026-10-05;hipo:2026-10-06;hipo:2026-10-07;hipo:2026-10-08;hipo:2026-10-09,,0,unreachable-dns,tokyo-med.ac.jp,
Tokyo College of Music,tokyo-ondai.ac.jp,university/college,2026-09-26,Active,hipo:2026-09-17;hipo:2026-09-18;hipo:2026-09-19;hipo:2026-09-20;hipo:2026-09-21;hipo:2026-09-22;hipo:2026-09-23;hipo:2026-09-24;hipo:2026-09-25;hipo:2026-09-26;hipo:2026-09-27;hipo:2026-09-28;hipo:2026-09-29;hipo:2026-09-30;hipo:2026-10-01;hipo:2026-10-02;hipo:2026-10-03;hipo:2026-10-04;hipo:2026-10-05;hipo:2026-10-06;hipo:2026-10-07;hipo:2026-10-08;hipo:2026-10-09,,90,http-2xx-html+multi-source+edu-keywords+structure+substantial-content,tokyo-ondai.ac.jp,ja
Tokyo University of Fisheries,tokyo-u-fish.ac.jp,university/college,2026-09-26,Inaccessible,hipo:2026-09-17;hipo:2026-09-18;hipo:2026-09-19;hipo:2026-09-20;hipo:2026-09-21;hipo:2026-09-22;hipo:2026-09-23;hipo:2026-09-24;hipo:2026-09-25;hipo:2026-09-26;hipo:2026-09-27;hipo:2026-09-28;hipo:2026-09-29;hipo:2026-09-30;hipo:2026-10-01;hipo:2026-10-02;hipo:2026-10-03;hipo:2026-10-04;hipo:2026-10-05;hipo:2026-10-06;hipo:2026-10-07;hipo:2026-10-08;hipo:2026-10-09,,0,unreachable-dns,tokyo-u-fish.ac.jp,
Higashi Nippon International University,tonichi-kokusai-u.ac.jp,university/college,2026-09-26,Inaccessible,hipo:2026-09-17;hipo:2026-09-18;hipo:2026-09-19;hipo:2026-09-20;hipo:2026-09-21;hipo:2026-09-22;hipo:2026-09-23;hipo:2026-09-24;hipo:2026-09-25;hipo:2026-09-26;hipo:2026-09-27;hipo:2026-09-28;hipo:2026-09-29;hipo:2026-09-30;hipo:2026-10-01;hipo:2026-10-02;hipo:2026-10-03;hipo:2026-10-04;hipo:2026-10-05;hipo:2026-10-06;hipo:2026-10-07;hipo:2026-10-08;hipo:2026-10-09,,0,unreachable-dns,tonichi-kokusai-u.ac.jp,
Tokyo University of Mercantile Marine,tosho-u.ac.jp,university/college,2026-09-26,Inaccessible,hipo:2026-09-17;hipo:2026-09-18;hipo:2026-09-19;hipo:2026-09-20;hipo:2026-09-21;hipo:2026-09-22;hipo:2026-09-23;hipo:2026-09-24;hipo:2026-09-25;hipo:2026-09-26;hipo:2026-09-27;hipo:2026-09-28;hipo:2026-09-29;hipo:2026-09-30;hipo:2026-10-01;hipo:2026-10-02;hipo:2026-10-03;hipo:2026-10-04;hipo:2026-10-05;hipo:2026-10-06;hipo:2026-10-07;hipo:2026-10-08;hipo:2026-10-09,,0,unreachable-dns,tosho-u.ac.jp,
Tottori University,tottori-u.ac.jp,university/college,2026-09-26,Inaccessible,hipo:2026-09-17;hipo:2026-09-18;hipo:2026-09-19;hipo:2026-09-20;hipo:2026-09-21;hipo:2026-09-22;hipo:2026-09-23;hipo:2026-09-24;hipo:2026-09-25;hipo:2026-09-26;hipo:2026-09-27;openalex:page75;hipo:2026-09-28;hipo:2026-09-29;hipo:2026-09-30;hipo:2026-10-01;hipo:2026-10-02;hipo:2026-10-03;hipo:2026-10-04;hipo:2026-10-05;hipo:2026-10-06;hipo:2026-10-07;hipo:2026-10-08;hipo:2026-10-09,,0,unreachable-dns,tottori-u.ac.jp,
University of East Asia,toua-u.ac.jp,university/college,2026-09-26,Inaccessible,hipo:2026-09-17;hipo:2026-09-18;hipo:2026-09-19;hipo:2026-09-20;hipo:2026-09-21;hipo:2026-09-22;hipo:2026-09-23;hipo:2026-09-24;hipo:2026-09-25;hipo:2026-09-26;hipo:2026-09-27;hipo:2026-09-28;hipo:2026-09-29;hipo:2026-09-30;hipo:2026-10-01;hipo:2026-10-02;hipo:2026-10-03;hipo:2026-10-04;hipo:2026-10-05;hipo:2026-10-06;hipo:2026-10-07;hipo:2026-10-08;hipo:2026-10-09,,0,unreachable-dns,toua-u.ac.jp,
Tokyo University of Pharmacy and Life Science,toyaku.ac.jp,university/college,2026-09-26,Inaccessible,hipo:2026-09-17;hipo:2026-09-18;hipo:2026-09-19;hipo:2026-09-20;hipo:2026-09-21;hipo:2026-09-22;hipo:2026-09-23;hipo:2026-09-24;hipo:2026-09-25;hipo:2026-09-26;hipo:2026-09-27;hipo:2026-09-28;hipo:2026-09-29;hipo:2026-09-30;hipo:2026-10-01;hipo:2026-10-02;hipo:2026-10-03;hipo:2026-10-04;hipo:2026-10-05;hipo:2026-10-06;hipo:2026-10-07;hipo:2026-10-08;hipo:2026-10-09,,0,fetch-error:ConnectTimeout,toyaku.ac.jp,
Toyama Medical and Pharmaceutical University,toyama-mpu.ac.jp,university/college,2026-09-26,Inaccessible,hipo:2026-09-17;hipo:2026-09-18;hipo:2026-09-19;hipo:2026-09-20;hipo:2026-09-21;hipo:2026-09-22;hipo:2026-09-23;hipo:2026-09-24;hipo:2026-09-25;hipo:2026-09-26;hipo:2026-09-27;hipo:2026-09-28;hipo:2026-09-29;hipo:2026-09-30;hipo:2026-10-01;hipo:2026-10-02;hipo:2026-10-03;hipo:2026-10-04;hipo:2026-10-05;hipo:2026-10-06;hipo:2026-10-07;hipo:2026-10-08;hipo:2026-10-09,,0,unreachable-dns,toyama-mpu.ac.jp,
Toyama University,toyama-u.ac.jp,university/college,2026-09-26,Inaccessible,hipo:2026-09-17;hipo:2026-09-18;hipo:2026-09-19;hipo:2026-09-20;hipo:2026-09-21;hipo:2026-09-22;hipo:2026-09-23;hipo:2026-09-24;hipo:2026-09-25;hipo:2026-09-26;hipo:2026-09-27;hipo:2026-09-28;hipo:2026-09-29;hipo:2026-09-30;hipo:2026-10-01;hipo:2026-10-02;hipo:2026-10-03;hipo:2026-10-04;hipo:2026-10-05;hipo:2026-10-06;hipo:2026-10-07;hipo:2026-10-08;hipo:2026-10-09,,0,unreachable-dns,toyama-u.ac.jp,
Toyo University,toyo.ac.jp,university/college,2026-09-26,Active,hipo:2026-09-17;hipo:2026-09-18;hipo:2026-09-19;hipo:2026-09-20;hipo:2026-09-21;hipo:2026-09-22;hipo:2026-09-23;hipo:2026-09-24;hipo:2026-09-25;hipo:2026-09-26;hipo:2026-09-27;hipo:2026-09-28;hipo:2026-09-29;hipo:2026-09-30;hipo:2026-10-01;hipo:2026-10-02;hipo:2026-10-03;hipo:2026-10-04;hipo:2026-10-05;hipo:2026-10-06;hipo:2026-10-07;hipo:2026-10-08;hipo:2026-10-09,,80,http-2xx-html+multi-source+edu-keywords+structure,toyo.ac.jp,ja
Toyo Eiwa Women's University,toyoeiwa.ac.jp,university/college,2026-09-26,Inaccessible,hipo:2026-09-17;hipo:2026-09-18;hipo:2026-09-19;hipo:2026-09-20;hipo:2026-09-21;hipo:2026-09-22;hipo:2026-09-23;hipo:2026-09-24;hipo:2026-09-25;hipo:2026-09-26;hipo:2026-09-27;hipo:2026-09-28;hipo:2026-09-29;hipo:2026-09-30;hipo:2026-10-01;hipo:2026-10-02;hipo:2026-10-03;hipo:2026-10-04;hipo:2026-10-05;hipo:2026-10-06;hipo:2026-10-07;hipo:2026-10-08;hipo:2026-10-09,,0,fetch-error:ConnectTimeout,toyoeiwa.ac.jp,
Toyo Gakuen University,toyogakuen-u.ac.jp,university/college,2026-09-26,Inaccessible,hipo:2026-09-17;hipo:2026-09-18;hipo:2026-09-19;hipo:2026-09-20;hipo:2026-09-21;hipo:2026-09-22;hipo:2026-09-23;hipo:2026-09-24;hipo:2026-09-25;hipo:2026-09-26;hipo:2026-09-27;hipo:2026-09-28;hipo:2026-09-29;hipo:2026-09-30;hipo:2026-10-01;hipo:2026-10-02;hipo:2026-10-03;hipo:2026-10-04;hipo:2026-10-05;hipo:2026-10-06;hipo:2026-10-07;hipo:2026-10-08;hipo:2026-10-09,,0,unreachable-dns,toyogakuen-u.ac.jp,
Toyota Technological Institute,toyota-ti.ac.jp,university/college,2026-09-26,Inaccessible,hipo:2026-09-17;hipo:2026-09-18;hipo:2026-09-19;hipo:2026-09-20;hipo:2026-09-21;hipo:2026-09-22;hipo:2026-09-23;hipo:2026-09-24;hipo:2026-09-25;hipo:2026-09-26;hipo:2026-09-27;hipo:2026-09-28;hipo:2026-09-29;hipo:2026-09-30;hipo:2026-10-01;hipo:2026-10-02;hipo:2026-10-03;hipo:2026-10-04;hipo:2026-10-05;hipo:2026-10-06;hipo:2026-10-07;hipo:2026-10-08;hipo:2026-10-09,,0,unreachable-dns,toyota-ti.ac.jp,
Tsuda College,tsuda.ac.jp,university/college,2026-09-26,Inaccessible,hipo:2026-09-17;hipo:2026-09-18;hipo:2026-09-19;hipo:2026-09-20;hipo:2026-09-21;hipo:2026-09-22;hipo:2026-09-23;hipo:2026-09-24;hipo:2026-09-25;hipo:2026-09-26;hipo:2026-09-27;wikidata:P856;hipo:2026-09-28;hipo:2026-09-29;hipo:2026-09-30;hipo:2026-10-01;hipo:2026-10-02;hipo:2026-10-03;hipo:2026-10-04;hipo:2026-10-05;hipo:2026-10-06;hipo:2026-10-07;hipo:2026-10-08;hipo:2026-10-09,,0,unreachable-dns,tsuda.ac.jp,
University of Tsukuba,tsukuba.ac.jp,university/college,2026-09-17,Inaccessible,openalex:page15;hipo:2026-09-17;hipo:2026-09-18;hipo:2026-09-19;hipo:2026-09-20;hipo:2026-09-21;hipo:2026-09-22;hipo:2026-09-23;hipo:2026-09-24;hipo:2026-09-25;hipo:2026-09-26;hipo:2026-09-27;hipo:2026-09-28;hipo:2026-09-29;hipo:2026-09-30;hipo:2026-10-01;hipo:2026-10-02;hipo:2026-10-03;hipo:2026-10-04;hipo:2026-10-05;hipo:2026-10-06;hipo:2026-10-07;hipo:2026-10-08;hipo:2026-10-09,,0,unreachable-dns,,
Tsuru University,tsuru.ac.jp,university/college,2026-09-26,Active,hipo:2026-09-17;hipo:2026-09-18;hipo:2026-09-19;hipo:2026-09-20;hipo:2026-09-21;hipo:2026-09-22;hipo:2026-09-23;hipo:2026-09-24;hipo:2026-09-25;hipo:2026-09-26;hipo:2026-09-27;hipo:2026-09-28;hipo:2026-09-29;hipo:2026-09-30;hipo:2026-10-01;hipo:2026-10-02;hipo:2026-10-03;hipo:2026-10-04;hipo:2026-10-05;hipo:2026-10-06;hipo:2026-10-07;hipo:2026-10-08;hipo:2026-10-09,,90,http-2xx-html+multi-source+edu-keywords+structure+substantial-content,tsuru.ac.jp,ja
Tsurumi University,tsurumi-u.ac.jp,university/college,2026-09-26,Inaccessible,hipo:2026-09-17;hipo:2026-09-18;hipo:2026-09-19;hipo:2026-09-20;hipo:2026-09-21;hipo:2026-09-22;hipo:2026-09-23;hipo:2026-09-24;hipo:2026-09-25;hipo:2026-09-26;hipo:2026-09-27;hipo:2026-09-28;hipo:2026-09-29;hipo:2026-09-30;hipo:2026-10-01;hipo:2026-10-02;hipo:2026-10-03;hipo:2026-10-04;hipo:2026-10-05;hipo:2026-10-06;hipo:2026-10-07;hipo:2026-10-08;hipo:2026-10-09,,0,fetch-error:ConnectTimeout,tsurumi-u.ac.jp,
Tohoku University of Art and Design,tuad.ac.jp,university/college,2026-09-26,Inaccessible,hipo:2026-09-17;hipo:2026-09-18;hipo:2026-09-19;hipo:2026-09-20;hipo:2026-09-21;hipo:2026-09-22;hipo:2026-09-23;hipo:2026-09-24;hipo:2026-09-25;hipo:2026-09-26;hipo:2026-09-27;hipo:2026-09-28;hipo:2026-09-29;hipo:2026-09-30;hipo:2026-10-01;hipo:2026-10-02;hipo:2026-10-03;hipo:2026-10-04;hipo:2026-10-05;hipo:2026-10-06;hipo:2026-10-07;hipo:2026-10-08;hipo:2026-10-09,,0,unreachable-dns,tuad.ac.jp,
Tokyo University of Agriculture and Technology,tuat.ac.jp,university/college,2026-09-26,Inaccessible,hipo:2026-09-17;hipo:2026-09-18;hipo:2026-09-19;hipo:2026-09-20;hipo:2026-09-21;hipo:2026-09-22;hipo:2026-09-23;hipo:2026-09-24;hipo:2026-09-25;openalex:page62;hipo:2026-09-26;hipo:2026-09-27;hipo:2026-09-28;hipo:2026-09-29;hipo:2026-09-30;hipo:2026-10-01;hipo:2026-10-02;hipo:2026-10-03;hipo:2026-10-04;hipo:2026-10-05;hipo:2026-10-06;hipo:2026-10-07;hipo:2026-10-08;hipo:2026-10-09,,0,fetch-error:ConnectTimeout,tuat.ac.jp,
Tokyo University of Foreign Studies,tufs.ac.jp,university/college,2026-09-26,Inaccessible,hipo:2026-09-17;hipo:2026-09-18;hipo:2026-09-19;hipo:2026-09-20;hipo:2026-09-21;hipo:2026-09-22;hipo:2026-09-23;hipo:2026-09-24;hipo:2026-09-25;hipo:2026-09-26;hipo:2026-09-27;hipo:2026-09-28;hipo:2026-09-29;hipo:2026-09-30;hipo:2026-10-01;hipo:2026-10-02;hipo:2026-10-03;hipo:2026-10-04;hipo:2026-10-05;hipo:2026-10-06;hipo:2026-10-07;hipo:2026-10-08;hipo:2026-10-09,,0,fetch-error:ConnectTimeout,tufs.ac.jp,
Toyama University of International Studies,tuins.ac.jp,university/college,2026-09-26,Active,hipo:2026-09-17;hipo:2026-09-18;hipo:2026-09-19;hipo:2026-09-20;hipo:2026-09-21;hipo:2026-09-22;hipo:2026-09-23;hipo:2026-09-24;hipo:2026-09-25;hipo:2026-09-26;hipo:2026-09-27;hipo:2026-09-28;hipo:2026-09-29;hipo:2026-09-30;hipo:2026-10-01;hipo:2026-10-02;hipo:2026-10-03;hipo:2026-10-04;hipo:2026-10-05;hipo:2026-10-06;hipo:2026-10-07;hipo:2026-10-08;hipo:2026-10-09,,90,http-2xx-html+multi-source+edu-keywords+structure+substantial-content,tuins.ac.jp,ja
Tokyo University of Information Sciences,tuis.ac.jp,university/college,2026-09-26,Inaccessible,hipo:2026-09-17;hipo:2026-09-18;hipo:2026-09-19;hipo:2026-09-20;hipo:2026-09-21;hipo:2026-09-22;hipo:2026-09-23;hipo:2026-09-24;hipo:2026-09-25;hipo:2026-09-26;hipo:2026-09-27;hipo:2026-09-28;hipo:2026-09-29;hipo:2026-09-30;ror:api-p89;hipo:2026-10-01;hipo:2026-10-02;hipo:2026-10-03;hipo:2026-10-04;hipo:2026-10-05;hipo:2026-10-06;hipo:2026-10-07;hipo:2026-10-08;hipo:2026-10-09,,0,unreachable-dns,tuis.ac.jp,
Temple University Japan,tuj.ac.jp,university/college,2026-09-26,Active,hipo:2026-09-17;hipo:2026-09-18;hipo:2026-09-19;hipo:2026-09-20;hipo:2026-09-21;hipo:2026-09-22;hipo:2026-09-23;hipo:2026-09-24;hipo:2026-09-25;hipo:2026-09-26;hipo:2026-09-27;hipo:2026-09-28;hipo:2026-09-29;hipo:2026-09-30;hipo:2026-10-01;hipo:2026-10-02;hipo:2026-10-03;hipo:2026-10-04;hipo:2026-10-05;hipo:2026-10-06;hipo:2026-10-07;hipo:2026-10-08;hipo:2026-10-09,,90,http-2xx-html+multi-source+edu-keywords+structure+substantial-content,tuj.ac.jp,en
Toyohashi University of Technology,tut.ac.jp,university/college,2026-09-26,Active,hipo:2026-09-17;hipo:2026-09-18;hipo:2026-09-19;hipo:2026-09-20;hipo:2026-09-21;hipo:2026-09-22;hipo:2026-09-23;hipo:2026-09-24;hipo:2026-09-25;hipo:2026-09-26;hipo:2026-09-27;hipo:2026-09-28;hipo:2026-09-29;hipo:2026-09-30;hipo:2026-10-01;hipo:2026-10-02;deqar:2026-10-02;hipo:2026-10-03;openalex:page100;hipo:2026-10-04;hipo:2026-10-05;hipo:2026-10-06;hipo:2026-10-07;hipo:2026-10-08;hipo:2026-10-09,,80,http-2xx-html+multi-source+edu-keywords+structure,tut.ac.jp,
Tokyo Women's College of Physical Education,twcpe.ac.jp,university/college,2026-09-26,Inaccessible,hipo:2026-09-17;hipo:2026-09-18;hipo:2026-09-19;hipo:2026-09-20;hipo:2026-09-21;hipo:2026-09-22;hipo:2026-09-23;hipo:2026-09-24;hipo:2026-09-25;hipo:2026-09-26;hipo:2026-09-27;hipo:2026-09-28;hipo:2026-09-29;hipo:2026-09-30;hipo:2026-10-01;hipo:2026-10-02;hipo:2026-10-03;hipo:2026-10-04;hipo:2026-10-05;hipo:2026-10-06;hipo:2026-10-07;hipo:2026-10-08;hipo:2026-10-09,,0,unreachable-dns,twcpe.ac.jp,
Tokyo Woman's Christian University,twcu.ac.jp,university/college,2026-09-26,Inaccessible,hipo:2026-09-17;hipo:2026-09-18;hipo:2026-09-19;hipo:2026-09-20;hipo:2026-09-21;hipo:2026-09-22;hipo:2026-09-23;hipo:2026-09-24;hipo:2026-09-25;hipo:2026-09-26;hipo:2026-09-27;wikidata:P856;hipo:2026-09-28;hipo:2026-09-29;hipo:2026-09-30;hipo:2026-10-01;hipo:2026-10-02;hipo:2026-10-03;hipo:2026-10-04;hipo:2026-10-05;hipo:2026-10-06;hipo:2026-10-07;hipo:2026-10-08;hipo:2026-10-09,,0,unreachable-dns,twcu.ac.jp,
Tokyo Women's Medial College,twmu.ac.jp,university/college,2026-09-26,Active,hipo:2026-09-17;hipo:2026-09-18;hipo:2026-09-19;hipo:2026-09-20;hipo:2026-09-21;hipo:2026-09-22;hipo:2026-09-23;hipo:2026-09-24;hipo:2026-09-25;hipo:2026-09-26;hipo:2026-09-27;hipo:2026-09-28;hipo:2026-09-29;hipo:2026-09-30;hipo:2026-10-01;hipo:2026-10-02;hipo:2026-10-03;hipo:2026-10-04;hipo:2026-10-05;hipo:2026-10-06;hipo:2026-10-07;hipo:2026-10-08;hipo:2026-10-09,,80,http-2xx-html+multi-source+edu-keywords+structure,twmu.ac.jp,ja
University of the Air,u-air.ac.jp,university/college,2026-09-26,Inaccessible,hipo:2026-09-17;hipo:2026-09-18;hipo:2026-09-19;hipo:2026-09-20;hipo:2026-09-21;hipo:2026-09-22;hipo:2026-09-23;hipo:2026-09-24;hipo:2026-09-25;hipo:2026-09-26;hipo:2026-09-27;hipo:2026-09-28;hipo:2026-09-29;hipo:2026-09-30;hipo:2026-10-01;hipo:2026-10-02;hipo:2026-10-03;hipo:2026-10-04;hipo:2026-10-05;hipo:2026-10-06;hipo:2026-10-07;hipo:2026-10-08;hipo:2026-10-09,,0,unreachable-dns,u-air.ac.jp,
University of Aizu,u-aizu.ac.jp,university/college,2026-09-27,Active,wikidata:P856;hipo:2026-09-17;hipo:2026-09-18;hipo:2026-09-19;hipo:2026-09-20;hipo:2026-09-21;hipo:2026-09-22;hipo:2026-09-23;hipo:2026-09-24;hipo:2026-09-25;hipo:2026-09-26;hipo:2026-09-27;hipo:2026-09-28;hipo:2026-09-29;hipo:2026-09-30;hipo:2026-10-01;hipo:2026-10-02;hipo:2026-10-03;hipo:2026-10-04;hipo:2026-10-05;hipo:2026-10-06;hipo:2026-10-07;hipo:2026-10-08;hipo:2026-10-09,,90,http-2xx-html+multi-source+edu-keywords+structure+substantial-content,u-aizu.ac.jp,ja
University of Bunkyo,u-bunkyo.ac.jp,university/college,2026-09-26,Inaccessible,hipo:2026-09-17;hipo:2026-09-18;hipo:2026-09-19;hipo:2026-09-20;hipo:2026-09-21;hipo:2026-09-22;hipo:2026-09-23;hipo:2026-09-24;hipo:2026-09-25;hipo:2026-09-26;hipo:2026-09-27;hipo:2026-09-28;hipo:2026-09-29;hipo:2026-09-30;hipo:2026-10-01;hipo:2026-10-02;hipo:2026-10-03;hipo:2026-10-04;hipo:2026-10-05;hipo:2026-10-06;hipo:2026-10-07;hipo:2026-10-08;hipo:2026-10-09,,0,fetch-error:ConnectTimeout,u-bunkyo.ac.jp,
Tokyo Gakugei University,u-gakugei.ac.jp,university/college,2026-09-26,Inaccessible,hipo:2026-09-17;hipo:2026-09-18;hipo:2026-09-19;hipo:2026-09-20;hipo:2026-09-21;hipo:2026-09-22;hipo:2026-09-23;hipo:2026-09-24;hipo:2026-09-25;hipo:2026-09-26;hipo:2026-09-27;hipo:2026-09-28;hipo:2026-09-29;hipo:2026-09-30;hipo:2026-10-01;hipo:2026-10-02;hipo:2026-10-03;hipo:2026-10-04;hipo:2026-10-05;hipo:2026-10-06;hipo:2026-10-07;hipo:2026-10-08;hipo:2026-10-09,,0,unreachable-dns,u-gakugei.ac.jp,
Keiai University,u-keiai.ac.jp,university/college,2026-09-26,Inaccessible,hipo:2026-09-17;hipo:2026-09-18;hipo:2026-09-19;hipo:2026-09-20;hipo:2026-09-21;hipo:2026-09-22;hipo:2026-09-23;hipo:2026-09-24;hipo:2026-09-25;hipo:2026-09-26;hipo:2026-09-27;hipo:2026-09-28;hipo:2026-09-29;hipo:2026-09-30;hipo:2026-10-01;hipo:2026-10-02;hipo:2026-10-03;hipo:2026-10-04;hipo:2026-10-05;hipo:2026-10-06;hipo:2026-10-07;hipo:2026-10-08;hipo:2026-10-09,,0,unreachable-dns,u-keiai.ac.jp,
University of the Ryukyus,u-ryukyu.ac.jp,university/college,2026-09-26,Inaccessible,hipo:2026-09-17;hipo:2026-09-18;hipo:2026-09-19;hipo:2026-09-20;hipo:2026-09-21;hipo:2026-09-22;hipo:2026-09-23;hipo:2026-09-24;hipo:2026-09-25;hipo:2026-09-26;hipo:2026-09-27;hipo:2026-09-28;hipo:2026-09-29;hipo:2026-09-30;hipo:2026-10-01;hipo:2026-10-02;hipo:2026-10-03;hipo:2026-10-04;hipo:2026-10-05;hipo:2026-10-06;hipo:2026-10-07;hipo:2026-10-08;hipo:2026-10-09,,0,fetch-error:ConnectTimeout,u-ryukyu.ac.jp,
University of the Sacred Heart Tokyo,u-sacred-heart.ac.jp,university/college,2026-09-26,Inaccessible,hipo:2026-09-17;hipo:2026-09-18;hipo:2026-09-19;hipo:2026-09-20;hipo:2026-09-21;hipo:2026-09-22;hipo:2026-09-23;hipo:2026-09-24;hipo:2026-09-25;hipo:2026-09-26;hipo:2026-09-27;hipo:2026-09-28;hipo:2026-09-29;hipo:2026-09-30;hipo:2026-10-01;hipo:2026-10-02;hipo:2026-10-03;hipo:2026-10-04;hipo:2026-10-05;hipo:2026-10-06;hipo:2026-10-07;hipo:2026-10-08;hipo:2026-10-09,,0,unreachable-dns,u-sacred-heart.ac.jp,
Shizuoka Prefectural University,u-shizuoka-ken.ac.jp,university/college,2026-09-26,Inaccessible,hipo:2026-09-17;hipo:2026-09-18;hipo:2026-09-19;hipo:2026-09-20;hipo:2026-09-21;hipo:2026-09-22;hipo:2026-09-23;hipo:2026-09-24;hipo:2026-09-25;hipo:2026-09-26;hipo:2026-09-27;hipo:2026-09-28;hipo:2026-09-29;hipo:2026-09-30;hipo:2026-10-01;hipo:2026-10-02;hipo:2026-10-03;openalex:page102;hipo:2026-10-04;hipo:2026-10-05;hipo:2026-10-06;hipo:2026-10-07;hipo:2026-10-08;hipo:2026-10-09,,0,unreachable-dns,u-shizuoka-ken.ac.jp,
Hokkaido Tokai University,u-tokai.ac.jp,university/college,2026-09-26,Inaccessible,hipo:2026-09-17;hipo:2026-09-18;hipo:2026-09-19;hipo:2026-09-20;hipo:2026-09-21;hipo:2026-09-22;hipo:2026-09-23;openalex:page53;hipo:2026-09-24;hipo:2026-09-25;hipo:2026-09-26;hipo:2026-09-27;hipo:2026-09-28;hipo:2026-09-29;hipo:2026-09-30;hipo:2026-10-01;hipo:2026-10-02;hipo:2026-10-03;hipo:2026-10-04;hipo:2026-10-05;hipo:2026-10-06;hipo:2026-10-07;hipo:2026-10-08;hipo:2026-10-09,,0,unreachable-dns,u-tokai.ac.jp,
The University of Tokyo,u-tokyo.ac.jp,university/college,2026-09-27,Inaccessible,openalex:page1;hipo:2026-09-17;hipo:2026-09-18;hipo:2026-09-19;hipo:2026-09-20;hipo:2026-09-21;hipo:2026-09-22;hipo:2026-09-23;hipo:2026-09-24;hipo:2026-09-25;hipo:2026-09-26;hipo:2026-09-27;hipo:2026-09-28;hipo:2026-09-29;hipo:2026-09-30;hipo:2026-10-01;hipo:2026-10-02;hipo:2026-10-03;hipo:2026-10-04;hipo:2026-10-05;hipo:2026-10-06;hipo:2026-10-07;hipo:2026-10-08;hipo:2026-10-09,,0,unreachable-dns,u-tokyo.ac.jp,
University of Electro-Communications,uec.ac.jp,university/college,2026-09-26,Inaccessible,hipo:2026-09-17;hipo:2026-09-18;hipo:2026-09-19;hipo:2026-09-20;hipo:2026-09-21;hipo:2026-09-22;hipo:2026-09-23;hipo:2026-09-24;hipo:2026-09-25;hipo:2026-09-26;hipo:2026-09-27;hipo:2026-09-28;openalex:page78;hipo:2026-09-29;hipo:2026-09-30;hipo:2026-10-01;hipo:2026-10-02;hipo:2026-10-03;hipo:2026-10-04;hipo:2026-10-05;hipo:2026-10-06;hipo:2026-10-07;hipo:2026-10-08;hipo:2026-10-09,,40,low-confidence:http-2xx-html+multi-source+trusted-suffix+non-educational-content,uec.ac.jp,
Ueno Gakuen College,uenogakuen.ac.jp,university/college,2026-09-26,Inaccessible,hipo:2026-09-17;hipo:2026-09-18;hipo:2026-09-19;hipo:2026-09-20;hipo:2026-09-21;hipo:2026-09-22;hipo:2026-09-23;hipo:2026-09-24;hipo:2026-09-25;hipo:2026-09-26;hipo:2026-09-27;hipo:2026-09-28;hipo:2026-09-29;hipo:2026-09-30;hipo:2026-10-01;hipo:2026-10-02;hipo:2026-10-03;hipo:2026-10-04;hipo:2026-10-05;hipo:2026-10-06;hipo:2026-10-07;hipo:2026-10-08;hipo:2026-10-09,,0,fetch-error:SSLError,uenogakuen.ac.jp,
Polytechnic University,uitec.ac.jp,university/college,2026-09-26,Inaccessible,hipo:2026-09-17;hipo:2026-09-18;hipo:2026-09-19;hipo:2026-09-20;hipo:2026-09-21;hipo:2026-09-22;hipo:2026-09-23;hipo:2026-09-24;hipo:2026-09-25;hipo:2026-09-26;hipo:2026-09-27;hipo:2026-09-28;hipo:2026-09-29;hipo:2026-09-30;hipo:2026-10-01;hipo:2026-10-02;hipo:2026-10-03;hipo:2026-10-04;hipo:2026-10-05;hipo:2026-10-06;hipo:2026-10-07;hipo:2026-10-08;hipo:2026-10-09,,0,unreachable-dns,uitec.ac.jp,
University of Marketing and Distribution Sciences,umds.ac.jp,university/college,2026-09-26,Active,hipo:2026-09-17;hipo:2026-09-18;hipo:2026-09-19;hipo:2026-09-20;hipo:2026-09-21;hipo:2026-09-22;hipo:2026-09-23;hipo:2026-09-24;hipo:2026-09-25;hipo:2026-09-26;hipo:2026-09-27;hipo:2026-09-28;hipo:2026-09-29;hipo:2026-09-30;hipo:2026-10-01;hipo:2026-10-02;hipo:2026-10-03;hipo:2026-10-04;hipo:2026-10-05;hipo:2026-10-06;hipo:2026-10-07;hipo:2026-10-08;hipo:2026-10-09,,100,http-2xx-html+multi-source+schema.org-edu+edu-keywords+structure+substantial-content,umds.ac.jp,ja
United Nations University,unu.edu,university/college,2026-09-26,Active,hipo:2026-09-17;hipo:2026-09-18;hipo:2026-09-19;hipo:2026-09-20;hipo:2026-09-21;hipo:2026-09-22;hipo:2026-09-23;hipo:2026-09-24;hipo:2026-09-25;hipo:2026-09-26;hipo:2026-09-27;hipo:2026-09-28;hipo:2026-09-29;hipo:2026-09-30;hipo:2026-10-01;hipo:2026-10-02;deqar:2026-10-02;hipo:2026-10-03;hipo:2026-10-04;hipo:2026-10-05;hipo:2026-10-06;hipo:2026-10-07;hipo:2026-10-08;hipo:2026-10-09,34,90,http-2xx-html+multi-source+edu-keywords+structure+substantial-content,unu.edu,en
"University of Occupational and Environmental Health, Japan",uoeh-u.ac.jp,university/college,2026-09-26,Inaccessible,hipo:2026-09-17;hipo:2026-09-18;hipo:2026-09-19;hipo:2026-09-20;hipo:2026-09-21;hipo:2026-09-22;hipo:2026-09-23;hipo:2026-09-24;hipo:2026-09-25;hipo:2026-09-26;hipo:2026-09-27;hipo:2026-09-28;hipo:2026-09-29;hipo:2026-09-30;hipo:2026-10-01;hipo:2026-10-02;hipo:2026-10-03;openalex:page100;hipo:2026-10-04;hipo:2026-10-05;hipo:2026-10-06;hipo:2026-10-07;hipo:2026-10-08;hipo:2026-10-09,,0,unreachable-dns,uoeh-u.ac.jp,
University of Shiga Prefecture,usp.ac.jp,university/college,2026-09-26,Active,hipo:2026-09-17;hipo:2026-09-18;hipo:2026-09-19;hipo:2026-09-20;hipo:2026-09-21;hipo:2026-09-22;hipo:2026-09-23;hipo:2026-09-24;hipo:2026-09-25;hipo:2026-09-26;hipo:2026-09-27;hipo:2026-09-28;hipo:2026-09-29;hipo:2026-09-30;hipo:2026-10-01;hipo:2026-10-02;hipo:2026-10-03;hipo:2026-10-04;hipo:2026-10-05;hipo:2026-10-06;hipo:2026-10-07;hipo:2026-10-08;hipo:2026-10-09,,90,http-2xx-html+multi-source+edu-keywords+trusted-suffix+substantial-content,usp.ac.jp,ja
Utsunomiya University,utsunomiya-u.ac.jp,university/college,2026-09-26,Inaccessible,hipo:2026-09-17;hipo:2026-09-18;hipo:2026-09-19;hipo:2026-09-20;hipo:2026-09-21;hipo:2026-09-22;hipo:2026-09-23;hipo:2026-09-24;hipo:2026-09-25;hipo:2026-09-26;hipo:2026-09-27;hipo:2026-09-28;hipo:2026-09-29;hipo:2026-09-30;hipo:2026-10-01;hipo:2026-10-02;hipo:2026-10-03;hipo:2026-10-04;hipo:2026-10-05;hipo:2026-10-06;hipo:2026-10-07;hipo:2026-10-08;hipo:2026-10-09,,0,unreachable-dns,utsunomiya-u.ac.jp,
Wakayama Medical College,wakayama-med.ac.jp,university/college,2026-09-26,Inaccessible,hipo:2026-09-17;hipo:2026-09-18;hipo:2026-09-19;hipo:2026-09-20;hipo:2026-09-21;hipo:2026-09-22;hipo:2026-09-23;hipo:2026-09-24;hipo:2026-09-25;hipo:2026-09-26;hipo:2026-09-27;hipo:2026-09-28;hipo:2026-09-29;hipo:2026-09-30;hipo:2026-10-01;hipo:2026-10-02;hipo:2026-10-03;hipo:2026-10-04;hipo:2026-10-05;hipo:2026-10-06;hipo:2026-10-07;openalex:page119;hipo:2026-10-08;hipo:2026-10-09,,0,unreachable-dns,wakayama-med.ac.jp,
Wakayama Prefecture Wakayama School for the Blind,wakayama-sb.wakayama-c.ed.jp,university/college,2026-10-06,Inaccessible,ror:api-p46,,10,moved-meta:pref.wakayama.lg.jp,wakayama-sb.wakayama-c.ed.jp,ja
Wakayama University,wakayama-u.ac.jp,university/college,2026-09-26,Inaccessible,hipo:2026-09-17;hipo:2026-09-18;hipo:2026-09-19;hipo:2026-09-20;hipo:2026-09-21;hipo:2026-09-22;hipo:2026-09-23;hipo:2026-09-24;hipo:2026-09-25;hipo:2026-09-26;hipo:2026-09-27;hipo:2026-09-28;hipo:2026-09-29;hipo:2026-09-30;wikidata:P856;hipo:2026-10-01;hipo:2026-10-02;hipo:2026-10-03;hipo:2026-10-04;hipo:2026-10-05;hipo:2026-10-06;hipo:2026-10-07;hipo:2026-10-08;hipo:2026-10-09,,0,fetch-error:ConnectionError,wakayama-u.ac.jp,
Wakkanai Hokusei Gakuen University,wakhok.ac.jp,university/college,2026-09-26,Inaccessible,hipo:2026-09-17;hipo:2026-09-18;hipo:2026-09-19;hipo:2026-09-20;hipo:2026-09-21;hipo:2026-09-22;hipo:2026-09-23;hipo:2026-09-24;hipo:2026-09-25;hipo:2026-09-26;hipo:2026-09-27;hipo:2026-09-28;hipo:2026-09-29;hipo:2026-09-30;hipo:2026-10-01;hipo:2026-10-02;hipo:2026-10-03;hipo:2026-10-04;hipo:2026-10-05;hipo:2026-10-06;hipo:2026-10-07;hipo:2026-10-08;hipo:2026-10-09,,0,unreachable-dns,wakhok.ac.jp,
Wako University,wako.ac.jp,university/college,2026-09-26,Active,hipo:2026-09-17;hipo:2026-09-18;hipo:2026-09-19;hipo:2026-09-20;hipo:2026-09-21;hipo:2026-09-22;hipo:2026-09-23;hipo:2026-09-24;hipo:2026-09-25;hipo:2026-09-26;hipo:2026-09-27;hipo:2026-09-28;hipo:2026-09-29;hipo:2026-09-30;hipo:2026-10-01;hipo:2026-10-02;hipo:2026-10-03;hipo:2026-10-04;hipo:2026-10-05;hipo:2026-10-06;hipo:2026-10-07;hipo:2026-10-08;hipo:2026-10-09,,90,http-2xx-html+multi-source+edu-keywords+structure+substantial-content,wako.ac.jp,ja
Waseda University,waseda.ac.jp,university/college,2026-09-26,Inaccessible,hipo:2026-09-17;hipo:2026-09-18;hipo:2026-09-19;hipo:2026-09-20;hipo:2026-09-21;hipo:2026-09-22;hipo:2026-09-23;hipo:2026-09-24;hipo:2026-09-25;hipo:2026-09-26;hipo:2026-09-27;hipo:2026-09-28;hipo:2026-09-29;hipo:2026-09-30;hipo:2026-10-01;hipo:2026-10-02;hipo:2026-10-03;hipo:2026-10-04;hipo:2026-10-05;hipo:2026-10-06;hipo:2026-10-07;hipo:2026-10-08;hipo:2026-10-09,,0,unreachable-dns,waseda.ac.jp,
Wayo Women's University,wayo.ac.jp,university/college,2026-09-26,Inaccessible,hipo:2026-09-17;hipo:2026-09-18;hipo:2026-09-19;hipo:2026-09-20;hipo:2026-09-21;hipo:2026-09-22;hipo:2026-09-23;hipo:2026-09-24;hipo:2026-09-25;hipo:2026-09-26;hipo:2026-09-27;hipo:2026-09-28;hipo:2026-09-29;hipo:2026-09-30;hipo:2026-10-01;hipo:2026-10-02;hipo:2026-10-03;hipo:2026-10-04;hipo:2026-10-05;hipo:2026-10-06;hipo:2026-10-07;hipo:2026-10-08;hipo:2026-10-09,,0,unreachable-dns,wayo.ac.jp,
Osaka Jogakuin University,wilmina.ac.jp,university/college,2026-10-06,Inaccessible,hipo:2026-09-20;hipo:2026-09-21;hipo:2026-09-22;hipo:2026-09-23;hipo:2026-09-24;hipo:2026-09-25;hipo:2026-09-26;hipo:2026-09-27;hipo:2026-09-28;hipo:2026-09-29;hipo:2026-09-30;hipo:2026-10-01;hipo:2026-10-02;hipo:2026-10-03;hipo:2026-10-04;hipo:2026-10-05;hipo:2026-10-06;hipo:2026-10-07;hipo:2026-10-08;hipo:2026-10-09,,0,unreachable-dns,wilmina.ac.jp,
Science University of Tokyo in Yamaguchi,yama.sut.ac.jp,university/college,2026-09-26,Inaccessible,hipo:2026-09-17;hipo:2026-09-18;hipo:2026-09-19;hipo:2026-09-20;hipo:2026-09-21;hipo:2026-09-22;hipo:2026-09-23;hipo:2026-09-24;hipo:2026-09-25;hipo:2026-09-26;hipo:2026-09-27;hipo:2026-09-28;hipo:2026-09-29;hipo:2026-09-30;hipo:2026-10-01;hipo:2026-10-02;hipo:2026-10-03;hipo:2026-10-04;hipo:2026-10-05;hipo:2026-10-06;hipo:2026-10-07;hipo:2026-10-08;hipo:2026-10-09,,0,unreachable-dns,yama.sut.ac.jp,
Yamagata University,yamagata-u.ac.jp,university/college,2026-09-26,Inaccessible,hipo:2026-09-17;hipo:2026-09-18;hipo:2026-09-19;hipo:2026-09-20;hipo:2026-09-21;hipo:2026-09-22;hipo:2026-09-23;hipo:2026-09-24;hipo:2026-09-25;hipo:2026-09-26;hipo:2026-09-27;openalex:page76;hipo:2026-09-28;hipo:2026-09-29;hipo:2026-09-30;hipo:2026-10-01;hipo:2026-10-02;hipo:2026-10-03;hipo:2026-10-04;hipo:2026-10-05;hipo:2026-10-06;hipo:2026-10-07;hipo:2026-10-08;hipo:2026-10-09,,0,unreachable-dns,yamagata-u.ac.jp,
Yamaguchi Prefectural University,yamaguchi-pu.ac.jp,university/college,2026-09-26,Inaccessible,hipo:2026-09-17;hipo:2026-09-18;hipo:2026-09-19;hipo:2026-09-20;hipo:2026-09-21;hipo:2026-09-22;hipo:2026-09-23;hipo:2026-09-24;hipo:2026-09-25;hipo:2026-09-26;hipo:2026-09-27;hipo:2026-09-28;hipo:2026-09-29;hipo:2026-09-30;hipo:2026-10-01;hipo:2026-10-02;hipo:2026-10-03;hipo:2026-10-04;hipo:2026-10-05;hipo:2026-10-06;hipo:2026-10-07;hipo:2026-10-08;hipo:2026-10-09,,0,unreachable-dns,yamaguchi-pu.ac.jp,
Yamaguchi University,yamaguchi-u.ac.jp,university/college,2026-09-26,Inaccessible,hipo:2026-09-17;hipo:2026-09-18;hipo:2026-09-19;hipo:2026-09-20;hipo:2026-09-21;hipo:2026-09-22;hipo:2026-09-23;openalex:page55;hipo:2026-09-24;hipo:2026-09-25;hipo:2026-09-26;hipo:2026-09-27;hipo:2026-09-28;hipo:2026-09-29;hipo:2026-09-30;hipo:2026-10-01;hipo:2026-10-02;deqar:2026-10-02;hipo:2026-10-03;hipo:2026-10-04;hipo:2026-10-05;hipo:2026-10-06;hipo:2026-10-07;hipo:2026-10-08;hipo:2026-10-09,,0,unreachable-dns,yamaguchi-u.ac.jp,
Yamanashi Medical University,yamanashi-med.ac.jp,university/college,2026-09-26,Inaccessible,hipo:2026-09-17;hipo:2026-09-18;hipo:2026-09-19;hipo:2026-09-20;hipo:2026-09-21;hipo:2026-09-22;hipo:2026-09-23;hipo:2026-09-24;hipo:2026-09-25;hipo:2026-09-26;hipo:2026-09-27;hipo:2026-09-28;hipo:2026-09-29;hipo:2026-09-30;hipo:2026-10-01;hipo:2026-10-02;hipo:2026-10-03;hipo:2026-10-04;hipo:2026-10-05;hipo:2026-10-06;hipo:2026-10-07;hipo:2026-10-08;hipo:2026-10-09,,0,unreachable-dns,yamanashi-med.ac.jp,
Yamanashi University,yamanashi.ac.jp,university/college,2026-09-26,Inaccessible,hipo:2026-09-17;hipo:2026-09-18;hipo:2026-09-19;hipo:2026-09-20;hipo:2026-09-21;hipo:2026-09-22;hipo:2026-09-23;hipo:2026-09-24;hipo:2026-09-25;hipo:2026-09-26;hipo:2026-09-27;hipo:2026-09-28;openalex:page79;hipo:2026-09-29;hipo:2026-09-30;hipo:2026-10-01;hipo:2026-10-02;hipo:2026-10-03;hipo:2026-10-04;hipo:2026-10-05;hipo:2026-10-06;hipo:2026-10-07;hipo:2026-10-08;hipo:2026-10-09,,0,unreachable-dns,yamanashi.ac.jp,
Yasuda Women's University,yasuda-u.ac.jp,university/college,2026-09-26,Inaccessible,hipo:2026-09-17;hipo:2026-09-18;hipo:2026-09-19;hipo:2026-09-20;hipo:2026-09-21;hipo:2026-09-22;hipo:2026-09-23;hipo:2026-09-24;hipo:2026-09-25;hipo:2026-09-26;hipo:2026-09-27;hipo:2026-09-28;hipo:2026-09-29;hipo:2026-09-30;hipo:2026-10-01;hipo:2026-10-02;hipo:2026-10-03;hipo:2026-10-04;hipo:2026-10-05;hipo:2026-10-06;hipo:2026-10-07;hipo:2026-10-08;hipo:2026-10-09,,0,unreachable-dns,yasuda-u.ac.jp,
Yamanashi Gakuin University,ygu.ac.jp,university/college,2026-09-26,Inaccessible,hipo:2026-09-17;hipo:2026-09-18;hipo:2026-09-19;hipo:2026-09-20;hipo:2026-09-21;hipo:2026-09-22;hipo:2026-09-23;hipo:2026-09-24;hipo:2026-09-25;hipo:2026-09-26;hipo:2026-09-27;hipo:2026-09-28;hipo:2026-09-29;hipo:2026-09-30;hipo:2026-10-01;hipo:2026-10-02;hipo:2026-10-03;hipo:2026-10-04;hipo:2026-10-05;hipo:2026-10-06;hipo:2026-10-07;hipo:2026-10-08;hipo:2026-10-09,,0,unreachable-dns,ygu.ac.jp,
Vocational School YIC Rehabilitation College,yic.ac.jp,university/college,2026-10-06,Active,ror:api-p46,,50,http-2xx-html+edu-keywords+trusted-suffix,yic.ac.jp,ja
Yokohama National University,ynu.ac.jp,university/college,2026-09-26,Inaccessible,hipo:2026-09-17;hipo:2026-09-18;hipo:2026-09-19;hipo:2026-09-20;hipo:2026-09-21;hipo:2026-09-22;hipo:2026-09-23;hipo:2026-09-24;hipo:2026-09-25;hipo:2026-09-26;openalex:page70;hipo:2026-09-27;hipo:2026-09-28;hipo:2026-09-29;hipo:2026-09-30;hipo:2026-10-01;hipo:2026-10-02;hipo:2026-10-03;hipo:2026-10-04;hipo:2026-10-05;hipo:2026-10-06;hipo:2026-10-07;hipo:2026-10-08;hipo:2026-10-09,,0,unreachable-dns,ynu.ac.jp,
Yokkaichi University,yokkaichi-u.ac.jp,university/college,2026-09-26,Inaccessible,hipo:2026-09-17;hipo:2026-09-18;hipo:2026-09-19;hipo:2026-09-20;hipo:2026-09-21;hipo:2026-09-22;hipo:2026-09-23;hipo:2026-09-24;hipo:2026-09-25;hipo:2026-09-26;hipo:2026-09-27;hipo:2026-09-28;hipo:2026-09-29;hipo:2026-09-30;hipo:2026-10-01;hipo:2026-10-02;hipo:2026-10-03;hipo:2026-10-04;hipo:2026-10-05;hipo:2026-10-06;hipo:2026-10-07;hipo:2026-10-08;hipo:2026-10-09,,0,fetch-error:ConnectTimeout,yokkaichi-u.ac.jp,
Yokohama City University,yokohama-cu.ac.jp,university/college,2026-09-26,Active,hipo:2026-09-17;hipo:2026-09-18;hipo:2026-09-19;hipo:2026-09-20;hipo:2026-09-21;hipo:2026-09-22;hipo:2026-09-23;hipo:2026-09-24;openalex:page59;hipo:2026-09-25;hipo:2026-09-26;hipo:2026-09-27;hipo:2026-09-28;hipo:2026-09-29;hipo:2026-09-30;hipo:2026-10-01;hipo:2026-10-02;hipo:2026-10-03;hipo:2026-10-04;hipo:2026-10-05;hipo:2026-10-06;hipo:2026-10-07;hipo:2026-10-08;hipo:2026-10-09,,90,http-2xx-html+multi-source+edu-keywords+structure+substantial-content,yokohama-cu.ac.jp,ja
Tokyo University of Art and Design,zokei.ac.jp,university/college,2026-09-26,Inaccessible,hipo:2026-09-17;hipo:2026-09-18;hipo:2026-09-19;hipo:2026-09-20;hipo:2026-09-21;hipo:2026-09-22;hipo:2026-09-23;hipo:2026-09-24;hipo:2026-09-25;hipo:2026-09-26;hipo:2026-09-27;hipo:2026-09-28;hipo:2026-09-29;hipo:2026-09-30;hipo:2026-10-01;hipo:2026-10-02;hipo:2026-10-03;hipo:2026-10-04;hipo:2026-10-05;hipo:2026-10-06;hipo:2026-10-07;hipo:2026-10-08;hipo:2026-10-09,,0,unreachable-dns,zokei.ac.jp,
